# verb	third person	present participle	past	past participle
ab	abs	abbing	abbed	abbed
abear	abears	abearing	abore	aborn
abegge	abegges	abegging	abought	abought
abhor	abhors	abhorring	abhorred	abhorred
abide	abides	abiding	abode	abode
abite	abites	abiting	abit	abitten
abuy	abuys	abuying	abought	abought
acknow	acknows	acknowing	acknew	acknown
acknowledg	acknowledges	acknowledging	acknowledged	acknowledged
acquit	acquits	acquitting	acquitted	acquitted
adfreeze	adfreezes	adfreezing	adfroze	adfrozen
adjudg	adjudges	adjudging	adjudged	adjudged
adlib	adlibs	adlibbing	adlibbed	adlibbed
admit	admits	admitting	admitted	admitted
adraw	adraws	adrawing	adrew	adrawn
adultnap	adultnaps	adultnapping	adultnapped	adultnapped
affrap	affraps	affrapping	affrapped	affrapped
aftcast	aftcasts	aftcasting	aftcast	aftcast
aftersee	aftersees	afterseeing	aftersaw	afterseen
afterthink	afterthinks	afterthinking	afterthought	afterthought
againsay	againsays	againsaying	againsaid	againsaid
againstand	againstands	againstanding	againstood	againstood
agitprop	agitprops	agitpropping	agitpropped	agitpropped
aimbot	aimbots	aimbotting	aimbotted	aimbotted
aircon	aircons	airconning	airconned	airconned
airdrop	airdrops	airdropping	airdropped	airdropped
airship	airships	airshipping	airshipped	airshipped
airstep	airsteps	airstepping	airstepped	airstepped
airstrike	airstrikes	airstriking	airstruck	airstruck
aknow	aknows	aknowing	aknew	aknown
aks	aks	aksing	aksed	aksed
alight	alights	alighting	alit	alit
alledg	alledges	alledging	alledged	alledged
alleycat	alleycats	alleycatting	alleycatted	alleycatted
alloc	alloc's	alloc'ing	alloc'ed	alloc'ed
allot	allots	allotting	allotted	allotted
alum	alums	aluming	alumed	alumed
amen	amens	amening	amened	amened
amok	amoks	amoking	amoked	amoked
anagram	anagrams	anagramming	anagrammed	anagrammed
annul	annuls	annulling	annulled	annulled
ante	antes	anteing	anted	anted
antic	antics	anticking	anticked	anticked
antiship	antiships	antishipping	antishipped	antishipped
appal	appals	appalling	appalled	appalled
appel	appels	appelling	appelled	appelled
applique	appliques	appliqueing	appliqued	appliqued
applot	applots	applotting	applotted	applotted
aread	areads	areading	ared	ared
arede	aredes	areding	aredd	aredd
areed	areeds	areeds	ared	ared
arise	arises	arising	arose	arisen
arize	arizes	arizing	aroze	arizen
armbar	armbars	armbarring	armbarred	armbarred
arread	arreads	arreading	arread	arread
arreede	arreedes	arreeding	arred	arred
arva	arvas	arvaing	arva'd	arva'd
ashcan	ashcans	ashcanning	ashcanned	ashcanned
assoilzie	assoilzies	assoilzieing	assoilzied	assoilzied
assrun	assruns	assrunning	assran	assrun
astand	astands	astanding	astood	astood
astun	astuns	astunning	astunned	astunned
at	ats	atting	atted	atted
atgo	atgoes	atgoing	atwent	atgone
atrede	atredes	atreding	atred	atred
atren	atrens	atrenning	atran	atrun
atride	atrides	atriding	atrode	atridden
atrin	atrins	atrinning	atran	atrun
atsake	atsakes	atsaking	atsook	atsaken
atshake	atshakes	atshaking	atshook	atshaken
atshoot	atshoots	atshooting	atshot	atshot
atsit	atsits	atsitting	atsat	atsat
atslip	atslips	atslipping	atslipped	atslipped
atspring	atsprings	atspringing	atsprang	atsprung
atstand	atstands	atstanding	atstood	atstood
atstut	atstuts	atstutting	atstutted	atstutted
attrap	attraps	attrapping	attrapped	attrapped
atwind	atwinds	atwinding	atwound	atwound
autoban	autobans	autobanning	autobanned	autobanned
autocommit	autocommits	autocommitting	autocommitted	autocommitted
autodub	autodubs	autodubbing	autodubbed	autodubbed
autofit	autofits	autofitting	autofitted	autofitted
autoformat	autoformats	autoformatting	autoformatted	autoformatted
autohide	autohides	autohiding	autohid	autohidden
autopen	autopens	autopenning	autopenned	autopenned
autorun	autoruns	autorunning	autoran	autorun
autostop	autostops	autostopping	autostopped	autostopped
autowind	autowinds	autowinding	autowound	autowound
autowrap	autowraps	autowrapping	autowrapped	autowrapped
avatarfag	avatarfags	avatarfagging	avatarfagged	avatarfagged
awake	awakes	awaking	awoke	awoken
awestrike	awestrikes	awestriking	awestruck	awestruck
awreak	awreaks	awreaking	awroke	awroke
axel	axels	axeling	axeled	axeled
babysit	babysits	babysitting	babysat	babysat
babywear	babywears	babywearing	babywore	babyworn
backbite	backbites	backbiting	backbit	backbitten
backcast	backcasts	backcasting	backcast	backcast
backchat	backchats	backchatting	backchatted	backchatted
backdrop	backdrops	backdropping	backdropped	backdropped
backfit	backfits	backfitting	backfitted	backfitted
backflip	backflips	backflipping	backflipped	backflipped
backgrind	backgrinds	backgrinding	background	background
backlog	backlogs	backlogging	backlogged	backlogged
backmap	backmaps	backmapping	backmapped	backmapped
backpat	backpats	backpatting	backpatted	backpatted
backread	backreads	backreading	backread	backread
backride	backrides	backriding	backrode	backridden
backscan	backscans	backscanning	backscanned	backscanned
backsell	backsells	backselling	backsold	backsold
backset	backsets	backsetting	backset	backset
backshine	backshines	backshining	backshone	backshone
backshoot	backshoots	backshooting	backshot	backshot
backshot	backshots	backshotting	backshotted	backshotted
backslap	backslaps	backslapping	backslapped	backslapped
backslide	backslides	backsliding	backslid	backslidden
backspin	backspins	backspinning	backspun	backspun
backstab	backstabs	backstabbing	backstabbed	backstabbed
backstep	backsteps	backstepping	backstepped	backstepped
backstop	backstops	backstopping	backstopped	backstopped
backstrap	backstraps	backstrapping	backstrapped	backstrapped
backswing	backswings	backswinging	backswung	backswung
backtab	backtabs	backtabbing	backtabbed	backtabbed
backtag	backtags	backtagging	backtagged	backtagged
backtransfer	backtransfers	backtransferring	backtransferred	backtransferred
backup	backups	backupping	backupped	backupped
backwind	backwinds	backwinding	backwound	backwound
backwrap	backwraps	backwrapping	backwrapped	backwrapped
bae	baes	baeing	baed	baed
bafflegab	bafflegabs	bafflegabbing	bafflegabbed	bafflegabbed
ballarag	ballarags	ballaragging	ballaragged	ballaragged
ballyrag	ballyrags	ballyragging	ballyragged	ballyragged
bandsaw	bandsaws	bandsawing	bandsawed	bandsawn
barhop	barhops	barhopping	barhopped	barhopped
barista	baristas	barista-ing	baristaed	baristaed
barricado	barricadoes	barricadoing	barricadoed	barricadoed
bastinado	bastinadoes	bastinadoing	bastinadoed	bastinadoed
batman	batmans	batmanning	batmanned	batmanned
battel	battels	battelling	battelled	battelled
bauf	baufs	bauffing	bauffed	bauffed
bcc	bcc's	bcc'ing	bcc'd	bcc'd
be	is	being	was	been
beanbag	beanbags	beanbagging	beanbagged	beanbagged
bear	bears	bearing	bore	borne
bearhug	bearhugs	bearhugging	bearhugged	bearhugged
beat	beats	beating	beat	beaten
bebar	bebars	bebarring	bebarred	bebarred
bebleed	bebleeds	bebleeding	bebled	bebled
beblot	beblots	beblotting	beblotted	beblotted
beblow	beblows	beblowing	beblew	beblown
beblur	beblurs	beblurring	beblurred	beblurred
bebop	bebops	bebopping	bebopped	bebopped
bebreak	bebreaks	bebreaking	bebroke	bebroken
becap	becaps	becapping	becapped	becapped
becast	becasts	becasting	becast	becast
becatch	becatches	becatching	becaught	becaught
bechat	bechats	bechatting	bechatted	bechatted
bechide	bechides	bechiding	bechid	bechid
beclam	beclams	beclamming	beclammed	beclammed
beclap	beclaps	beclapping	beclapped	beclapped
beclepe	beclepes	becleping	beclept	beclept
beclip	beclips	beclipping	beclipped	beclipped
beclog	beclogs	beclogging	beclogged	beclogged
become	becomes	becoming	became	become
becreep	becreeps	becreeping	becrept	becrept
becut	becuts	becutting	becut	becut
bedag	bedags	bedagging	bedagged	bedagged
bede	bedes	beding	bade	bode
bedeal	bedeals	bedealing	bedealt	bedealt
bedhop	bedhops	bedhopping	bedhopped	bedhopped
bedight	bedights	bedighting	bedight	bedight
bedim	bedims	bedimming	bedimmed	bedimmed
bedip	bedips	bedipping	bedipped	bedipped
bedo	bedoes	bedoing	bedid	bedone
bedog	bedogs	bedogging	bedogged	bedogged
bedraw	bedraws	bedrawing	bedrew	bedrawn
bedream	bedreams	bedreaming	bedreamt	bedreamt
bedrink	bedrinks	bedrinking	bedrank	bedrunk
bedrip	bedrips	bedripping	bedripped	bedripped
bedrite	bedrites	bedriting	bedrote	bedritten
bedrive	bedrives	bedriving	bedrove	bedriven
bedrop	bedrops	bedropping	bedropped	bedropped
bedrug	bedrugs	bedrugging	bedrugged	bedrugged
bedrum	bedrums	bedrumming	bedrummed	bedrummed
bedwell	bedwells	bedwelling	bedwelt	bedwelt
bedwet	bedwets	bedwetting	bedwet	bedwet
befal	befals	befaling	befel	befalen
befall	befalls	befalling	befell	befallen
befight	befights	befighting	befought	befought
befind	befinds	befinding	befound	befound
befit	befits	befitting	befitted	befitted
beflag	beflags	beflagging	beflagged	beflagged
beflee	beflees	befleeing	befled	befled
befly	beflies	beflying	beflew	beflown
befog	befogs	befogging	befogged	befogged
befreeze	befreezes	befreezing	befroze	befrozen
befret	befrets	befretting	befretted	befretted
befur	befurs	befurring	befurred	befurred
begab	begabs	begabbing	begabbed	begabbed
begat	begats	begatting	begatted	begatted
begem	begems	begemming	begemmed	begemmed
beget	begets	begetting	begot	begotten
begin	begins	beginning	began	begun
begird	begirds	begirding	begirt	begirt
begive	begives	begiving	begave	begiven
bego	begoes	begoing	bewent	begone
begod	begods	begodding	begodded	begodded
begrip	begrips	begripping	begripped	begripped
begum	begums	begumming	begummed	begummed
behang	behangs	behanging	behung	behung
behap	behaps	behapping	behapped	behapped
behat	behats	behatting	behatted	behatted
behear	behears	behearing	beheard	beheard
behew	behews	behewing	behewed	behewn
behight	behights	behighting	behight	behight
behold	beholds	beholding	beheld	beheld
beholde	beholdes	beholding	behelde	behelde
beken	bekens	bekenning	bekenned	bekenned
beknit	beknits	beknitting	beknit	beknit
beknow	beknows	beknowing	beknew	beknown
belam	belams	belamming	belammed	belammed
belap	belaps	belapping	belapped	belapped
belead	beleads	beleading	beled	beled
beleap	beleaps	beleaping	beleapt	beleapt
beleave	beleaves	beleaving	beleft	beleft
belie	belies	belying	belay	belain
belive	belives	beliving	belove	beliven
bellhop	bellhops	bellhopping	bellhopped	bellhopped
bellyflop	bellyflops	bellyflopping	bellyflopped	bellyflopped
belye	belyes	belying	belyed	belyed
bemad	bemads	bemadding	bemadded	bemadded
beman	bemans	bemanning	bemanned	bemanned
bemar	bemars	bemarring	bemarred	bemarred
bemean	bemeans	bemeaning	bemeant	bemeant
bemeet	bemeets	bemeeting	bemet	bemet
bemud	bemuds	bemudding	bemudded	bemudded
benchslap	benchslaps	benchslapping	benchslapped	benchslapped
bend	bends	bending	bent	bent
benegro	benegroes	benegroing	benegroed	benegroed
benet	benets	benetting	benetted	benetted
benim	benims	benimming	benam	benomen
bepat	bepats	bepatting	bepatted	bepatted
beread	bereads	bereading	beread	beread
berede	beredes	bereding	bered	bered
berend	berends	berending	berent	berent
beride	berides	beriding	berode	beridden
berob	berobs	berobbing	berobbed	berobbed
besay	besays	besaying	besaid	besaid
bescrub	bescrubs	bescrubbing	bescrubbed	bescrubbed
besee	besees	beseeing	besaw	beseen
beseek	beseeks	beseeking	besought	besought
beseeke	beseekes	beseeking	besoughte	besoughte
besend	besends	besending	besent	besent
beset	besets	besetting	beset	beset
besew	besews	besewing	besewed	besewn
beshake	beshakes	beshaking	beshook	beshaken
beshear	beshears	beshearing	beshore	beshorn
beshine	beshines	beshining	beshone	beshone
beshit	beshits	beshitting	beshit	beshit
beshite	beshites	beshiting	beshit	beshitten
beshut	beshuts	beshutting	beshut	beshut
besing	besings	besinging	besang	besung
besinge	besinges	besingeing	besinged	besinged
besit	besits	besitting	besat	besat
beslap	beslaps	beslapping	beslapped	beslapped
besleep	besleeps	besleeping	beslept	beslept
besmog	besmogs	besmogging	besmogged	besmogged
besmut	besmuts	besmutting	besmutted	besmutted
besot	besots	besotting	besotted	besotted
besow	besows	besowing	besowed	besown
bespeak	bespeaks	bespeaking	bespoke	bespoken
bespend	bespends	bespending	bespent	bespent
bespin	bespins	bespinning	bespun	bespun
bespit	bespits	bespitting	bespat	bespitten
bespot	bespots	bespotting	bespotted	bespotted
bespread	bespreads	bespreading	bespread	bespread
besprenge	besprenges	besprenging	besprent	besprent
bestand	bestands	bestanding	bestood	bestood
bestar	bestars	bestarring	bestarred	bestarred
bestead	besteads	besteading	besteaded	bestead
besteal	besteals	bestealing	bestole	bestolen
bestem	bestems	bestemming	bestemmed	bestemmed
bestep	besteps	bestepping	bestepped	bestepped
bestick	besticks	besticking	bestuck	bestuck
bestir	bestirs	bestirring	bestirred	bestirred
bestrew	bestrews	bestrewing	bestrewed	bestrewn
bestride	bestrides	bestriding	bestrode	bestrode
bestrip	bestrips	bestripping	bestripped	bestripped
bestrow	bestrows	bestrowing	bestrowed	bestrown
bestrut	bestruts	bestrutting	bestrutted	bestrutted
bestud	bestuds	bestudding	bestudded	bestudded
beswear	beswears	beswearing	beswore	besworn
beswinge	beswinges	beswingeing	beswinged	beswinged
beswink	beswinks	beswinking	beswank	beswunk
bet	bets	betting	bet	bet
betag	betags	betagging	betagged	betagged
betake	betakes	betaking	betook	betaken
beteach	beteaches	beteaching	betaught	betaught
betear	betears	betearing	betore	betorn
betell	betells	betelling	betold	betold
bethink	bethinks	bethinking	bethought	bethought
bethrow	bethrows	bethrowing	bethrew	bethrown
betide	betides	betiding	betid	betid
betop	betops	betopping	betopped	betopped
betrap	betraps	betrapping	betrapped	betrapped
betread	betreads	betreading	betrod	betrodden
betrim	betrims	betrimming	betrimmed	betrimmed
betwynde	betwyndes	betwynding	betwound	betwound
bewag	bewags	bewagging	bewagged	bewagged
bewed	beweds	bewedding	bewed	bewed
beweep	beweeps	beweeping	bewept	bewept
bewend	bewends	bewending	bewent	bewent
bewet	bewets	bewetting	bewet	bewet
bewig	bewigs	bewigging	bewigged	bewigged
bewin	bewins	bewinning	bewon	bewon
bewind	bewinds	bewinding	bewound	bewound
bewit	bewits	bewitting	bewitted	bewitted
bewrap	bewraps	bewrapping	bewrapped	bewrapped
bewrite	bewrites	bewriting	bewrote	bewritten
bid	bids	bidding	bid	bid
bide	bides	biding	bode	bided
bikeshed	bikesheds	bikeshedding	bikeshedded	bikeshedded
bind	binds	binding	bound	bound
binge	binges	bingeing	binged	binged
biochip	biochips	biochipping	biochipped	biochipped
biocontrol	biocontrols	biocontrolling	biocontrolled	biocontrolled
biospin	biospins	biospinning	biospun	biospun
biotag	biotags	biotagging	biotagged	biotagged
birddog	birddogs	birddogging	birddogged	birddogged
birdie	birdies	birdieing	birdied	birdied
birdiesit	birdiesits	birdiesitting	birdiesat	birdiesat
birdnap	birdnaps	birdnapping	birdnapped	birdnapped
birdsit	birdsits	birdsitting	birdsat	birdsat
birdysit	birdysits	birdysitting	birdysat	birdysat
bitchslap	bitchslaps	bitchslapping	bitchslapped	bitchslapped
bite	bites	biting	bit	bitten
bitrot	bitrots	bitrotting	bitrotted	bitrotted
bivouac	bivouacs	bivouacing	bivouacked	bivouacked
blackbag	blackbags	blackbagging	blackbagged	blackbagged
blackleg	blacklegs	blacklegging	blacklegged	blacklegged
blacktop	blacktops	blacktopping	blacktopped	blacktopped
blah	blahs	blahing	blahed	blahed
bleed	bleeds	bleeding	bled	bled
bless	blesses	blessing	blest	blest
blive	blives	bliving	blove	bliven
bloodfeed	bloodfeeds	bloodfeeding	bloodfed	bloodfed
bloodlet	bloodlets	bloodletting	bloodlet	bloodlet
blow	blows	blowing	blew	blown
blowe	blowes	blowing	blewe	blowne
blox	bloxxes	bloxxing	bloxxed	bloxxed
blue	blues	blueing	blued	blued
bobsled	bobsleds	bobsledding	bobsledded	bobsledded
bodybuild	bodybuilds	bodybuilding	bodybuilt	bodybuilt
bodyslam	bodyslams	bodyslamming	bodyslammed	bodyslammed
bogan	bogans	boganning	boganned	boganned
boobfeed	boobfeeds	boobfeeding	boobfed	boobfed
boobytrap	boobytraps	boobytrapping	boobytrapped	boobytrapped
bookkeep	bookkeeps	bookkeeping	bookkept	bookkept
booknap	booknaps	booknapping	booknapped	booknapped
bootleg	bootlegs	bootlegging	bootlegged	bootlegged
bootstrap	bootstraps	bootstrapping	bootstrapped	bootstrapped
born	borns	bornin	bornt	bornt
bourrée	bourrées	bourréeing	bourréed	bourréed
bowcat	bowcats	bowcatting	bowcatted	bowcatted
bowstring	bowstrings	bowstringing	bowstrung	bowstrung
boxcar	boxcars	boxcarring	boxcarred	boxcarred
braai	braais	braaing	braaied	braaied
brast	brasts	brasting	brast	brast
break	breaks	breaking	broke	broken
breake	breakes	breaking	broke	broken
breastfeed	breastfeeds	breastfeeding	breastfed	breastfed
breastsleep	breastsleeps	breastsleeping	breastslept	breastslept
breathhold	breathholds	breathholding	breathheld	breathheld
breed	breeds	breeding	bred	bred
brevet	brevets	brevetting	brevetted	brevetted
brickbat	brickbats	brickbatting	brickbatted	brickbatted
bricklay	bricklays	bricklaying	bricklaid	bricklaid
bring	brings	bringing	brought	brought
bringe	bringes	bringing	broughte	broughte
briquet	briquets	briquetting	briquetted	briquetted
broadcast	broadcasts	broadcasting	broadcast	broadcast
bronch	bronchs	bronching	bronched	bronched
browbeat	browbeats	browbeating	browbeat	browbeaten
brust	brusts	brusting	brust	brust
brûlée	brûlées	brûléeing	brûléed	brûléed
budg	budges	budging	budged	budged
buffalo	buffaloes	buffaloing	buffaloed	buffaloed
buie	buies	buying	bought	bought
build	builds	building	built	built
bukkake	bukkakes	bukkakeing	bukkaked	bukkaked
bullcrap	bullcraps	bullcrapping	bullcrapped	bullcrapped
bulldag	bulldags	bulldagging	bulldagged	bulldagged
bulldog	bulldogs	bulldogging	bulldogged	bulldogged
bullirag	bullirags	bulliragging	bulliragged	bulliragged
bullshit	bullshits	bullshitting	bullshitted	bullshitted
bullspeak	bullspeaks	bullspeaking	bullspoke	bullspoken
bullwhip	bullwhips	bullwhipping	bullwhipped	bullwhipped
bullyrag	bullyrags	bullyragging	bullyragged	bullyragged
burlap	burlaps	burlapping	burlapped	burlapped
burst	bursts	bursting	burst	burst
bus	buses	busing	bused	bused
buttchug	buttchugs	buttchugging	buttchugged	buttchugged
buy	buys	buying	bought	bought
buz	buzzes	buzzing	buzzed	buzzed
bycatch	bycatches	bycatching	bycaught	bycaught
cablecast	cablecasts	cablecasting	cablecast	cablecast
cablegram	cablegrams	cablegramming	cablegrammed	cablegrammed
cabob	cabobs	cabobbing	cabobbed	cabobbed
campervan	campervans	campervanning	campervanned	campervanned
campshed	campsheds	campshedding	campshedded	campshedded
camrip	camrips	camripping	camripped	camripped
canal	canals	canalling	canalled	canalled
cancan	cancans	cancanning	cancanned	cancanned
capot	capots	capotting	capotted	capotted
caracol	caracols	caracolling	caracolled	caracolled
caravan	caravans	caravanning	caravanned	caravanned
caregive	caregives	caregiving	caregave	caregiven
caretake	caretakes	caretaking	caretook	caretaken
carhop	carhops	carhopping	carhopped	carhopped
carnap	carnaps	carnapping	carnapped	carnapped
carpetbag	carpetbags	carpetbagging	carpetbagged	carpetbagged
cartop	cartops	cartopping	cartopped	cartopped
cartwhip	cartwhips	cartwhipping	cartwhipped	cartwhipped
cast	casts	casting	cast	cast
catch	catches	catching	caught	caught
catnap	catnaps	catnapping	catnapped	catnapped
catsit	catsits	catsitting	catsat	catsat
caut	cauteth	cauting	cauted	cauted
cc	cc's	cc'ing	cc'd	cc'd
changelog	changelogs	changelogging	changelogged	changelogged
char	chars	charing	chared	chared
charpit	charpits	charpitting	charpitted	charpitted
chasse	chasses	chasseing	chassed	chassed
chauf	chaufs	chauffing	chauffed	chauffed
chavel	chavels	chavelling	chavelled	chavelled
checksum	checksums	checksumming	checksummed	checksummed
cheerlead	cheerleads	cheerleading	cheerled	cheerled
chefnap	chefnaps	chefnapping	chefnapped	chefnapped
chemic	chemics	chemicking	chemicked	chemicked
chemostat	chemostats	chemostatting	chemostatted	chemostatted
chestfeed	chestfeeds	chestfeeding	chestfed	chestfed
chide	chides	chiding	chid	chid
childsit	childsits	childsitting	childsat	childsat
chinwag	chinwags	chinwagging	chinwagged	chinwagged
chitchat	chitchats	chitchatting	chitchatted	chitchatted
chivari	chivaries	chivariing	chivaried	chivaried
chokehold	chokeholds	chokeholding	chokeheld	chokeheld
chokeslam	chokeslams	chokeslamming	chokeslammed	chokeslammed
choose	chooses	choosing	chose	chosen
chor	chors	chorrin	chorred	chorred
chugalug	chugalugs	chugalugging	chugalugged	chugalugged
chuse	chuses	chusing	chose	chosen
cinemacast	cinemacasts	cinemacasting	cinemacast	cinemacast
circumtread	circumtreads	circumtreading	circumtrod	circumtrodden
clad	clads	cladding	clad	clad
clattawa	clattawas	clattawa-ing	clattawa-ed	clattawa-ed
cleave	cleaves	cleaving	cleft	cleft
clep	cleps	clepping	clept	clept
cliche	cliches	clicheing	cliched	cliched
cliché	clichés	clichéing	clichéd	clichéd
cliffhang	cliffhangs	cliffhanging	cliffhung	cliffhung
cling	clings	clinging	clung	clung
clingwrap	clingwraps	clingwrapping	clingwrapped	clingwrapped
clip	clips	clipping	clipt	clipt
clothespin	clothespins	clothespinning	clothespinned	clothespinned
cloye	cloyes	cloying	cloyed	cloyed
coadmit	coadmits	coadmitting	coadmitted	coadmitted
cobuild	cobuilds	cobuilding	cobuilt	cobuilt
cocast	cocasts	cocasting	cocast	cocast
cockfight	cockfights	cockfighting	cockfought	cockfought
cockslap	cockslaps	cockslapping	cockslapped	cockslapped
codebug	codebugs	codebugging	codebugged	codebugged
codistil	codistils	codistilling	codistilled	codistilled
codrive	codrives	codriving	codrove	codriven
cofeed	cofeeds	cofeeding	cofed	cofed
coif	coifs	coiffing	coiffed	coiffed
cointer	cointers	cointerring	cointerred	cointerred
coldsleep	coldsleeps	coldsleeping	coldslept	coldslept
colead	coleads	coleading	coled	coled
colloquy	colloquies	colloquying	colloquied	colloquied
colorbreed	colorbreeds	colorbreeding	colorbred	colorbred
colorcast	colorcasts	colorcasting	colorcast	colorcast
colourbreed	colourbreeds	colourbreeding	colourbred	colourbred
colourcast	colourcasts	colourcasting	colourcast	colourcast
come	comes	coming	came	come
commit	commits	committing	committed	committed
compel	compels	compelling	compelled	compelled
complot	complots	complotting	complotted	complotted
compromit	compromits	compromitting	compromitted	compromitted
comptop	comptops	comptopping	comptopped	comptopped
comptrol	comptrols	comptrolling	comptrolled	comptrolled
concassé	concassés	concassing	concasséd	concasséd
concat	concats	concatting	concatted	concatted
concur	concurs	concurring	concurred	concurred
condem	condems	condemming	condemmed	condemmed
confab	confabs	confabbing	confabbed	confabbed
confer	confers	conferring	conferred	conferred
conge	conges	congeing	conged	conged
congé	congés	congéing	conged	conged
contextomize	contextomize	contextomizing	contextomized	contextomized
control	controls	controlling	controlled	controlled
convel	convels	convelling	convelled	convelled
cooccur	cooccurs	cooccurring	cooccurred	cooccurred
cookie	cookies	cookieing	cookied	cookied
coom	cooms	cooming	came	coom
coorie	coories	coorieing	cooried	cooried
copay	copays	copaying	copaid	copaid
copen	copens	copenning	copenned	copenned
coplot	coplots	coplotting	coplotted	coplotted
copycat	copycats	copycatting	copycatted	copycatted
copyfight	copyfights	copyfighting	copyfought	copyfought
copyread	copyreads	copyreading	copyread	copyread
copywrite	copywrites	copywriting	copywrote	copywritten
coquet	coquets	coquetting	coquetted	coquetted
coquit	coquits	coquitting	coquit	coquit
corefer	corefers	coreferring	coreferred	coreferred
corncob	corncobs	corncobbing	corncobbed	corncobbed
cosleep	cosleeps	cosleeping	coslept	coslept
cost	costs	costing	cost	cost
costar	costars	costarring	costarred	costarred
cotch	cotches	cotching	caught	caught
coteach	coteaches	coteaching	cotaught	cotaught
cotransfer	cotransfers	cotransferring	cotransferred	cotransferred
cotransmit	cotransmits	cotransmitting	cotransmitted	cotransmitted
counterbid	counterbids	counterbidding	counterbid	counterbid
counterbleed	counterbleeds	counterbleeding	counterbled	counterbled
counterdraw	counterdraws	counterdrawing	counterdrew	counterdrawn
counterfeed	counterfeeds	counterfeeding	counterfed	counterfed
countermeet	countermeets	countermeeting	countermet	countermet
counterplan	counterplans	counterplanning	counterplanned	counterplanned
counterplot	counterplots	counterplotting	counterplotted	counterplotted
counterprogram	counterprograms	counterprogramming	counterprogrammed	counterprogrammed
counterread	counterreads	counterreading	counterread	counterread
counterrevolt	counterrevolt	counterrevolting	counterrevolted	counterrevolted
countersing	countersings	countersinging	countersang	countersung
countersink	countersinks	countersinking	countersank	countersunk
counterstep	countersteps	counterstepping	counterstepped	counterstepped
counterstrike	counterstrikes	counterstriking	counterstruck	counterstruck
counterswear	counterswears	counterswearing	counterswore	countersworn
counterswing	counterswings	counterswinging	counterswung	counterswung
counterthrow	counterthrows	counterthrowing	counterthrew	counterthrown
countrol	countrols	countrolling	countrolled	countrolled
coverslip	coverslips	coverslipping	coverslipped	coverslipped
cowrite	cowrites	cowriting	cowrote	cowritten
coyote	coyotes	coyoteing	coyoted	coyoted
coöccur	coöccurs	coöccurring	coöccurred	coöccurred
cratedig	cratedigs	cratedigging	cratedug	cratedug
cravat	cravats	cravatting	cravatted	cravatted
creach	creachs	creaching	creached	creached
creampie	creampies	creampieing	creampied	creampied
creep	creeps	creeping	crept	crept
creepshot	creepshots	creepshotting	creepshotted	creepshotted
crescendo	crescendoes	crescendoing	crescendoed	crescendoed
crimethink	crimethinks	crimethinking	crimethought	crimethought
crit	crits	critting	crit	crit
critic	critics	criticking	criticked	criticked
crockpot	crockpots	crockpotting	crockpotted	crockpotted
crossbar	crossbars	crossbarring	crossbarred	crossbarred
crossbite	crossbites	crossbiting	crossbit	crossbitten
crossbreed	crossbreeds	crossbreeding	crossbred	crossbred
crosscut	crosscuts	crosscutting	crosscut	crosscut
crossfeed	crossfeeds	crossfeeding	crossfed	crossfed
crossfit	crossfits	crossfitting	crossfitted	crossfitted
crossref	crossrefs	crossreffing	crossreffed	crossreffed
crowbar	crowbars	crowbarring	crowbarred	crowbarred
crowhop	crowhops	crowhopping	crowhopped	crowhopped
cryoembed	cryoembeds	cryoembedding	cryoembedded	cryoembedded
cryogrind	cryogrinds	cryogrinding	cryoground	cryoground
cue	cues	cueing	cued	cued
cum	cums	cumming	came	come
curmur	curmurs	curmurring	curmurred	curmurred
curvet	curvets	curvetting	curvetted	curvetted
cut	cuts	cutting	cut	cut
cvt	cvts	cvtting	cvt	cvt
cybercast	cybercasts	cybercasting	cybercast	cybercast
cybersquat	cybersquats	cybersquatting	cybersquatted	cybersquatted
dado	dadoes	dadoing	dadoed	dadoed
dagnab	dagnabs	dagnabbing	dagnabbed	dagnabbed
databend	databends	databending	databent	databent
datagram	datagrams	datagramming	datagrammed	datagrammed
daydream	daydreams	daydreaming	daydreamt	daydreamt
daytrip	daytrips	daytripping	daytripped	daytripped
de	diz	dein	did	dyun
deadleg	deadlegs	deadlegging	deadlegged	deadlegged
deadpan	deadpans	deadpanning	deadpanned	deadpanned
deal	deals	dealing	dealt	dealt
debag	debags	debagging	debagged	debagged
debar	debars	debarring	debarred	debarred
debel	debels	debelling	debelled	debelled
debend	debends	debending	debent	debent
debind	debinds	debinding	debound	debound
deblur	deblurs	deblurring	deblurred	deblurred
debran	debrans	debranning	debranned	debranned
debud	debuds	debudding	debudded	debudded
debug	debugs	debugging	debugged	debugged
debur	deburs	deburring	deburred	deburred
debus	debusses	debussing	debussed	debussed
decan	decans	decanning	decanned	decanned
decap	decaps	decapping	decapped	decapped
decar	decars	decarring	decarred	decarred
declog	declogs	declogging	declogged	declogged
declot	declots	declotting	declotted	declotted
decommit	decommits	decommitting	decommitted	decommitted
decon	decons	deconning	deconned	deconned
decontrol	decontrols	decontrolling	decontrolled	decontrolled
decrab	decrabs	decrabbing	decrabbed	decrabbed
decrud	decruds	decrudding	decrudded	decrudded
dee	diz	deein	dyun	dyun
deek	deeks	deekin	deeked	deeked
deeky	deekies	deekyin	deekied	deekied
deembed	deembeds	deembedding	deembedded	deembedded
deepdraw	deepdraws	deepdrawing	deepdrew	deepdrawn
defat	defats	defatting	defatted	defatted
defed	defeds	defedding	defedded	defedded
defer	defers	deferring	deferred	deferred
defib	defibs	defibbing	defibbed	defibbed
defin	defins	definning	definned	definned
defog	defogs	defogging	defogged	defogged
deformat	deformats	deformatting	deformatted	deformatted
defrag	defrags	defragging	defragged	defragged
defreeze	defreezes	defreezing	defroze	defrozen
defrog	defrogs	defrogging	defrogged	defrogged
defur	defurs	defurring	defurred	defurred
degas	degases	degassing	degassed	degassed
degel	degels	degelling	degelled	degelled
degod	degods	degodding	degodded	degodded
degrit	degrits	degritting	degritted	degritted
degrow	degrows	degrowing	degrew	degrown
degum	degums	degumming	degummed	degummed
degut	deguts	degutting	degutted	degutted
dehub	dehubs	dehubbing	dehubbed	dehubbed
dehydrofreeze	dehydrofreeze	dehydrofreezes	dehydrofreezing	dehydrofrozen
dekek	dekeks	dekekking	dekekked	dekekked
delam	delams	delamming	delammed	delammed
dele	deles	deleing	deled	deled
delid	delids	delidding	delidded	delidded
demake	demakes	demaking	demade	demade
deman	demans	demanning	demanned	demanned
demap	demaps	demapping	demapped	demapped
demat	demats	dematting	dematted	dematted
demit	demits	demitting	demitted	demitted
demob	demobs	demobbing	demobbed	demobbed
demod	demods	demodding	demodded	demodded
demosaic	demosaics	demosaicking	demosaicked	demosaicked
demur	demurs	demurring	demurred	demurred
denet	denets	denetting	denetted	denetted
denib	denibs	denibbing	denibbed	denibbed
deop	deops	deopping	deopped	deopped
depeg	depegs	depegging	depegged	depegged
depin	depins	depinning	depinned	depinned
deprogram	deprograms	deprogramming	deprogrammed	deprogrammed
derat	derats	deratting	deratted	deratted
derib	deribs	deribbing	deribbed	deribbed
derig	derigs	derigging	derigged	derigged
desat	desats	desatting	desatted	desatted
descan	descans	descanning	descanned	descanned
descum	descums	descumming	descummed	descummed
deskin	deskins	deskinning	deskinned	deskinned
deslag	deslags	deslagging	deslagged	deslagged
deslot	deslots	deslotting	deslotted	deslotted
despam	despams	despamming	despammed	despammed
despeed	despeeds	despeeding	desped	desped
despin	despins	despinning	despun	despun
despread	despreads	despreading	despread	despread
destat	destats	destatting	destatted	destatted
destem	destems	destemming	destemmed	destemmed
destim	destims	destimming	destimmed	destimmed
desynch	desynchs	desynching	desynched	desynched
desysop	desysops	desysopping	desysopped	desysopped
detag	detags	detagging	detagged	detagged
detelecine	detelecines	detelecineing	detelecined	detelecined
deter	deters	deterring	deterred	deterred
detin	detins	detinning	detinned	detinned
detrap	detraps	detrapping	detrapped	detrapped
detwin	detwins	detwinning	detwinned	detwinned
devan	devans	devanning	devanned	devanned
devel	devels	develling	develled	develled
devvel	devvels	devvelling	devvelled	devvelled
dewet	dewets	dewetting	dewetted	dewetted
dewret	dewrets	dewretting	dewretted	dewretted
diadem	diadems	diademming	diademmed	diademmed
diagram	diagrams	diagramming	diagrammed	diagrammed
dickride	dickrides	dickriding	dickrode	dickridden
dickslap	dickslaps	dickslapping	dickslapped	dickslapped
diecast	diecasts	diecasting	diecast	diecast
dig	digs	digging	dug	dug
dight	dights	dighting	dight	dight
digibin	digibins	digibinning	digibinned	digibinned
dildo	dildoes	dildoing	dildoed	dildoed
dimit	dimits	dimitting	dimitted	dimitted
dinge	dinges	dingeing	dinged	dinged
dingo	dingoes	dingoing	dingoed	dingoed
dipnet	dipnets	dipnetting	dipnetted	dipnetted
dis	disses	dissing	dissed	dissed
disannul	disannuls	disannulling	disannulled	disannulled
disbar	disbars	disbarring	disbarred	disbarred
disbecome	disbecomes	disbecoming	disbecame	disbecome
disbend	disbends	disbending	disbent	disbent
disbind	disbinds	disbinding	disbound	disbound
disbud	disbuds	disbudding	disbudded	disbudded
disconcur	disconcurs	disconcurring	disconcurred	disconcurred
disembed	disembeds	disembedding	disembedded	disembedded
disenrol	disenrols	disenrolling	disenrolled	disenrolled
disenter	disenters	disenterring	disenterred	disenterred
disenthral	disenthrals	disenthralling	disenthralled	disenthralled
disfellowship	disfellowships	disfellowshipping	disfellowshipped	disfellowshipped
disinter	disinters	disinterring	disinterred	disinterred
disinthral	disinthrals	disinthralling	disinthralled	disinthralled
disman	dismans	dismanning	dismanned	dismanned
dispel	dispels	dispelling	dispelled	dispelled
disprefer	disprefers	dispreferring	dispreferred	dispreferred
disship	disships	disshipping	disshipped	disshipped
dister	disters	disterring	disterred	disterred
distil	distils	distilling	distilled	distilled
divast	divasts	divasting	divast	divast
divel	divels	divelling	divelled	divelled
diz	dizzes	dizzing	dizzed	dizzed
do	does	doing	did	done
doe	does	doing	did	done
doge	doges	dogeing	doged	doged
dogfight	dogfights	dogfighting	dogfought	dogfought
dogleg	doglegs	doglegging	doglegged	doglegged
dognap	dognaps	dognapping	dognapped	dognapped
dogsit	dogsits	dogsitting	dogsat	dogsat
dogsled	dogsleds	dogsledding	dogsledded	dogsledded
dogtrot	dogtrots	dogtrotting	dogtrotted	dogtrotted
dogwhip	dogwhips	dogwhipping	dogwhipped	dogwhipped
domino	dominoes	dominoing	dominoed	dominoed
doomsay	doomsays	doomsaying	doomsaid	doomsaid
doorknob	doorknobs	doorknobbing	doorknobbed	doorknobbed
doorstep	doorsteps	doorstepping	doorstepped	doorstepped
doowop	doowops	doowopping	doowopped	doowopped
dotcom	dotcoms	dotcomming	dotcommed	dotcommed
doubletap	doubletaps	doubletapping	doubletapped	doubletapped
doublethink	doublethinks	doublethinking	doublethought	doublethought
doughnut	doughnuts	doughnutting	doughnutted	doughnutted
downbear	downbears	downbearing	downbore	downborne
downbet	downbets	downbetting	downbet	downbet
downcast	downcasts	downcasting	downcast	downcast
downcome	downcomes	downcoming	downcame	downcome
downcut	downcuts	downcutting	downcut	downcut
downdraw	downdraws	downdrawing	downdrew	downdrawn
downfall	downfalls	downfalling	downfell	downfallen
downspin	downspins	downspinning	downspun	downspun
downstep	downsteps	downstepping	downstepped	downstepped
downstrike	downstrikes	downstriking	downstruck	downstricken
downsweep	downsweeps	downsweeping	downswept	downswept
downtread	downtreads	downtreading	downtrod	downtrodden
downtrod	downtrods	downtrodding	downtrod	downtrodden
dragnet	dragnets	dragnetting	dragnetted	dragnetted
draw	draws	drawing	drew	drawn
drawe	drawes	drawing	drewe	drawen
dreave	dreaves	dreaving	dreft	dreft
dressmake	dressmakes	dressmaking	dressmade	dressmade
driftnet	driftnets	driftnetting	driftnetted	driftnetted
drinck	drincks	drincking	dranck	drunck
drink	drinks	drinking	drank	drunk
drite	drites	driting	drote	dritten
driue	driues	driuing	droue	driuen
drive	drives	driving	drove	driven
dropcast	dropcasts	dropcasting	dropcast	dropcast
dropset	dropsets	dropsetting	dropsetted	dropsetted
dropship	dropships	dropshipping	dropshipped	dropshipped
dude	dudes	dudeing	duded	duded
duet	duets	duetting	duetted	duetted
dunsh	dunshes	dunshin	dunshed	dunshed
dwell	dwells	dwelling	dwelt	dwelt
dx	dx's	dx'ing	dx'd	dx'd
dyb	dybs	dybbing	dybbed	dybbed
earplug	earplugs	earplugging	earplugged	earplugged
eartip	eartips	eartipping	eartipped	eartipped
earwig	earwigs	earwigging	earwigged	earwigged
eat	eats	eating	ate	eaten
eate	eates	eating	ate	eaten
eavesdrop	eavesdrops	eavesdropping	eavesdropped	eavesdropped
eavesread	eavesreads	eavesreading	eavesread	eavesread
echo	echoes	echoing	echoed	echoed
edit	edits	editing	edited	edited
egocast	egocasts	egocasting	egocast	egocast
egoscan	egoscans	egoscanning	egoscanned	egoscanned
electroblot	electroblots	electroblotting	electroblotted	electroblotted
electrostun	electrostuns	electrostunning	electrostunned	electrostunned
electrotin	electrotins	electrotinning	electrotinned	electrotinned
electrotransfer	electrotransfers	electrotransferring	electrotransferred	electrotransferred
electrowin	electrowins	electrowinning	electrowon	electrowon
embar	embars	embarring	embarred	embarred
embargo	embargoes	embargoing	embargoed	embargoed
embed	embeds	embedding	embedded	embedded
embog	embogs	embogging	embogged	embogged
embus	embusses	embussing	embussed	embussed
emplot	emplots	emplotting	emplotted	emplotted
enclog	enclogs	enclogging	enclogged	enclogged
encur	encurs	encurring	encurred	encurred
endcap	endcaps	endcapping	endcapped	endcapped
enfreeze	enfreezes	enfreezing	enfroze	enfrozen
englut	engluts	englutting	englutted	englutted
enknit	enknits	enknitting	enknitted	enknitted
enlay	enlays	enlaying	enlaid	enlaid
ennui	ennuis	ennuying	ennuied	ennuied
enrol	enrols	enrolling	enrolled	enrolled
enship	enships	enshipping	enshipped	enshipped
enskin	enskins	enskinning	enskinned	enskinned
enstar	enstars	enstarring	enstarred	enstarred
ensweep	ensweeps	ensweeping	enswept	enswept
entertake	entertakes	entertaking	entertook	entertaken
enthral	enthrals	enthralling	enthralled	enthralled
entrap	entraps	entrapping	entrapped	entrapped
enturban	enturbans	enturbanning	enturbanned	enturbanned
entwin	entwins	entwinning	entwinned	entwinned
enweave	enweaves	enweaving	enwove	enwoven
enwind	enwinds	enwinding	enwound	enwound
enwrap	enwraps	enwrapping	enwrapped	enwrapped
enwrite	enwrites	enwriting	enwrote	enwritten
epoch	epochs	epoching	epoched	epoched
equip	equips	equipping	equipped	equipped
er	ers	erring	erred	erred
escortcel	escortcels	escortcelling	escortcelled	escortcelled
estop	estops	estopping	estopped	estopped
eunuch	eunuchs	eunuching	eunuched	eunuched
evac	evacs	evacing	evaced	evaced
even	evens	evening	evened	evened
evesdrop	evesdrops	evesdropping	evesdropped	evesdropped
ew	ews	ewwing	ewwed	ewwed
exam	exams	examing	examed	examed
excel	excels	excelling	excelled	excelled
excur	excurs	excurring	excurred	excurred
exec	execs	execing	execed	execed
exeunt	exit	exeunting	exeunted	exeunted
exit	exits	exiting	exited	exited
expel	expels	expelling	expelled	expelled
extol	extols	extolling	extolled	extolled
eyelet	eyelets	eyeletting	eyeletted	eyeletted
fabric	fabrics	fabricking	fabricked	fabricked
facesit	facesits	facesitting	facesat	facesat
faceswap	faceswaps	faceswapping	faceswapped	faceswapped
facsimile	facsimiles	facsimileing	facsimiled	facsimiled
fakie	fakies	fakieing	fakied	fakied
fall	falls	falling	fell	fallen
fancast	fancasts	fancasting	fancast	fancast
fandub	fandubs	fandubbing	fandubbed	fandubbed
fanfic	fanfics	fanficcing	fanficced	fanficced
fansub	fansubs	fansubbing	fansubbed	fansubbed
farsee	farsees	farseeing	farsaw	farseen
farspeak	farspeaks	farspeaking	farspoke	farspoken
fasel	fasels	faselling	faselled	faselled
faultfind	faultfinds	faultfinding	faultfound	faultfound
fav	favs	faving	faved	faved
fcuk	fcuks	fcuking	fcuked	fcuked
feal	feals	fealing	fale	folen
featherbed	featherbeds	featherbedding	featherbedded	featherbedded
feed	feeds	feeding	fed	fed
feel	feels	feeling	felt	felt
feeze	feezes	feezing	foze	fozen
fellowfeel	fellowfeels	fellowfeeling	fellowfelt	fellowfelt
fellowship	fellowships	fellowshipping	fellowshipped	fellowshipped
fet	fets	fetting	fet	fet
fieldstrip	fieldstrips	fieldstripping	fieldstripped	fieldstripped
fight	fights	fighting	fought	fought
filmset	filmsets	filmsetting	filmset	filmset
find	finds	finding	found	found
finedraw	finedraws	finedrawing	finedrew	finedrawn
fingertip	fingertips	fingertipping	fingertipped	fingertipped
fink	finks	finking	fought	fought
firefight	firefights	firefighting	firefought	firefought
fistfight	fistfights	fistfighting	fistfought	fistfought
fix	fixes	fixing	fixt	fixt
fiz	fizzes	fizzing	fizzed	fizzed
fizgig	fizgigs	fizgigging	fizgigged	fizgigged
flagship	flagships	flagshipping	flagshipped	flagshipped
flambe	flambes	flambeing	flambeed	flambeed
flashlight	flashlights	flashlighting	flashlit	flashlit
flatbed	flatbeds	flatbedding	flatbedded	flatbedded
flatplan	flatplans	flatplanning	flatplanned	flatplanned
flea	fleas	fleaing	flead	flead
flee	flees	fleeing	fled	fled
flimflam	flimflams	flimflamming	flimflammed	flimflammed
fling	flings	flinging	flung	flung
flipflop	flipflops	flipflopping	flipflopped	flipflopped
floodlight	floodlights	floodlighting	floodlit	floodlit
fly	flies	flying	flew	flown
flyblow	flyblows	flyblowing	flyblew	flyblown
flycatch	flycatches	flycatching	flycaught	flycaught
flytip	flytips	flytipping	flytipped	flytipped
foind	foinds	foinding	found	found
foodstagram	foodstagrams	foodstagramming	foodstagrammed	foodstagrammed
footgun	footguns	footgunning	footgunned	footgunned
footpad	footpads	footpadding	footpadded	footpadded
footslog	footslogs	footslogging	footslogged	footslogged
forban	forbans	forbanning	forbanned	forbanned
forbar	forbars	forbarring	forbarred	forbarred
forbear	forbears	forbearing	forbore	forborne
forbeat	forbeats	forbeating	forbeat	forbeaten
forbid	forbids	forbidding	forbade	forbidden
forbite	forbites	forbiting	forbit	forbitten
forbleed	forbleeds	forbleeding	forbled	forbled
forbreak	forbreaks	forbreaking	forbroke	forbroken
forburst	forbursts	forbursting	forburst	forburst
forbuy	forbuys	forbuying	forbought	forbought
forcarve	forcarves	forcarving	forcorve	forcorven
forcast	forcasts	forcasting	forcast	forcast
forcefeed	forcefeeds	forcefeeding	forcefed	forcefed
forcleave	forcleaves	forcleaving	forclove	forcloven
forcut	forcuts	forcutting	forcut	forcut
fordim	fordims	fordimming	fordimmed	fordimmed
fordo	fordoes	fordoing	fordid	fordone
fordrive	fordrives	fordriving	fordrove	fordriven
forebar	forebars	forebarring	forebarred	forebarred
forebear	forebears	forebearing	forebore	foreborne
forebite	forebites	forebiting	forebit	forebitten
forebring	forebrings	forebringing	forebrought	forebrought
forebuy	forebuys	forebuying	forebought	forebought
forecast	forecasts	forecasting	forecast	forecast
forecatch	forecatches	forecatching	forecaught	forecaught
forechoose	forechooses	forechoosing	forechose	forechosen
forecome	forecomes	forecoming	forecame	forecome
forecut	forecuts	forecutting	forecut	forecut
foredo	foredoes	foredoing	foredid	foredone
foredraw	foredraws	foredrawing	foredrew	foredrawn
forefeel	forefeels	forefeeling	forefelt	forefelt
foregive	foregives	foregiving	foregave	foregiven
forego	foregoes	foregoing	forewent	foregone
forehear	forehears	forehearing	foreheard	foreheard
forehew	forehews	forehewing	forehewed	forehewn
forehold	foreholds	foreholding	foreheld	foreheld
foreken	forekens	forekenning	forekenned	forekenned
foreknow	foreknows	foreknowing	foreknew	foreknown
forelay	forelays	forelaying	forelaid	forelaid
forelead	foreleads	foreleading	foreled	foreled
forelearn	forelearns	forelearning	forelearnt	forelearnt
forelend	forelends	forelending	forelent	forelent
forelet	forelets	foreletting	forelet	forelet
forelie	forelies	forelying	forelay	forelain
foremake	foremakes	foremaking	foremade	foremade
forepay	forepays	forepaying	forepaid	forepaid
foreplan	foreplans	foreplanning	foreplanned	foreplanned
foreread	forereads	forereading	foreread	foreread
forerun	foreruns	forerunning	foreran	forerun
foresay	foresays	foresaying	foresaid	foresaid
forescan	forescans	forescanning	forescanned	forescanned
foresee	foresees	foreseeing	foresaw	foreseen
foreseek	foreseeks	foreseeking	foresought	foresought
foresend	foresends	foresending	foresent	foresent
foreset	foresets	foresetting	foreset	foreset
foreshew	foreshews	foreshewing	foreshewed	foreshewn
foreshine	foreshines	foreshining	foreshone	foreshone
foreshoot	foreshoots	foreshooting	foreshot	foreshot
foreshow	foreshows	foreshowing	foreshowed	foreshown
foresing	foresings	foresinging	foresang	foresung
foresit	foresits	foresitting	foresat	foresat
foreskin	foreskins	foreskinning	foreskinned	foreskinned
foreslay	foreslays	foreslaying	foreslew	foreslain
foresmell	foresmells	foresmelling	foresmelt	foresmelt
forespeak	forespeaks	forespeaking	forespoke	forespoken
forespeed	forespeeds	forespeeding	foresped	foresped
forespend	forespends	forespending	forespent	forespent
forespread	forespreads	forespreading	forespread	forespread
forestal	forestals	forestalling	forestalled	forestalled
forestand	forestands	forestanding	forestood	forestood
foreswear	foreswears	foreswearing	foreswore	foresworn
foretake	foretakes	foretaking	foretook	foretaken
foreteach	foreteaches	foreteaching	foretaught	foretaught
foretel	foretels	foretelling	foretold	foretold
foretell	foretells	foretelling	foretold	foretold
forethink	forethinks	forethinking	forethought	forethought
foreweep	foreweeps	foreweeping	forewept	forewept
forewit	forewot	forewitting	forewist	forewist
forewrite	forewrites	forewriting	forewrote	forewritten
forfight	forfights	forfighting	forfought	forfought
forgab	forgabs	forgabbing	forgabbed	forgabbed
forget	forgets	forgetting	forgot	forgotten
forgive	forgives	forgiving	forgave	forgiven
forgo	forgoes	forgoing	forwent	forgone
forgrow	forgrows	forgrowing	forgrew	forgrown
forhele	forheles	forheling	forhole	forholen
forhold	forholds	forholding	forheld	forheld
forlat	forlats	forlatting	forleet	forlatten
forlay	forlays	forlaying	forlaid	forlaid
forlead	forleads	forleading	forled	forled
forleave	forleaves	forleaving	forleft	forleft
forleet	forleets	forleeting	forleet	forleet
forlend	forlends	forlending	forlent	forlent
forlese	forleses	forlesing	forlore	forlorn
forlet	forlets	forletting	forlet	forlet
forlie	forlies	forlying	forlay	forlain
format	formats	formatting	formatted	formatted
forncast	forncasts	forncasting	forncast	forncast
forsake	forsakes	forsaking	forsook	forsaken
forsay	forsays	forsaying	forsaid	forsaid
forsee	forsees	forseeing	forsaw	forseen
forseek	forseeks	forseeking	forsought	forsought
forsend	forsends	forsending	forsent	forsent
forset	forsets	forsetting	forset	forset
forshake	forshakes	forshaking	forshook	forshaken
forshut	forshuts	forshutting	forshut	forshut
forsing	forsings	forsinging	forsang	forsung
forsleep	forsleeps	forsleeping	forslept	forslept
forsling	forslings	forslinging	forslung	forslung
forslip	forslips	forslipping	forslipped	forslipped
forslug	forslugs	forslugging	forslugged	forslugged
forsmite	forsmites	forsmiting	forsmote	forsmitten
forspan	forspans	forspanning	forspanned	forspanned
forspeak	forspeaks	forspeaking	forspoke	forspoken
forspend	forspends	forspending	forspent	forspent
forspread	forspreads	forspreading	forspread	forspread
forstand	forstands	forstanding	forstood	forstood
forsteal	forsteals	forstealing	forstole	forstolen
forstop	forstops	forstopping	forstopped	forstopped
forswart	forswarts	forswarting	forswart	forswart
forswear	forswears	forswearing	forswore	forsworn
forswing	forswings	forswinging	forswang	forswungen
forswink	forswinks	forswinking	forswank	forswunken
fortake	fortakes	fortaking	fortook	fortaken
forteach	forteaches	forteaching	fortaught	fortaught
fortear	fortears	fortearing	fortore	fortorn
forthbear	forthbears	forthbearing	forthbore	forthborne
forthbring	forthbrings	forthbringing	forthbrought	forthbrought
forthcast	forthcasts	forthcasting	forthcast	forthcast
forthcome	forthcomes	forthcoming	forthcame	forthcome
forthcut	forthcuts	forthcutting	forthcut	forthcut
forthdraw	forthdraws	forthdrawing	forthdrew	forthdrawn
forthgive	forthgives	forthgiving	forthgave	forthgiven
forthgo	forthgoes	forthgoing	forthwent	forthgone
forthink	forthinks	forthinking	forthought	forthought
forthlead	forthleads	forthleading	forthled	forthled
forthleap	forthleaps	forthleaping	forthleapt	forthleapt
forthput	forthputs	forthputting	forthput	forthput
forthrow	forthrows	forthrowing	forthrew	forthrown
forthsend	forthsends	forthsending	forthsent	forthsent
forthset	forthsets	forthsetting	forthset	forthset
forthshow	forthshows	forthshowing	forthshowed	forthshown
forthspeak	forthspeaks	forthspeaking	forthspoke	forthspoken
forthtell	forthtells	forthtelling	forthtold	forthtold
fortread	fortreads	fortreading	fortrod	fortrodden
forwear	forwears	forwearing	forwore	forworn
forweep	forweeps	forweeping	forwept	forwept
forwrap	forwraps	forwrapping	forwrapped	forwrapped
foxtrot	foxtrots	foxtrotting	foxtrotted	foxtrotted
framemog	framemogs	framemogging	framemogged	framemogged
fraught	fraughts	fraughting	fraught	fraught
freefall	freefalls	freefalling	freefell	freefallen
freefeed	freefeeds	freefeeding	freefed	freefed
freeride	freerides	freeriding	freerode	freeridden
freerun	freeruns	freerunning	freeran	freerun
freewrite	freewrites	freewriting	freewrote	freewritten
freeze	freezes	freezing	froze	frozen
fresco	frescoes	frescoing	frescoed	frescoed
fricassée	fricassées	fricasséeing	fricasséed	fricasséed
friz	frizzes	frizzing	frizzed	frizzed
frolic	frolics	frolicking	frolicked	frolicked
frontflip	frontflips	frontflipping	frontflipped	frontflipped
frontrun	frontruns	frontrunning	frontran	frontrun
frostbite	frostbites	frostbiting	frostbit	frostbitten
fuk	fuks	fuking	fuked	fuked
fulfil	fulfils	fulfilling	fulfilled	fulfilled
fullbring	fullbrings	fullbringing	fullbrought	fullbrought
fulldo	fulldoes	fulldoing	fulldid	fulldone
fullfeed	fullfeeds	fullfeeding	fullfed	fullfed
fusspot	fusspots	fusspotting	fusspotted	fusspotted
gaf	gaf	gaf	gaf	gaf
gainsay	gainsays	gainsaying	gainsaid	gainsaid
gainset	gainsets	gainsetting	gainset	gainset
gainstand	gainstands	gainstanding	gainstood	gainstood
gammet	gammets	gammetting	gammetted	gammetted
gan	gans	gawn	went	gane
gar	gars	garring	gart	gart
garlic	garlics	garlicking	garlicked	garlicked
gasbag	gasbags	gasbagging	gasbagged	gasbagged
gatekeep	gatekeeps	gatekeeping	gatekept	gatekept
gchat	gchats	gchatting	gchatted	gchatted
genderbend	genderbends	genderbending	genderbent	genderbent
genderflip	genderflips	genderflipping	genderflipped	genderflipped
genderswap	genderswaps	genderswapping	genderswapped	genderswapped
geomap	geomaps	geomapping	geomapped	geomapped
geotag	geotags	geotagging	geotagged	geotagged
get	gets	getting	got	got
ghetto	ghettoes	ghettoing	ghettoed	ghettoed
ghostban	ghostbans	ghostbanning	ghostbanned	ghostbanned
ghostride	ghostrides	ghostriding	ghostrode	ghostridden
ghostwrite	ghostwrites	ghostwriting	ghostwrote	ghostwritten
gif	gifs	gifing	gifed	gifed
giftsub	giftsubs	giftsubbing	giftsubbed	giftsubbed
giftwrap	giftwraps	giftwrapping	giftwrapped	giftwrapped
gigacast	gigacasts	gigacasting	gigacast	gigacast
gigolo	gigoloes	gigoloing	gigoloed	gigoloed
gillnet	gillnets	gillnetting	gillnetted	gillnetted
gin	gins	ginning	gan	gun
git	gits	gitting	got	gotten
giue	giues	giuing	gaue	giuen
give	gives	giving	gave	given
globetrot	globetrots	globetrotting	globetrotted	globetrotted
go	goes	going	went	gone
goalie	goalies	goalieing	goalied	goalied
goalkeep	goalkeeps	goalkeeping	goalkept	goalkept
goatse	goatses	goatseing	goatsed	goatsed
godcast	godcasts	godcasting	godcast	godcast
goodbye	goodbyes	goodbying	goodbyed	goodbyed
goosestep	goosesteps	goosestepping	goosestepped	goosestepped
gralloch	grallochs	gralloching	gralloched	gralloched
grandma	grandmas	grandma-ing	grandmaed	grandmaed
grasshop	grasshops	grasshopping	grasshopped	grasshopped
gratinée	gratinées	gratinéeing	gratinéed	gratinéed
graverob	graverobs	graverobbing	graverobbed	graverobbed
gravestand	gravestands	gravestanding	gravestood	gravestood
graymap	graymaps	graymapping	graymapped	graymapped
grind	grinds	grinding	ground	ground
gristbite	gristbites	gristbiting	gristbit	gristbitten
grizbite	grizbites	grizbiting	grizbit	grizbitten
grow	grows	growing	grew	grown
growe	growes	growing	grewe	growne
gunfight	gunfights	gunfighting	gunfought	gunfought
gunzip	gunzips	gunzipping	gunzipped	gunzipped
gurks	gurks	gurksing	gurksed	gurksed
gutshoot	gutshoots	gutshooting	gutshot	gutshot
gymcel	gymcels	gymcelling	gymcelled	gymcelled
gyp	gyps	gypping	gypped	gypped
hagride	hagrides	hagriding	hagrode	hagridden
haircut	haircuts	haircutting	haircutted	haircutted
hairsplit	hairsplits	hairsplitting	hairsplit	hairsplit
halal	halals	halalling	halalled	halalled
half	halves	halving	halved	halved
hallal	hallals	hallalling	hallalled	hallalled
halo	haloes	haloing	haloed	haloed
halterbreak	halterbreaks	halterbreaking	halterbroke	halterbroken
hamstring	hamstrings	hamstringing	hamstrung	hamstrung
handbag	handbags	handbagging	handbagged	handbagged
handfeed	handfeeds	handfeeding	handfed	handfed
handfight	handfights	handfighting	handfought	handfought
handgag	handgags	handgagging	handgagged	handgagged
handhold	handholds	handholding	handheld	handheld
handicap	handicaps	handicapping	handicapped	handicapped
handknit	handknits	handknitting	handknitted	handknitted
handmake	handmakes	handmaking	handmade	handmade
handset	handsets	handsetting	handset	handset
handstand	handstands	handstanding	handstood	handstood
handweave	handweaves	handweaving	handwove	handwoven
handwrite	handwrites	handwriting	handwrote	handwritten
handyman	handymans	handymanning	handymanned	handymanned
hang	hangs	hanging	hung	hung
hangdog	hangdogs	hangdogging	hangdogged	hangdogged
hardship	hardships	hardshipping	hardshipped	hardshipped
hardsub	hardsubs	hardsubbing	hardsubbed	hardsubbed
harelip	harelips	harelipping	harelipped	harelipped
hashtag	hashtags	hashtagging	hashtagged	hashtagged
haue	has	hauing	had	had
hav	has	having	had	had
have	has	having	had	had
havoc	havocs	havocking	havocked	havocked
headshot	headshots	headshotting	headshotted	headshotted
headspring	headsprings	headspringing	headsprang	headsprung
headstand	headstands	headstanding	headstood	headstood
hear	hears	hearing	heard	heard
heatmap	heatmaps	heatmapping	heatmapped	heatmapped
hedgehog	hedgehogs	hedgehogging	hedgehogged	hedgehogged
hedgehop	hedgehops	hedgehopping	hedgehopped	hedgehopped
heeltap	heeltaps	heeltapping	heeltapped	heeltapped
heightmog	heightmogs	heightmogging	heightmogged	heightmogged
hellban	hellbans	hellbanning	hellbanned	hellbanned
hero	heroes	heroing	heroed	heroed
herye	heryeth	herying	heryed	heryed
hev	hes	heving	hed	hed
hew	hews	hewing	hewed	hewn
hide	hides	hiding	hid	hidden
hight	hights	highting	hight	hight
hindcast	hindcasts	hindcasting	hindcast	hindcast
histoblot	histoblots	histoblotting	histoblotted	histoblotted
histogram	histograms	histogramming	histogrammed	histogrammed
hit	hits	hitting	hit	hit
ho	hoes	hoeing	hoed	hoed
hobandnob	hobandnobs	hobandnobbing	hobandnobbed	hobandnobbed
hobanob	hobanobs	hobanobbing	hobanobbed	hobanobbed
hobjob	hobjobs	hobjobbing	hobjobbed	hobjobbed
hobnob	hobnobs	hobnobbing	hobnobbed	hobnobbed
hockle	hockles	hocklin	hockled	hockled
hoit	hoits	hoiting	hoit	hoit
hold	holds	holding	held	held
hollo	holloes	holloing	holloed	holloed
homemake	homemakes	homemaking	homemade	homemade
homesit	homesits	homesitting	homesat	homesat
honeytrap	honeytraps	honeytrapping	honeytrapped	honeytrapped
horsesit	horsesits	horsesitting	horsesat	horsesat
horsewhip	horsewhips	horsewhipping	horsewhipped	horsewhipped
hotdog	hotdogs	hotdogging	hotdogged	hotdogged
hotplug	hotplugs	hotplugging	hotplugged	hotplugged
hotshot	hotshots	hotshotting	hotshotted	hotshotted
hotstep	hotsteps	hotstepping	hotstepped	hotstepped
hould	houlds	houlding	held	held
hounddog	hounddogs	hounddogging	hounddogged	hounddogged
housebreak	housebreaks	housebreaking	housebroke	housebroken
housekeep	housekeeps	housekeeping	housekept	housekept
housesit	housesits	housesitting	housesat	housesat
hubbub	hubbubs	hubbubbing	hubbubbed	hubbubbed
humblebrag	humblebrags	humblebragging	humblebragged	humblebragged
humbug	humbugs	humbugging	humbugged	humbugged
humjob	humjobs	humjobbing	humjobbed	humjobbed
hurt	hurts	hurting	hurt	hurt
hyde	hydes	hyding	hyd	hydden
hydraulic	hydraulics	hydraulicking	hydraulicked	hydraulicked
hydrofrac	hydrofracs	hydrofracking	hydrofracked	hydrofracked
hydrojet	hydrojets	hydrojetting	hydrojetted	hydrojetted
hye	hyes	hying	hyed	hyed
hyp	hyps	hypping	hypped	hypped
hyperbleb	hyperblebs	hyperblebbing	hyperblebbed	hyperblebbed
hyperdom	hyperdoms	hyperdomming	hyperdommed	hyperdommed
hypertap	hypertaps	hypertapping	hypertapped	hypertapped
hyperwet	hyperwets	hyperwetting	hyperwet	hyperwet
icen	icens	icening	icened	icened
ig	igs	igging	igged	igged
imbar	imbars	imbarring	imbarred	imbarred
imbargo	imbargoes	imbargoing	imbargoed	imbargoed
imbed	imbeds	imbedding	imbedded	imbedded
imbreed	imbreeds	imbreeding	imbred	imbred
imbring	imbrings	imbringing	imbrought	imbrought
immit	immits	immitting	immitted	immitted
immunoblot	immunoblots	immunoblotting	immunoblotted	immunoblotted
immunotag	immunotags	immunotagging	immunotagged	immunotagged
impasto	impastoes	impastoing	impastoed	impastoed
impel	impels	impelling	impelled	impelled
impen	impens	impenning	impenned	impenned
improv	improvs	improvving	improvved	improvved
in	ins	inning	inned	inned
inbear	inbears	inbearing	inbore	inborne
inbeat	inbeats	inbeating	inbeat	inbeaten
inbind	inbinds	inbinding	inbound	inbound
inblow	inblows	inblowing	inblew	inblown
inbreak	inbreaks	inbreaking	inbroke	inbroken
inbreed	inbreeds	inbreeding	inbred	inbred
inbring	inbrings	inbringing	inbrought	inbrought
inbuild	inbuilds	inbuilding	inbuilt	inbuilt
inclip	inclips	inclipping	inclipped	inclipped
increep	increeps	increeping	incrept	incrept
incrossbreed	incrossbreeds	incrossbreeding	incrossbred	incrossbred
incur	incurs	incurring	incurred	incurred
indef	indefs	indeffing	indeffed	indeffed
indraw	indraws	indrawing	indrew	indrawn
infall	infalls	infalling	infell	infallen
infer	infers	inferring	inferred	inferred
infight	infights	infighting	infought	infought
inglut	ingluts	inglutting	inglutted	inglutted
ingrow	ingrows	ingrowing	ingrew	ingrown
inhold	inholds	inholding	inheld	inheld
init	inits	initing	inited	inited
injog	injogs	injogging	injogged	injogged
inknit	inknits	inknitting	inknitted	inknitted
inknot	inknots	inknotting	inknotted	inknotted
inlay	inlays	inlaying	inlaid	inlaid
inlead	inleads	inleading	inled	inled
inlet	inlets	inletting	inlet	inlet
input	inputs	inputting	input	input
insee	insees	inseeing	insaw	inseen
insend	insends	insending	insent	insent
inset	insets	insetting	inset	inset
inship	inships	inshipping	inshipped	inshipped
inspan	inspans	inspanning	inspanned	inspanned
inspeak	inspeaks	inspeaking	inspoke	inspoken
instaban	instabans	instabanning	instabanned	instabanned
instagib	instagibs	instagibbing	instagibbed	instagibbed
instal	instals	installing	installed	installed
instar	instars	instarring	instarred	instarred
instasend	instasends	instasending	instasent	instasent
instil	instils	instilling	instilled	instilled
instop	instops	instopping	instopped	instopped
instrew	instrews	instrewing	instrewed	instrewn
intake	intakes	intaking	intook	intaken
inter	inters	interring	interred	interred
interbed	interbeds	interbedding	interbedded	interbedded
interbreed	interbreeds	interbreeding	interbred	interbred
interbring	interbrings	interbringing	interbrought	interbrought
intercom	intercoms	intercomming	intercommed	intercommed
intercome	intercomes	intercoming	intercame	intercome
intercrop	intercrops	intercropping	intercropped	intercropped
intercur	intercurs	intercurring	intercurred	intercurred
intercut	intercuts	intercutting	intercut	intercut
interdeal	interdeals	interdealing	interdealt	interdealt
interdot	interdots	interdotting	interdotted	interdotted
intergrind	intergrinds	intergrinding	interground	interground
intergrow	intergrows	intergrowing	intergrew	intergrown
interknit	interknits	interknitting	interknitted	interknitted
interknot	interknots	interknotting	interknotted	interknotted
interknow	interknows	interknowing	interknew	interknown
interlap	interlaps	interlapping	interlapped	interlapped
interlay	interlays	interlaying	interlaid	interlaid
interlend	interlends	interlending	interlent	interlent
interlie	interlies	interlying	interlay	interlain
intermat	intermats	intermatting	intermatted	intermatted
intermit	intermits	intermitting	intermitted	intermitted
internet	internets	internetting	internetted	internetted
interpel	interpels	interpelling	interpelled	interpelled
interset	intersets	intersetting	interset	interset
intershine	intershines	intershining	intershone	intershone
intersow	intersows	intersowing	intersowed	intersown
interthink	interthinks	interthinking	interthought	interthought
interweave	interweaves	interweaving	interwove	interwoven
interwed	interweds	interwedding	interwedded	interwedded
interwind	interwinds	interwinding	interwound	interwound
interwrap	interwraps	interwrapping	interwrapped	interwrapped
inthral	inthrals	inthralling	inthralled	inthralled
inthrow	inthrows	inthrowing	inthrew	inthrown
inthrust	inthrusts	inthrusting	inthrust	inthrust
intrap	intraps	intrapping	intrapped	intrapped
intromit	intromits	intromitting	intromitted	intromitted
inweave	inweaves	inweaving	inwove	inwoven
inwind	inwinds	inwinding	inwound	inwound
inwork	inworks	inworking	inwrought	inwrought
inwrap	inwraps	inwrapping	inwrapped	inwrapped
inwrite	inwrites	inwriting	inwrote	inwritten
iris	irises	irising	irised	irised
iron	irons	ironing	ironed	ironed
item	items	iteming	itemed	itemed
jackpot	jackpots	jackpotting	jackpotted	jackpotted
jailbreak	jailbreaks	jailbreaking	jailbroke	jailbroken
jambok	jamboks	jambokking	jambokked	jambokked
japan	japans	japanning	japanned	japanned
jayrun	jayruns	jayrunning	jayran	jayrun
jerrybuild	jerrybuilds	jerrybuilding	jerrybuilt	jerrybuilt
jetset	jetsets	jetsetting	jetsetted	jetsetted
jimjam	jimjams	jimjamming	jimjammed	jimjammed
jitterbug	jitterbugs	jitterbugging	jitterbugged	jitterbugged
jogtrot	jogtrots	jogtrotting	jogtrotted	jogtrotted
jooj	joojes	joojing	joojed	joojed
joozh	joozhes	joozhing	joozhed	joozhed
joyhop	joyhops	joyhopping	joyhopped	joyhopped
joypop	joypops	joypopping	joypopped	joypopped
joyride	joyrides	joyriding	joyrode	joyridden
judg	judges	judging	judged	judged
juj	jujes	jujing	jujed	jujed
jumpcut	jumpcuts	jumpcutting	jumpcut	jumpcut
juzh	juzhes	juzhing	juzhed	juzhed
kabob	kabobs	kabobbing	kabobbed	kabobbed
kafkatrap	kafkatraps	kafkatrapping	kafkatrapped	kafkatrapped
kamikaze	kamikazes	kamikazeing	kamikazed	kamikazed
kape	kapes	kaping	kapt	kapt
karaoke	karaokes	karaokeing	karaoked	karaoked
karate	karates	karateing	karated	karated
kebab	kebabs	kebabbing	kebabbed	kebabbed
kebob	kebobs	kebobbing	kebobbed	kebobbed
keep	keeps	keeping	kept	kept
keke	kekes	kekeing	keke'd	keke'd
kerblam	kerblams	kerblamming	kerblammed	kerblammed
kest	kests	kesting	kest	kest
ketchup	ketchups	ketchupping	ketchupped	ketchupped
kiap	kiaps	kiapping	kiapped	kiapped
kickban	kickbans	kickbanning	kickbanned	kickbanned
kickflip	kickflips	kickflipping	kickflipped	kickflipped
kicksled	kicksleds	kicksledding	kicksledded	kicksledded
kickstep	kicksteps	kickstepping	kickstepped	kickstepped
kidnap	kidnaps	kidnapping	kidnapped	kidnapped
kingmake	kingmakes	kingmaking	kingmade	kingmade
knaw	knaws	knawing	knawed	knawn
kneecap	kneecaps	kneecapping	kneecapped	kneecapped
kneel	kneels	kneeling	knelt	knelt
knit	knits	knitting	knit	knit
know	knows	knowing	knew	known
kris	kriss	krising	krised	krised
lade	lades	lading	laded	laden
lallygag	lallygags	lallygagging	lallygagged	lallygagged
landgrab	landgrabs	landgrabbing	landgrabbed	landgrabbed
landslide	landslides	landsliding	landslid	landslid
larf	larfs	larfin'	larfed	larfed
larn	larns	larnin	larned	larned
lasertypeset	lasertypesets	lasertypesetting	lasertypeset	lasertypeset
lasso	lassoes	lassoing	lassoed	lassoed
lasthit	lasthits	lasthitting	lasthit	lasthit
lavacast	lavacasts	lavacasting	lavacast	lavacast
lawmake	lawmakes	lawmaking	lawmade	lawmade
lay	lays	laying	laid	laid
laye	layes	laying	layed	layed
lead	leads	leading	led	led
leapfrog	leapfrogs	leapfrogging	leapfrogged	leapfrogged
leaue	leaues	leauing	left	left
leave	leaves	leaving	left	left
leese	leeses	leesing	lore	lorn
lend	lends	lending	lent	lent
lern	lerns	lerning	lernt	lernt
lese	leses	lesing	lore	lorn
let	lets	letting	let	let
lie	lies	lying	lay	lain
lifelog	lifelogs	lifelogging	lifelogged	lifelogged
lifesteal	lifesteals	lifestealing	lifestole	lifestolen
light	lights	lighting	lit	lit
limbec	limbecs	limbecking	limbecked	limbecked
limetwig	limetwigs	limetwigging	limetwigged	limetwigged
limp	limps	limping	lamp	lump
linchpin	linchpins	linchpinning	linchpinned	linchpinned
linebreed	linebreeds	linebreeding	linebred	linebred
lipread	lipreads	lipreading	lipread	lipread
lipsynch	lipsynchs	lipsynching	lipsynched	lipsynched
list	lists	listing	list	list
liveblog	liveblogs	liveblogging	liveblogged	liveblogged
livecast	livecasts	livecasting	livecast	livecast
livechat	livechats	livechatting	livechatted	livechatted
livescan	livescans	livescanning	livescanned	livescanned
livetrap	livetraps	livetrapping	livetrapped	livetrapped
lobbycon	lobbycons	lobbyconning	lobbyconned	lobbyconned
loc	locs	locing	loced	loced
logic	logics	logicking	logicked	logicked
logjam	logjams	logjamming	logjammed	logjammed
lol	lols	loling	loled	loled
lollipop	lollipops	lollipopping	lollipopped	lollipopped
lollygag	lollygags	lollygagging	lollygagged	lollygagged
lollygog	lollygogs	lollygogging	lollygogged	lollygogged
lolmao	lolmaoes	lolmaoing	lolmaoed	lolmaoed
lolsob	lolsobs	lolsobbing	lolsobbed	lolsobbed
longe	longes	longeing	longed	longed
looksee	looksees	lookseeing	looksaw	lookseen
lose	loses	losing	lost	lost
lowp	lowps	lowping	lowpt	lowpt
luv	luvz	luving	luvd	luvd
lye	lyes	lying	lay	lain
lynchpin	lynchpins	lynchpinning	lynchpinned	lynchpinned
machete	machetes	macheteing	macheted	macheted
machinegun	machineguns	machinegunning	machinegunned	machinegunned
macrame	macrames	macrameing	macrameed	macrameed
magic	magics	magicking	magicked	magicked
magpie	magpies	magpieing	magpied	magpied
mailgram	mailgrams	mailgramming	mailgrammed	mailgrammed
mailshot	mailshots	mailshotting	mailshotted	mailshotted
mainswear	mainswears	mainswearing	mainswore	mainsworn
mak	maks	makkin	makked	makked
make	makes	making	made	made
malaprop	malaprops	malapropping	malapropped	malapropped
mandril	mandrils	mandrilling	mandrilled	mandrilled
mango	mangoes	mangoing	mangoed	mangoed
mankeep	mankeeps	mankeeping	mankept	mankept
manspread	manspreads	manspreading	manspread	manspread
manswear	manswears	manswearing	manswore	mansworn
manumit	manumits	manumitting	manumitted	manumitted
marcel	marcels	marcelling	marcelled	marcelled
marcot	marcots	marcotting	marcotted	marcotted
marzipan	marzipans	marzipanning	marzipanned	marzipanned
masterplan	masterplans	masterplanning	masterplanned	masterplanned
matchmake	matchmakes	matchmaking	matchmade	matchmade
mean	means	meaning	meant	meant
meatpuppet	meatpuppets	meatpuppetting	meatpuppetted	meatpuppetted
meatride	meatrides	meatriding	meatrode	meatridden
meean	meeans	meeaning	meeant	meeant
meet	meets	meeting	met	met
megacast	megacasts	megacasting	megacast	megacast
memba	membas	membaing	memba'd	memba'd
membership	memberships	membershipping	membershipped	membershipped
meme	memes	memeing	memed	memed
merrimake	merrimakes	merrimaking	merrimade	merrimade
merrymake	merrymakes	merrymaking	merrymade	merrymade
metablog	metablogs	metablogging	metablogged	metablogged
metric	metrics	metricking	metricked	metricked
mic	mics	micing	miced	miced
microblog	microblogs	microblogging	microblogged	microblogged
microchip	microchips	microchipping	microchipped	microchipped
microdot	microdots	microdotting	microdotted	microdotted
micronap	micronaps	micronapping	micronapped	micronapped
microprogram	microprograms	microprogramming	microprogrammed	microprogrammed
microteach	microteaches	microteaching	microtaught	microtaught
microtrepan	microtrepans	microtrepanning	microtrepanned	microtrepanned
middleman	middlemans	middlemanning	middlemanned	middlemanned
mimic	mimics	mimicking	mimicked	mimicked
minac	minacs	minacking	minacked	minacked
mindmap	mindmaps	mindmapping	mindmapped	mindmapped
mindread	mindreads	mindreading	mindread	mindread
minesweep	minesweeps	minesweeping	mineswept	mineswept
minicab	minicabs	minicabbing	minicabbed	minicabbed
minimod	minimods	minimodding	minimodded	minimodded
miniprep	minipreps	miniprepping	miniprepped	miniprepped
minivan	minivans	minivanning	minivanned	minivanned
mipmap	mipmaps	mipmapping	mipmapped	mipmapped
mirrorship	mirrorships	mirrorshipping	mirrorshipped	mirrorshipped
misallot	misallots	misallotting	misallotted	misallotted
misbear	misbears	misbearing	misbore	misborne
misbeat	misbeats	misbeating	misbeat	misbeaten
misbecome	misbecomes	misbecoming	misbecame	misbecome
misbefall	misbefalls	misbefalling	misbefell	misbefallen
misbeget	misbegets	misbegetting	misbegot	misbegotten
misbid	misbids	misbidding	misbid	misbidden
misbind	misbinds	misbinding	misbound	misbound
misblow	misblows	misblowing	misblew	misblown
misbreed	misbreeds	misbreeding	misbred	misbred
misbuild	misbuilds	misbuilding	misbuilt	misbuilt
misbuy	misbuys	misbuying	misbought	misbought
miscast	miscasts	miscasting	miscast	miscast
miscatch	miscatches	miscatching	miscaught	miscaught
mischoose	mischooses	mischoosing	mischose	mischosen
miscleave	miscleaves	miscleaving	miscleft	miscleft
miscome	miscomes	miscoming	miscame	miscome
miscommit	miscommits	miscommitting	miscommitted	miscommitted
miscontrol	miscontrols	miscontrolling	miscontrolled	miscontrolled
miscrop	miscrops	miscropping	miscropped	miscropped
miscut	miscuts	miscutting	miscut	miscut
misdeal	misdeals	misdealing	misdealt	misdealt
misdiagram	misdiagrams	misdiagramming	misdiagrammed	misdiagrammed
misdig	misdigs	misdigging	misdug	misdug
misdo	misdoes	misdoing	misdid	misdone
misdraw	misdraws	misdrawing	misdrew	misdrawn
misdrive	misdrives	misdriving	misdrove	misdriven
misdrop	misdrops	misdropping	misdropped	misdropped
misdub	misdubs	misdubbing	misdubbed	misdubbed
miseat	miseats	miseating	misate	miseaten
misenrol	misenrols	misenrolling	misenrolled	misenrolled
misfall	misfalls	misfalling	misfell	misfallen
misfeed	misfeeds	misfeeding	misfed	misfed
misfeel	misfeels	misfeeling	misfelt	misfelt
misfit	misfits	misfitting	misfitted	misfitted
misflip	misflips	misflipping	misflipped	misflipped
misforecast	misforecasts	misforecasting	misforecast	misforecast
misforgive	misforgives	misforgiving	misforgave	misforgiven
misformat	misformats	misformatting	misformatted	misformatted
misget	misgets	misgetting	misgot	misgotten
misgive	misgives	misgiving	misgave	misgiven
misgo	misgoes	misgoing	miswent	misgone
misgrab	misgrabs	misgrabbing	misgrabbed	misgrabbed
misgrind	misgrinds	misgrinding	misground	misground
misgrip	misgrips	misgripping	misgripped	misgripped
misgrow	misgrows	misgrowing	misgrew	misgrown
mishang	mishangs	mishanging	mishung	mishung
mishap	mishaps	mishapping	mishapped	mishapped
mishear	mishears	mishearing	misheard	misheard
mishit	mishits	mishitting	mishit	mishit
mishold	misholds	misholding	misheld	misheld
misinfer	misinfers	misinferring	misinferred	misinferred
misinput	misinputs	misinputting	misinputted	misinputted
miskeep	miskeeps	miskeeping	miskept	miskept
misken	miskens	miskenning	miskenned	miskenned
misknit	misknits	misknitting	misknit	misknit
misknot	misknots	misknotting	misknotted	misknotted
misknow	misknows	misknowing	misknew	misknown
mislay	mislays	mislaying	mislaid	mislaid
mislead	misleads	misleading	misled	misled
mislie	mislies	mislying	mislay	mislain
mislog	mislogs	mislogging	mislogged	mislogged
mismake	mismakes	mismaking	mismade	mismade
mismap	mismaps	mismapping	mismapped	mismapped
mismean	mismeans	mismeaning	mismeant	mismeant
mismeet	mismeets	mismeeting	mismet	mismet
mispay	mispays	mispaying	mispaid	mispaid
mispeg	mispegs	mispegging	mispegged	mispegged
mispen	mispens	mispenning	mispenned	mispenned
mispin	mispins	mispinning	mispinned	mispinned
misplan	misplans	misplanning	misplanned	misplanned
misplead	mispleads	mispleading	mispled	mispled
misplot	misplots	misplotting	misplotted	misplotted
misplug	misplugs	misplugging	misplugged	misplugged
misprogram	misprograms	misprogramming	misprogrammed	misprogrammed
misput	misputs	misputting	misput	misput
misread	misreads	misreading	misread	misread
misrefer	misrefers	misreferring	misreferred	misreferred
misride	misrides	misriding	misrode	misridden
misring	misrings	misringing	misrang	misrung
misrun	misruns	misrunning	misran	misrun
missay	missays	missaying	missaid	missaid
misscan	misscans	misscanning	misscanned	misscanned
missee	missees	misseeing	missaw	misseen
misseek	misseeks	misseeking	missought	missought
missell	missells	misselling	missold	missold
missend	missends	missending	missent	missent
misset	missets	missetting	misset	misset
missew	missews	missewing	missewed	missewn
misship	misships	misshipping	misshipped	misshipped
misshoot	misshoots	misshooting	misshot	misshot
misspeak	misspeaks	misspeaking	misspoke	misspoken
misspeed	misspeeds	misspeeding	missped	missped
misspell	misspells	misspelling	misspelt	misspelt
misspend	misspends	misspending	misspent	misspent
misspin	misspins	misspinning	misspun	misspun
misspit	misspits	misspitting	misspat	misspat
missplit	missplits	missplitting	missplit	missplit
misspot	misspots	misspotting	misspotted	misspotted
misspread	misspreads	misspreading	misspread	misspread
misstep	missteps	misstepping	misstepped	misstepped
misstop	misstops	misstopping	misstopped	misstopped
misstrike	misstrikes	misstriking	misstruck	misstruck
misstring	misstrings	misstringing	misstrung	misstrung
misstrip	misstrips	misstripping	misstripped	misstripped
missubmit	missubmits	missubmitting	missubmitted	missubmitted
misswear	misswears	misswearing	misswore	missworn
misswing	misswings	misswinging	misswung	misswung
mistag	mistags	mistagging	mistagged	mistagged
mistap	mistaps	mistapping	mistapped	mistapped
misteach	misteaches	misteaching	mistaught	mistaught
mistell	mistells	mistelling	mistold	mistold
misthink	misthinks	misthinking	misthought	misthought
misthrow	misthrows	misthrowing	misthrew	misthrown
mistransfer	mistransfers	mistransferring	mistransferred	mistransferred
mistransmit	mistransmits	mistransmitting	mistransmitted	mistransmitted
mistrap	mistraps	mistrapping	mistrapped	mistrapped
mistrim	mistrims	mistrimming	mistrimmed	mistrimmed
mistrip	mistrips	mistripping	mistripped	mistripped
misunderstand	misunderstands	misunderstanding	misunderstood	misunderstood
miswear	miswears	miswearing	miswore	misworn
misweave	misweaves	misweaving	miswove	miswoven
miswed	misweds	miswedding	miswed	miswed
miswend	miswends	miswending	miswent	miswent
miswind	miswinds	miswinding	miswound	miswound
miswrap	miswraps	miswrapping	miswrapped	miswrapped
miswrite	miswrites	miswriting	miswrote	miswritten
miszip	miszips	miszipping	miszipped	miszipped
mobcast	mobcasts	mobcasting	mobcast	mobcast
moblog	moblogs	moblogging	moblogged	moblogged
mocap	mocaps	mocapping	mocapped	mocapped
moleskin	moleskins	moleskinning	moleskinned	moleskinned
monogram	monograms	monogramming	monogrammed	monogrammed
moonrun	moonruns	moonrunning	moonran	moonran
moralfag	moralfags	moralfagging	moralfagged	moralfagged
mosaic	mosaics	mosaicking	mosaicked	mosaicked
motel	motels	motelling	motelled	motelled
mousetrap	mousetraps	mousetrapping	mousetrapped	mousetrapped
mow	mows	mowing	mowed	mown
muckspread	muckspreads	muckspreading	muckspread	muckspread
mudcap	mudcaps	mudcapping	mudcapped	mudcapped
mudsling	mudslings	mudslinging	mudslung	mudslung
multiship	multiships	multishipping	multishipped	multishipped
muni	munis	muni'ing	muni'd	muni'd
music	musics	musicking	musicked	musicked
myek	myeks	myekin	made	made
mythmake	mythmakes	mythmaking	mythmade	mythmade
namaste	namastes	namasteing	namasted	namasted
namedrop	namedrops	namedropping	namedropped	namedropped
namefag	namefags	namefagging	namefagged	namefagged
nannybot	nannybots	nannybotting	nannybotted	nannybotted
narrowcast	narrowcasts	narrowcasting	narrowcast	narrowcast
naysay	naysays	naysaying	naysaid	naysaid
necro	necroes	necroing	necroed	necroed
netcop	netcops	netcopping	netcopped	netcopped
netsplit	netsplits	netsplitting	netsplitted	netsplitted
neurotransmit	neurotransmits	neurotransmitting	neurotransmitted	neurotransmitted
newcast	newcasts	newcasting	newcast	newcast
newmake	newmakes	newmaking	newmade	newmade
newscast	newscasts	newscasting	newscast	newscast
newset	newsets	newsetting	newset	newset
nightcap	nightcaps	nightcapping	nightcapped	nightcapped
nightclub	nightclubs	nightclubbing	nightclubbed	nightclubbed
nim	nims	nimming	nam	num
no	noes	noing	noed	noed
noclip	noclips	noclipping	noclipped	noclipped
nollepros	nolleprosses	nolleprossing	nolleprossed	nolleprossed
nomogram	nomograms	nomogramming	nomogrammed	nomogrammed
nonconcur	nonconcurs	nonconcurring	nonconcurred	nonconcurred
nonplus	nonplusses	nonplussing	nonplussed	nonplussed
nonpros	nonprosses	nonprossing	nonprossed	nonprossed
nosel	nosels	noselling	noselled	noselled
noseride	noserides	noseriding	noserode	noseridden
noserub	noserubs	noserubbing	noserubbed	noserubbed
notetake	notetakes	notetaking	notetook	notetaken
nowcast	nowcasts	nowcasting	nowcast	nowcast
nudzh	nudzhes	nudzhing	nudzhed	nudzhed
nutmeg	nutmegs	nutmegging	nutmegged	nutmegged
nutshot	nutshots	nutshotting	nutshot	nutshot
occur	occurs	occurring	occurred	occurred
octopus	octopusses	octopussing	octopussed	octopussed
oddjob	oddjobs	oddjobbing	oddjobbed	oddjobbed
offbear	offbears	offbearing	offbore	offborne
offcap	offcaps	offcapping	offcapped	offcapped
offcast	offcasts	offcasting	offcast	offcast
offcut	offcuts	offcutting	offcut	offcut
offgas	offgases	offgassing	offgassed	offgassed
offhold	offholds	offholding	offheld	offheld
offlay	offlays	offlaying	offlaid	offlaid
offlead	offleads	offleading	offled	offled
offsend	offsends	offsending	offsent	offsent
offset	offsets	offsetting	offset	offset
offsmite	offsmites	offsmiting	offsmote	offsmitten
offsplit	offsplits	offsplitting	offsplit	offsplit
offstand	offstands	offstanding	offstood	offstood
offtake	offtakes	offtaking	offtook	offtaken
offthrow	offthrows	offthrowing	offthrew	offthrown
okeh	okehs	okehing	okehed	okehed
oker	okers	okering	okered	okered
ollie	ollies	ollieing	ollied	ollied
om	oms	omming	ommed	ommed
omen	omens	omening	omened	omened
oncome	oncomes	oncoming	oncame	oncome
onebag	onebags	onebagging	onebagged	onebagged
oneshot	oneshots	oneshotting	oneshotted	oneshotted
onfall	onfalls	onfalling	onfell	onfallen
ongo	ongoes	ongoing	onwent	ongone
onhold	onholds	onholding	onheld	onheld
onlap	onlaps	onlapping	onlapped	onlapped
onlay	onlays	onlaying	onlaid	onlaid
onlead	onleads	onleading	onled	onled
onlend	onlends	onlending	onlent	onlent
onsell	onsells	onselling	onsold	onsold
onsend	onsends	onsending	onsent	onsent
onset	onsets	onsetting	onset	onset
ontake	ontakes	ontaking	ontook	ontaken
oopsie	oopsies	oopsieing	oopsied	oopsied
op	ops	opping	opped	opped
open	opens	opening	opened	opened
optotag	optotags	optotagging	optotagged	optotagged
orthophotomap	orthophotomaps	orthophotomapping	orthophotomapped	orthophotomapped
outbar	outbars	outbarring	outbarred	outbarred
outbear	outbears	outbearing	outbore	outborne
outbeat	outbeats	outbeating	outbeat	outbeaten
outbeg	outbegs	outbegging	outbegged	outbegged
outbet	outbets	outbetting	outbetted	outbetted
outbid	outbids	outbidding	outbid	outbid
outbleed	outbleeds	outbleeding	outbled	outbled
outblog	outblogs	outblogging	outblogged	outblogged
outblot	outblots	outblotting	outblotted	outblotted
outblow	outblows	outblowing	outblew	outblown
outbrag	outbrags	outbragging	outbragged	outbragged
outbreak	outbreaks	outbreaking	outbroke	outbroken
outbreed	outbreeds	outbreeding	outbred	outbred
outbring	outbrings	outbringing	outbrought	outbrought
outbud	outbuds	outbudding	outbudded	outbudded
outbuild	outbuilds	outbuilding	outbuilt	outbuilt
outbullshit	outbullshits	outbullshitting	outbullshitted	outbullshitted
outburst	outbursts	outbursting	outburst	outburst
outbuy	outbuys	outbuying	outbought	outbought
outcap	outcaps	outcapping	outcapped	outcapped
outcast	outcasts	outcasting	outcast	outcast
outcatch	outcatches	outcatching	outcaught	outcaught
outchip	outchips	outchipping	outchipped	outchipped
outcon	outcons	outconning	outconned	outconned
outcreep	outcreeps	outcreeping	outcrept	outcrept
outcrop	outcrops	outcropping	outcropped	outcropped
outcut	outcuts	outcutting	outcut	outcut
outdig	outdigs	outdigging	outdug	outdug
outdin	outdins	outdinning	outdinned	outdinned
outdo	outdoes	outdoing	outdid	outdone
outdrag	outdrags	outdragging	outdragged	outdragged
outdraw	outdraws	outdrawing	outdrew	outdrawn
outdrink	outdrinks	outdrinking	outdrank	outdrunk
outdrive	outdrives	outdriving	outdrove	outdriven
outdwell	outdwells	outdwelling	outdwelt	outdwelt
outeat	outeats	outeating	outate	outeaten
outecho	outechoes	outechoing	outechoed	outechoed
outfall	outfalls	outfalling	outfell	outfallen
outfeel	outfeels	outfeeling	outfelt	outfelt
outfib	outfibs	outfibbing	outfibbed	outfibbed
outfight	outfights	outfighting	outfought	outfought
outfind	outfinds	outfinding	outfound	outfound
outfit	outfits	outfitting	outfitted	outfitted
outflap	outflaps	outflapping	outflapped	outflapped
outflee	outflees	outfleeing	outfled	outfled
outfling	outflings	outflinging	outflung	outflung
outfly	outflies	outflying	outflew	outflown
outfreeze	outfreezes	outfreezing	outfroze	outfrozen
outgas	outgases	outgassing	outgassed	outgassed
outgive	outgives	outgiving	outgave	outgiven
outgo	outgoes	outgoing	outwent	outgone
outgrin	outgrins	outgrinning	outgrinned	outgrinned
outgrow	outgrows	outgrowing	outgrew	outgrown
outgun	outguns	outgunning	outgunned	outgunned
outhear	outhears	outhearing	outheard	outheard
outhit	outhits	outhitting	outhit	outhit
outhold	outholds	outholding	outheld	outheld
outhop	outhops	outhopping	outhopped	outhopped
outjig	outjigs	outjigging	outjigged	outjigged
outjog	outjogs	outjogging	outjogged	outjogged
outjut	outjuts	outjutting	outjutted	outjutted
outkeep	outkeeps	outkeeping	outkept	outkept
outken	outkens	outkenning	outkenned	outkenned
outknit	outknits	outknitting	outknitted	outknitted
outlay	outlays	outlaying	outlaid	outlaid
outlead	outleads	outleading	outled	outled
outlean	outleans	outleaning	outleant	outleant
outleap	outleaps	outleaping	outleapt	outleapt
outlie	outlies	outlying	outlay	outlain
outmagic	outmagics	outmagicking	outmagicked	outmagicked
outman	outmans	outmanning	outmanned	outmanned
outmog	outmogs	outmogging	outmogged	outmogged
outpay	outpays	outpaying	outpaid	outpaid
outplan	outplans	outplanning	outplanned	outplanned
outplod	outplods	outplodding	outplodded	outplodded
outplot	outplots	outplotting	outplotted	outplotted
outprogram	outprograms	outprogramming	outprogrammed	outprogrammed
outpsych	outpsychs	outpsyching	outpsyched	outpsyched
output	outputs	outputting	output	output
outrap	outraps	outrapping	outrapped	outrapped
outread	outreads	outreading	outread	outread
outred	outreds	outredding	outredded	outredded
outredd	outredds	outredding	outredd	outredd
outride	outrides	outriding	outrode	outridden
outrig	outrigs	outrigging	outrigged	outrigged
outring	outrings	outringing	outrang	outrung
outrive	outrives	outriving	outrove	outriven
outrun	outruns	outrunning	outran	outrun
outscam	outscams	outscamming	outscammed	outscammed
outsee	outsees	outseeing	outsaw	outseen
outseek	outseeks	outseeking	outsought	outsought
outseg	outsegs	outsegging	outsegged	outsegged
outsell	outsells	outselling	outsold	outsold
outsend	outsends	outsending	outsent	outsent
outset	outsets	outsetting	outset	outset
outshake	outshakes	outshaking	outshook	outshaken
outshine	outshines	outshining	outshone	outshone
outshoot	outshoots	outshooting	outshot	outshot
outshop	outshops	outshopping	outshopped	outshopped
outshow	outshows	outshowing	outshowed	outshown
outshut	outshuts	outshutting	outshut	outshut
outsin	outsins	outsinning	outsinned	outsinned
outsing	outsings	outsinging	outsang	outsung
outsit	outsits	outsitting	outsat	outsat
outskin	outskins	outskinning	outskinned	outskinned
outskip	outskips	outskipping	outskipped	outskipped
outsleep	outsleeps	outsleeping	outslept	outslept
outslide	outslides	outsliding	outslid	outslid
outsling	outslings	outslinging	outslung	outslung
outslink	outslinks	outslinking	outslunk	outslunk
outslip	outslips	outslipping	outslipped	outslipped
outslug	outslugs	outslugging	outslugged	outslugged
outslut	outsluts	outslutting	outslutted	outslutted
outsnap	outsnaps	outsnapping	outsnapped	outsnapped
outsnob	outsnobs	outsnobbing	outsnobbed	outsnobbed
outspan	outspans	outspanning	outspanned	outspanned
outspeak	outspeaks	outspeaking	outspoke	outspoken
outspeed	outspeeds	outspeeding	outsped	outsped
outspend	outspends	outspending	outspent	outspent
outspin	outspins	outspinning	outspun	outspun
outspit	outspits	outspitting	outspat	outspat
outspread	outspreads	outspreading	outspread	outspread
outspring	outsprings	outspringing	outsprang	outsprung
outsquat	outsquats	outsquatting	outsquatted	outsquatted
outstand	outstands	outstanding	outstood	outstood
outstat	outstats	outstatting	outstatted	outstatted
outstatistic	outstatistics	outstatisticking	outstatisticked	outstatisticked
outsteal	outsteals	outstealing	outstole	outstolen
outstep	outsteps	outstepping	outstepped	outstepped
outsting	outstings	outstinging	outstung	outstung
outstink	outstinks	outstinking	outstank	outstunk
outstride	outstrides	outstriding	outstrode	outstridden
outstrike	outstrikes	outstriking	outstruck	outstruck
outstrip	outstrips	outstripping	outstripped	outstripped
outstrut	outstruts	outstrutting	outstrutted	outstrutted
outsum	outsums	outsumming	outsummed	outsummed
outswap	outswaps	outswapping	outswapped	outswapped
outswear	outswears	outswearing	outswore	outsworn
outsweat	outsweats	outsweating	outsweat	outsweat
outsweep	outsweeps	outsweeping	outswept	outswept
outswim	outswims	outswimming	outswam	outswum
outswing	outswings	outswinging	outswung	outswung
outtake	outtakes	outtaking	outtook	outtaken
outtell	outtells	outtelling	outtold	outtold
outthink	outthinks	outthinking	outthought	outthought
outthrob	outthrobs	outthrobbing	outthrobbed	outthrobbed
outthrow	outthrows	outthrowing	outthrew	outthrown
outthrust	outthrusts	outthrusting	outthrust	outthrust
outtop	outtops	outtopping	outtopped	outtopped
outtrot	outtrots	outtrotting	outtrotted	outtrotted
outwake	outwakes	outwaking	outwoke	outwoken
outwar	outwars	outwarring	outwarred	outwarred
outwear	outwears	outwearing	outwore	outworn
outweave	outweaves	outweaving	outwove	outwoven
outweep	outweeps	outweeping	outwept	outwept
outwin	outwins	outwinning	outwon	outwon
outwind	outwinds	outwinding	outwound	outwound
outwit	outwits	outwitting	outwitted	outwitted
outwring	outwrings	outwringing	outwrung	outwrung
outwrite	outwrites	outwriting	outwrote	outwritten
oven	ovens	ovening	ovened	ovened
over	overs	overing	overed	overed
overbar	overbars	overbarring	overbarred	overbarred
overbear	overbears	overbearing	overbore	overborne
overbeat	overbeats	overbeating	overbeat	overbeaten
overbend	overbends	overbending	overbent	overbent
overbet	overbets	overbetting	overbet	overbet
overbid	overbids	overbidding	overbid	overbid
overbide	overbides	overbiding	overbode	overbidden
overbind	overbinds	overbinding	overbound	overbound
overbite	overbites	overbiting	overbit	overbitten
overbleed	overbleeds	overbleeding	overbled	overbled
overblow	overblows	overblowing	overblew	overblown
overbreak	overbreaks	overbreaking	overbroke	overbroken
overbreed	overbreeds	overbreeding	overbred	overbred
overbrim	overbrims	overbrimming	overbrimmed	overbrimmed
overbuild	overbuilds	overbuilding	overbuilt	overbuilt
overbuy	overbuys	overbuying	overbought	overbought
overcast	overcasts	overcasting	overcast	overcast
overcatch	overcatches	overcatching	overcaught	overcaught
overclad	overclads	overcladding	overclad	overclad
overclub	overclubs	overclubbing	overclubbed	overclubbed
overcome	overcomes	overcoming	overcame	overcome
overcommit	overcommits	overcommitting	overcommitted	overcommitted
overcontrol	overcontrols	overcontrolling	overcontrolled	overcontrolled
overcram	overcrams	overcramming	overcrammed	overcrammed
overcreep	overcreeps	overcreeping	overcrept	overcrept
overcrop	overcrops	overcropping	overcropped	overcropped
overcut	overcuts	overcutting	overcut	overcut
overdeal	overdeals	overdealing	overdealt	overdealt
overdefer	overdefers	overdeferring	overdeferred	overdeferred
overdo	overdoes	overdoing	overdid	overdone
overdot	overdots	overdotting	overdotted	overdotted
overdraw	overdraws	overdrawing	overdrew	overdrawn
overdrink	overdrinks	overdrinking	overdrank	overdrunk
overdrive	overdrives	overdriving	overdrove	overdriven
overdrop	overdrops	overdropping	overdropped	overdropped
overdrug	overdrugs	overdrugging	overdrugged	overdrugged
overdub	overdubs	overdubbing	overdubbed	overdubbed
overeat	overeats	overeating	overate	overeaten
overequip	overequips	overequipping	overequipped	overequipped
overexcel	overexcels	overexcelling	overexcelled	overexcelled
overfall	overfalls	overfalling	overfell	overfallen
overfeed	overfeeds	overfeeding	overfed	overfed
overfeel	overfeels	overfeeling	overfelt	overfelt
overfit	overfits	overfitting	overfitted	overfitted
overflog	overflogs	overflogging	overflogged	overflogged
overfly	overflies	overflying	overflew	overflown
overformat	overformats	overformatting	overformatted	overformatted
overfreeze	overfreezes	overfreezing	overfroze	overfrozen
overfreight	overfreights	overfreighting	overfreighted	overfraught
overfret	overfrets	overfretting	overfretted	overfretted
overfulfil	overfulfils	overfulfilling	overfulfilled	overfulfilled
overget	overgets	overgetting	overgot	overgot
overgive	overgives	overgiving	overgave	overgiven
overglut	overgluts	overglutting	overglutted	overglutted
overgo	overgoes	overgoing	overwent	overgone
overgrind	overgrinds	overgrinding	overground	overground
overgrow	overgrows	overgrowing	overgrew	overgrown
overhandicap	overhandicaps	overhandicapping	overhandicapped	overhandicapped
overhang	overhangs	overhanging	overhung	overhung
overheal	overheals	overhealing	overhole	overholen
overhear	overhears	overhearing	overheard	overheard
overheave	overheaves	overheaving	overhove	overhoven
overhend	overhends	overhending	overhent	overhent
overhent	overhents	overhenting	overhent	overhent
overhip	overhips	overhipping	overhipped	overhipped
overhit	overhits	overhitting	overhit	overhit
overhold	overholds	overholding	overheld	overheld
overhug	overhugs	overhugging	overhugged	overhugged
overjut	overjuts	overjutting	overjutted	overjutted
overkeep	overkeeps	overkeeping	overkept	overkept
overlap	overlaps	overlapping	overlapped	overlapped
overlay	overlays	overlaying	overlaid	overlaid
overlead	overleads	overleading	overled	overled
overlean	overleans	overleaning	overleant	overleant
overleave	overleaves	overleaving	overleft	overleft
overlend	overlends	overlending	overlent	overlent
overlie	overlies	overlying	overlay	overlain
overlight	overlights	overlighting	overlit	overlit
overmake	overmakes	overmaking	overmade	overmade
overman	overmans	overmanning	overmanned	overmanned
overnap	overnaps	overnapping	overnapped	overnapped
overnet	overnets	overnetting	overnetted	overnetted
overnim	overnims	overnimming	overnam	overnum
overpad	overpads	overpadding	overpadded	overpadded
overpay	overpays	overpaying	overpaid	overpaid
overpet	overpets	overpetting	overpetted	overpetted
overplan	overplans	overplanning	overplanned	overplanned
overplot	overplots	overplotting	overplotted	overplotted
overpot	overpots	overpotting	overpotted	overpotted
overprogram	overprograms	overprogramming	overprogrammed	overprogrammed
overput	overputs	overputting	overput	overput
overram	overrams	overramming	overrammed	overrammed
overread	overreads	overreading	overread	overread
overren	overrens	overrenning	overran	overrun
overrep	overreps	overrepping	overrepped	overrepped
overrev	overrevs	overrevving	overrevved	overrevved
override	overrides	overriding	overrode	overridden
overring	overrings	overringing	overrang	overrung
overrise	overrises	overrising	overrose	overrisen
overrun	overruns	overrunning	overran	overrun
oversay	oversays	oversaying	oversaid	oversaid
overscrub	overscrubs	overscrubbing	overscrubbed	overscrubbed
oversee	oversees	overseeing	oversaw	overseen
oversell	oversells	overselling	oversold	oversold
oversend	oversends	oversending	oversent	oversent
overset	oversets	oversetting	overset	overset
oversew	oversews	oversewing	oversewed	oversewn
overshake	overshakes	overshaking	overshook	overshaken
overshine	overshines	overshining	overshone	overshone
overshoot	overshoots	overshooting	overshot	overshot
overshop	overshops	overshopping	overshopped	overshopped
overshow	overshows	overshowing	overshowed	overshown
overshrink	overshrinks	overshrinking	overshrank	overshrunk
oversing	oversings	oversinging	oversang	oversung
oversit	oversits	oversitting	oversat	oversat
overskim	overskims	overskimming	overskimmed	overskimmed
overskip	overskips	overskipping	overskipped	overskipped
oversleep	oversleeps	oversleeping	overslept	overslept
overslide	overslides	oversliding	overslid	overslid
overslip	overslips	overslipping	overslipped	overslipped
oversow	oversows	oversowing	oversowed	oversown
overspan	overspans	overspanning	overspanned	overspanned
overspeak	overspeaks	overspeaking	overspoke	overspoken
overspend	overspends	overspending	overspent	overspent
overspin	overspins	overspinning	overspun	overspun
oversplit	oversplits	oversplitting	oversplit	oversplit
overspread	overspreads	overspreading	overspread	overspread
overspring	oversprings	overspringing	oversprang	oversprung
overstand	overstands	overstanding	overstood	overstood
overstep	oversteps	overstepping	overstepped	overstepped
overstir	overstirs	overstirring	overstirred	overstirred
overstraw	overstraws	overstrawing	overstrawed	overstrawn
overstrew	overstrews	overstrewing	overstrewed	overstrewn
overstride	overstrides	overstriding	overstrode	overstrode
overstrike	overstrikes	overstriking	overstruck	overstruck
overstrive	overstrives	overstriving	overstrove	overstriven
overstrow	overstrows	overstrowing	overstrowed	overstrown
oversum	oversums	oversumming	oversummed	oversummed
oversup	oversups	oversupping	oversupped	oversupped
overswear	overswears	overswearing	overswore	oversworn
oversweep	oversweeps	oversweeping	overswept	overswept
overswim	overswims	overswimming	overswam	overswum
overswing	overswings	overswinging	overswung	overswung
overtag	overtags	overtagging	overtagged	overtagged
overtake	overtakes	overtaking	overtook	overtaken
overtan	overtans	overtanning	overtanned	overtanned
overteach	overteaches	overteaching	overtaught	overtaught
overtell	overtells	overtelling	overtold	overtold
overthin	overthins	overthinning	overthinned	overthinned
overthink	overthinks	overthinking	overthought	overthought
overthrow	overthrows	overthrowing	overthrew	overthrown
overtip	overtips	overtipping	overtipped	overtipped
overtop	overtops	overtopping	overtopped	overtopped
overtransmit	overtransmits	overtransmitting	overtransmitted	overtransmitted
overtrap	overtraps	overtrapping	overtrapped	overtrapped
overtread	overtreads	overtreading	overtrod	overtrodden
overtrim	overtrims	overtrimming	overtrimmed	overtrimmed
overtrip	overtrips	overtripping	overtripped	overtripped
overwear	overwears	overwearing	overwore	overworn
overweep	overweeps	overweeping	overwept	overwept
overwet	overwets	overwetting	overwet	overwet
overwhip	overwhips	overwhipping	overwhipped	overwhipped
overwin	overwins	overwinning	overwon	overwon
overwind	overwinds	overwinding	overwound	overwound
overwit	overwits	overwitting	overwitted	overwitted
overwithhold	overwithholds	overwithholding	overwithheld	overwithheld
overwrap	overwraps	overwrapping	overwrapped	overwrapped
overwrite	overwrites	overwriting	overwrote	overwritten
oxtercog	oxtercogs	oxtercogging	oxtercogged	oxtercogged
packrat	packrats	packratting	packratted	packratted
pacquet	pacquets	pacquetting	pacquetted	pacquetted
palisado	palisadoes	palisadoing	palisadoed	palisadoed
panic	panics	panicking	panicked	panicked
panyar	panyars	panyarring	panyarred	panyarred
paperclip	paperclips	paperclipping	paperclipped	paperclipped
paradrop	paradrops	paradropping	paradropped	paradropped
parkrun	parkruns	parkrunning	parkran	parkrun
partake	partakes	partaking	partook	partaken
pathfind	pathfinds	pathfinding	pathfound	pathfound
patrol	patrols	patrolling	patrolled	patrolled
pay	pays	paying	paid	paid
peanut	peanuts	peanutting	peanutted	peanutted
pech	pechs	peching	peched	peched
peercast	peercasts	peercasting	peercast	peercast
perbreak	perbreaks	perbreaking	perbroke	perbroken
periwig	periwigs	periwigging	periwigged	periwigged
permaban	permabans	permabanning	permabanned	permabanned
permastun	permastuns	permastunning	permastunned	permastunned
permban	permbans	permbanning	permbanned	permbanned
permit	permits	permitting	permitted	permitted
pertake	pertakes	pertaking	pertook	pertaken
pet	pets	petting	pet	petted
petnap	petnaps	petnapping	petnapped	petnapped
petsit	petsits	petsitting	petsat	petsat
pettifog	pettifogs	pettifogging	pettifogged	pettifogged
pettyfog	pettyfogs	pettyfogging	pettyfogged	pettyfogged
photochop	photochops	photochopping	photochopped	photochopped
photoemit	photoemits	photoemitting	photoemitted	photoemitted
photomap	photomaps	photomapping	photomapped	photomapped
photoset	photosets	photosetting	photoset	photoset
photoshop	photoshops	photoshopping	photoshopped	photoshopped
phototypeset	phototypesets	phototypesetting	phototypeset	phototypeset
phrog	phrogs	phrogging	phrogged	phrogged
physrep	physreps	physrepping	physrepped	physrepped
pi	pies	piing	pied	pied
picnic	picnics	picnicking	picnicked	picnicked
pie	pies	pieing	pied	pied
pigsit	pigsits	pigsitting	pigsat	pigsat
piledrive	piledrives	piledriving	piledrove	piledriven
pinspot	pinspots	pinspotting	pinspotted	pinspotted
pipet	pipets	pipetting	pipetted	pipetted
pisstake	pisstakes	pisstaking	pisstook	pisstaken
pistolwhip	pistolwhips	pistolwhipping	pistolwhipped	pistolwhipped
pitapat	pitapats	pitapatting	pitapatted	pitapatted
planespot	planespots	planespotting	planespotted	planespotted
planogram	planograms	planogramming	planogrammed	planogrammed
plantsit	plantsits	plantsitting	plantsat	plantsat
platemog	platemogs	platemogging	platemogged	platemogged
playe	playes	playing	played	played
playfight	playfights	playfighting	playfought	playfought
playover	plays over	playing over	played over	played over
pledg	pledges	pledging	pledged	pledged
plus	pluss	plusing	plused	plused
podcast	podcasts	podcasting	podcast	podcast
pointcast	pointcasts	pointcasting	pointcast	pointcast
politic	politics	politicking	politicked	politicked
polkadot	polkadots	polkadotting	polkadotted	polkadotted
pollywog	pollywogs	pollywogging	pollywogged	pollywogged
poly	polys	polying	polyed	polyed
polybag	polybags	polybagging	polybagged	polybagged
portscan	portscans	portscanning	portscanned	portscanned
postsynch	postsynchs	postsynching	postsynched	postsynched
potato	potatoes	potatoing	potatoed	potatoed
potshoot	potshoots	potshooting	potshot	potshot
potshot	potshots	potshotting	potshotted	potshotted
powercreep	powercreeps	powercreeping	powercrept	powercrept
powerslam	powerslams	powerslamming	powerslammed	powerslammed
poz	pozzes	pozzing	pozzed	pozzed
praetermit	praetermits	praetermitting	praetermitted	praetermitted
pratfall	pratfalls	pratfalling	pratfell	pratfallen
pre	pres	preing	pred	pred
preadmit	preadmits	preadmitting	preadmitted	preadmitted
preallot	preallots	preallotting	preallotted	preallotted
prebend	prebends	prebending	prebent	prebent
prebind	prebinds	prebinding	prebound	prebound
preblow	preblows	preblowing	preblew	preblown
prebreak	prebreaks	prebreaking	prebroke	prebroken
prebuild	prebuilds	prebuilding	prebuilt	prebuilt
prebut	prebuts	prebutting	prebutted	prebutted
prebuy	prebuys	prebuying	prebought	prebought
precast	precasts	precasting	precast	precast
precel	precels	precelling	precelled	precelled
prechoose	prechooses	prechoosing	prechose	prechosen
prechop	prechops	prechopping	prechopped	prechopped
precommit	precommits	precommitting	precommitted	precommitted
precue	precues	precueing	precued	precued
precum	precums	precumming	precame	precum
precut	precuts	precutting	precut	precut
predub	predubs	predubbing	predubbed	predubbed
prefab	prefabs	prefabbing	prefabbed	prefabbed
prefeed	prefeeds	prefeeding	prefed	prefed
prefer	prefers	preferring	preferred	preferred
prefit	prefits	prefitting	prefitted	prefitted
prefog	prefogs	prefogging	prefogged	prefogged
preformat	preformats	preformatting	preformatted	preformatted
prefreeze	prefreezes	prefreezing	prefroze	prefrozen
pregrab	pregrabs	pregrabbing	pregrabbed	pregrabbed
pregrind	pregrinds	pregrinding	preground	preground
prelay	prelays	prelaying	prelaid	prelaid
prelight	prelights	prelighting	prelit	prelit
premake	premakes	premaking	premade	premade
premit	premits	premitting	premitted	premitted
preoutfit	preoutfits	preoutfitting	preoutfitted	preoutfitted
prepay	prepays	prepaying	prepaid	prepaid
preplan	preplans	preplanning	preplanned	preplanned
preprogram	preprograms	preprogramming	preprogrammed	preprogrammed
preread	prereads	prereading	preread	preread
prerig	prerigs	prerigging	prerigged	prerigged
prerun	preruns	prerunning	preran	prerun
prescan	prescans	prescanning	prescanned	prescanned
presell	presells	preselling	presold	presold
presend	presends	presending	present	present
preset	presets	presetting	preset	preset
presew	presews	presewing	presewed	presewn
preshow	preshows	preshowing	preshowed	preshown
preshrink	preshrinks	preshrinking	preshrank	preshrunk
preslug	preslugs	preslugging	preslugged	preslugged
presplit	presplits	presplitting	presplit	presplit
presubmit	presubmits	presubmitting	presubmitted	presubmitted
preswab	preswabs	preswabbing	preswabbed	preswabbed
pretan	pretans	pretanning	pretanned	pretanned
pretell	pretells	pretelling	pretold	pretold
pretermit	pretermits	pretermitting	pretermitted	pretermitted
prethin	prethins	prethinning	prethinned	prethinned
pretin	pretins	pretinning	pretinned	pretinned
pretransmit	pretransmits	pretransmitting	pretransmitted	pretransmitted
pretrim	pretrims	pretrimming	pretrimmed	pretrimmed
prevet	prevets	prevetting	prevetted	prevetted
prevint	prevints	previntin'	previnted	previnted
prewet	prewets	prewetting	prewet	prewet
prewhip	prewhips	prewhipping	prewhipped	prewhipped
prewrap	prewraps	prewrapping	prewrapped	prewrapped
prewrite	prewrites	prewriting	prewrote	prewritten
profer	profers	proferring	proferred	proferred
program	programs	programming	programmed	programmed
proofread	proofreads	proofreading	proofread	proofread
propel	propels	propelling	propelled	propelled
præfer	præfers	præferring	præferred	præferred
præfix	præfixes	præfixing	præfix'd	præfix'd
præsent	præsenteth	præsenting	præsented	præsented
psych	psychs	psyching	psyched	psyched
psyop	psyops	psyopping	psyopped	psyopped
public	publics	publicking	publicked	publicked
puppysit	puppysits	puppysitting	puppysat	puppysat
purée	purées	puréeing	puréed	puréed
pus	pusses	pussing	pussed	pussed
pushpin	pushpins	pushpinning	pushpinned	pushpinned
pussywhip	pussywhips	pussywhipping	pussywhipped	pussywhipped
put	puts	putting	put	put
putt	putts	putting	putt	putt
pæan	pæans	pæaning	pæaned	pæaned
quab	quabs	quabbing	quabbed	quabbed
quad	quads	quadding	quadded	quadded
quadrat	quadrats	quadratting	quadratted	quadratted
quaere	quaeres	quaereing	quaered	quaered
quahog	quahogs	quahogging	quahogged	quahogged
quap	quaps	quapping	quapped	quapped
quar	quars	quarring	quarred	quarred
quarrel	quarrels	quarrelling	quarrelled	quarrelled
quartersaw	quartersaws	quartersawing	quartersawed	quartersawn
quat	quats	quatting	quatted	quatted
queue	queues	queueing	queued	queued
quickdrop	quickdrops	quickdropping	quickdropped	quickdropped
quickstep	quicksteps	quickstepping	quickstepped	quickstepped
quid	quids	quidding	quidded	quidded
quip	quips	quipping	quipped	quipped
quit	quits	quitting	quit	quit
quiz	quizzes	quizzing	quizzed	quizzed
quob	quobs	quobbing	quobbed	quobbed
quod	quods	quodding	quodded	quodded
quop	quops	quopping	quopped	quopped
quære	quæres	quæreing	quæred	quæred
rabat	rabats	rabatting	rabatted	rabatted
racebend	racebends	racebending	racebent	racebent
radge	radges	radgin	radged	radged
radiobroadcast	radiobroadcasts	radiobroadcasting	radiobroadcast	radiobroadcast
radiocast	radiocasts	radiocasting	radiocast	radiocast
radioscan	radioscans	radioscanning	radioscanned	radioscanned
radiotag	radiotags	radiotagging	radiotagged	radiotagged
ragequit	ragequits	ragequitting	ragequit	ragequit
ramrod	ramrods	ramrodding	ramrodded	ramrodded
ramset	ramsets	ramsetting	ramsetted	ramsetted
rappel	rappels	rappelling	rappelled	rappelled
rataplan	rataplans	rataplanning	rataplanned	rataplanned
rawdog	rawdogs	rawdogging	rawdogged	rawdogged
reaccession	reaccession	reaccessioning	reaccessioned	reaccessioned
reacquit	reacquits	reacquitting	reacquitted	reacquitted
read	reads	reading	read	read
readmit	readmits	readmitting	readmitted	readmitted
reallot	reallots	reallotting	reallotted	reallotted
rearise	rearises	rearising	rearose	rearisen
reave	reaves	reaving	reft	reft
reawake	reawakes	reawaking	reawoke	reawoken
rebag	rebags	rebagging	rebagged	rebagged
reban	rebans	rebanning	rebanned	rebanned
rebar	rebars	rebarring	rebarred	rebarred
rebat	rebats	rebatting	rebatted	rebatted
rebear	rebears	rebearing	rebore	reborne
rebeat	rebeats	rebeating	rebeat	rebeaten
rebecome	rebecomes	rebecoming	rebecame	rebecome
rebed	rebeds	rebedding	rebedded	rebedded
rebeget	rebegets	rebegetting	rebegot	rebegotten
rebegin	rebegins	rebeginning	rebegan	rebegun
rebehold	rebeholds	rebeholding	rebeheld	rebeheld
rebel	rebels	rebelling	rebelled	rebelled
rebend	rebends	rebending	rebent	rebent
rebid	rebids	rebidding	rebid	rebid
rebin	rebins	rebinning	rebinned	rebinned
rebind	rebinds	rebinding	rebound	rebound
rebite	rebites	rebiting	rebit	rebitten
rebleed	rebleeds	rebleeding	rebled	rebled
reblit	reblits	reblitting	reblitted	reblitted
reblog	reblogs	reblogging	reblogged	reblogged
reblot	reblots	reblotting	reblotted	reblotted
reblow	reblows	reblowing	reblew	reblown
reblue	reblues	reblueing	reblued	reblued
rebop	rebops	rebopping	rebopped	rebopped
rebreak	rebreaks	rebreaking	rebroke	rebroken
rebreed	rebreeds	rebreeding	rebred	rebred
rebring	rebrings	rebringing	rebrought	rebrought
rebroadcast	rebroadcasts	rebroadcasting	rebroadcast	rebroadcast
rebud	rebuds	rebudding	rebudded	rebudded
rebuild	rebuilds	rebuilding	rebuilt	rebuilt
reburst	rebursts	rebursting	reburst	reburst
rebut	rebuts	rebutting	rebutted	rebutted
rebuy	rebuys	rebuying	rebought	rebought
recal	recals	recalling	recalled	recalled
recam	recams	recamming	recammed	recammed
recan	recans	recanning	recanned	recanned
recap	recaps	recapping	recapped	recapped
recast	recasts	recasting	recast	recast
recatch	recatches	recatching	recaught	recaught
recce	recces	recceing	recced	recced
rechip	rechips	rechipping	rechipped	rechipped
rechoose	rechooses	rechoosing	rechose	rechosen
reclad	reclads	recladding	recladded	recladded
reclip	reclips	reclipping	reclipped	reclipped
reclog	reclogs	reclogging	reclogged	reclogged
recommit	recommits	recommitting	recommitted	recommitted
recompel	recompels	recompelling	recompelled	recompelled
recon	recons	reconning	reconned	reconned
reconfer	reconfers	reconferring	reconferred	reconferred
recontrol	recontrols	recontrolling	recontrolled	recontrolled
recrop	recrops	recropping	recropped	recropped
recup	recups	recupping	recupped	recupped
recur	recurs	recurring	recurred	recurred
recut	recuts	recutting	recut	recut
redam	redams	redamming	redammed	redammed
redd	redds	redding	redd	redd
rede	redes	reding	red	red
redeal	redeals	redealing	redealt	redealt
redebug	redebugs	redebugging	redebugged	redebugged
redefer	redefers	redeferring	redeferred	redeferred
rediagram	rediagrams	rediagramming	rediagrammed	rediagrammed
redig	redigs	redigging	redug	redug
redip	redips	redipping	redipped	redipped
redispel	redispels	redispelling	redispelled	redispelled
redistil	redistils	redistilling	redistilled	redistilled
redlight	redlights	redlighting	redlit	redlit
redo	redoes	redoing	redid	redone
redon	redons	redonning	redonned	redonned
redrag	redrags	redragging	redragged	redragged
redraw	redraws	redrawing	redrew	redrawn
redrink	redrinks	redrinking	redrank	redrunk
redrive	redrives	redriving	redrove	redriven
redrug	redrugs	redrugging	redrugged	redrugged
redrum	redrums	redrumming	redrummed	redrummed
redub	redubs	redubbing	redubbed	redubbed
reeat	reeats	reeating	reate	reeaten
reembed	reembeds	reembedding	reembedded	reembedded
reemit	reemits	reemitting	reemitted	reemitted
reenrol	reenrols	reenrolling	reenrolled	reenrolled
reequip	reequips	reequipping	reequipped	reequipped
reexpel	reexpels	reexpelling	reexpelled	reexpelled
refall	refalls	refalling	refell	refallen
refan	refans	refanning	refanned	refanned
refeed	refeeds	refeeding	refed	refed
refeel	refeels	refeeling	refelt	refelt
refel	refels	refelling	refelled	refelled
refer	refers	referring	referred	referred
refight	refights	refighting	refought	refought
refind	refinds	refinding	refound	refound
refit	refits	refitting	refitted	refitted
reflag	reflags	reflagging	reflagged	reflagged
reflip	reflips	reflipping	reflipped	reflipped
reflog	reflogs	reflogging	reflogged	reflogged
refly	reflies	reflying	reflew	reflown
reforbid	reforbids	reforbidding	reforbade	reforbidden
reforecast	reforecasts	reforecasting	reforecast	reforecast
reforget	reforgets	reforgetting	reforgot	reforgotten
reforgive	reforgives	reforgiving	reforgave	reforgiven
reformat	reformats	reformatting	reformatted	reformatted
refreeze	refreezes	refreezing	refroze	refrozen
refret	refrets	refretting	refretted	refretted
regag	regags	regagging	regagged	regagged
regas	regases	regassing	regassed	regassed
regen	regens	regenning	regenned	regenned
reget	regets	regetting	regot	regot
regive	regives	regiving	regave	regiven
regrab	regrabs	regrabbing	regrabbed	regrabbed
regram	regrams	regramming	regrammed	regrammed
regret	regrets	regretting	regretted	regretted
regrind	regrinds	regrinding	reground	reground
regrip	regrips	regripping	regripped	regripped
regrit	regrits	regritting	regritted	regritted
regrow	regrows	regrowing	regrew	regrown
rehab	rehabs	rehabbing	rehabbed	rehabbed
rehandicap	rehandicaps	rehandicapping	rehandicapped	rehandicapped
rehat	rehats	rehatting	rehatted	rehatted
rehave	rehas	rehaving	rehad	rehad
rehear	rehears	rehearing	reheard	reheard
rehem	rehems	rehemming	rehemmed	rehemmed
rehew	rehews	rehewing	rehewed	rehewn
rehide	rehides	rehiding	rehid	rehidden
rehit	rehits	rehitting	rehit	rehit
reimpel	reimpels	reimpelling	reimpelled	reimpelled
reincur	reincurs	reincurring	reincurred	reincurred
reinfer	reinfers	reinferring	reinferred	reinferred
reinput	reinputs	reinputting	reinput	reinput
reinstil	reinstils	reinstilling	reinstilled	reinstilled
reinter	reinters	reinterring	reinterred	reinterred
rejapan	rejapans	rejapanning	rejapanned	rejapanned
rejar	rejars	rejarring	rejarred	rejarred
rejet	rejets	rejetting	rejetted	rejetted
rejig	rejigs	rejigging	rejigged	rejigged
rejog	rejogs	rejogging	rejogged	rejogged
rekidnap	rekidnaps	rekidnapping	rekidnapped	rekidnapped
rekit	rekits	rekitting	rekitted	rekitted
reknit	reknits	reknitting	reknit	reknit
reknot	reknots	reknotting	reknotted	reknotted
reknow	reknows	reknowing	reknew	reknown
relay	relays	relaying	relaid	relaid
relead	releads	releading	reled	reled
relend	relends	relending	relent	relent
relet	relets	reletting	relet	relet
relog	relogs	relogging	relogged	relogged
relose	reloses	relosing	relost	relost
remake	remakes	remaking	remade	remade
reman	remans	remanning	remanned	remanned
remap	remaps	remapping	remapped	remapped
remeet	remeets	remeeting	remet	remet
remit	remits	remitting	remitted	remitted
remop	remops	remopping	remopped	remopped
rend	rends	rending	rent	rent
rendevous	rendevous	rendevousing	rendevoused	rendevoused
renib	renibs	renibbing	renibbed	renibbed
renig	renigs	renigging	renigged	renigged
renod	renods	renodding	renodded	renodded
reoccur	reoccurs	reoccurring	reoccurred	reoccurred
reop	reops	reopping	reopped	reopped
reoutfit	reoutfits	reoutfitting	reoutfitted	reoutfitted
reoutput	reoutputs	reoutputting	reoutput	reoutput
reovertake	reovertakes	reovertaking	reovertook	reovertaken
repad	repads	repadding	repadded	repadded
repartake	repartakes	repartaking	repartook	repartaken
repartée	repartées	repartéeing	repartéed	repartéed
repatrol	repatrols	repatrolling	repatrolled	repatrolled
repay	repays	repaying	repaid	repaid
repeg	repegs	repegging	repegged	repegged
repel	repels	repelling	repelled	repelled
repen	repens	repenning	repenned	repenned
repermit	repermits	repermitting	repermitted	repermitted
repin	repins	repinning	repinned	repinned
replan	replans	replanning	replanned	replanned
replat	replats	replatting	replatted	replatted
replot	replots	replotting	replotted	replotted
replug	replugs	replugging	replugged	replugged
repod	repods	repodding	repodded	repodded
repop	repops	repopping	repopped	repopped
repot	repots	repotting	repotted	repotted
reprogram	reprograms	reprogramming	reprogrammed	reprogrammed
repropel	repropels	repropelling	repropelled	repropelled
reput	reputs	reputting	reput	reput
requit	requits	requitting	requitted	requitted
requiz	requizzes	requizzing	requizzed	requizzed
reread	rereads	rereading	reread	reread
rerefer	rerefers	rereferring	rereferred	rereferred
reremake	reremakes	reremaking	reremade	reremade
rerig	rerigs	rerigging	rerigged	rerigged
rerise	rerises	rerising	rerose	rerisen
rerub	rerubs	rerubbing	rerubbed	rerubbed
rerun	reruns	rerunning	reran	rerun
res	resses	ressing	ressed	ressed
resaw	resaws	resawing	resawed	resawn
resay	resays	resaying	resaid	resaid
rescan	rescans	rescanning	rescanned	rescanned
rescrub	rescrubs	rescrubbing	rescrubbed	rescrubbed
resee	resees	reseeing	resaw	reseen
reseek	reseeks	reseeking	resought	resought
resell	resells	reselling	resold	resold
resend	resends	resending	resent	resent
reset	resets	resetting	reset	reset
reshake	reshakes	reshaking	reshook	reshaken
reshear	reshears	reshearing	resheared	reshorn
reshim	reshims	reshimming	reshimmed	reshimmed
reship	reships	reshipping	reshipped	reshipped
reshoot	reshoots	reshooting	reshot	reshot
reshow	reshows	reshowing	reshowed	reshown
reshrink	reshrinks	reshrinking	reshrank	reshrunk
reshut	reshuts	reshutting	reshut	reshut
resing	resings	resinging	resang	resung
resink	resinks	resinking	resank	resunk
resip	resips	resipping	resipped	resipped
resit	resits	resitting	resat	resat
reskim	reskims	reskimming	reskimmed	reskimmed
reskin	reskins	reskinning	reskinned	reskinned
reslay	reslays	reslaying	reslew	reslain
reslide	reslides	resliding	reslid	reslid
resling	reslings	reslinging	reslung	reslung
reslot	reslots	reslotting	reslotted	reslotted
resnap	resnaps	resnapping	resnapped	resnapped
resnub	resnubs	resnubbing	resnubbed	resnubbed
resod	resods	resodding	resodded	resodded
resow	resows	resowing	resowed	resown
respeak	respeaks	respeaking	respoke	respoken
respec	respecs	respeccing	respecced	respecced
respend	respends	respending	respent	respent
respin	respins	respinning	respun	respun
resplit	resplits	resplitting	resplit	resplit
respot	respots	respotting	respotted	respotted
respread	respreads	respreading	respread	respread
respring	resprings	respringing	resprang	resprung
restand	restands	restanding	restood	restood
resteal	resteals	restealing	restole	restolen
restem	restems	restemming	restemmed	restemmed
restep	resteps	restepping	restepped	restepped
restick	resticks	resticking	restuck	restuck
resting	restings	restinging	restung	restung
restir	restirs	restirring	restirred	restirred
restrap	restraps	restrapping	restrapped	restrapped
restrike	restrikes	restriking	restruck	restruck
restring	restrings	restringing	restrung	restrung
restrip	restrips	restripping	restripped	restripped
restrive	restrives	restriving	restrove	restriven
restucco	restuccoes	restuccoing	restuccoed	restuccoed
resub	resubs	resubbing	resubbed	resubbed
resubmit	resubmits	resubmitting	resubmitted	resubmitted
resum	resums	resumming	resummed	resummed
resurveil	resurveils	resurveilling	resurveilled	resurveilled
reswear	reswears	reswearing	reswore	resworn
resweep	resweeps	resweeping	reswept	reswept
reswell	reswells	reswelling	reswelled	reswollen
reswim	reswims	reswimming	reswam	reswum
resynch	resynchs	resynching	resynched	resynched
resysop	resysops	resysopping	resysopped	resysopped
retag	retags	retagging	retagged	retagged
retake	retakes	retaking	retook	retaken
retan	retans	retanning	retanned	retanned
retap	retaps	retapping	retapped	retapped
retar	retars	retarring	retarred	retarred
retarmac	retarmacs	retarmacking	retarmacked	retarmacked
retcon	retcons	retconning	retconned	retconned
reteach	reteaches	reteaching	retaught	retaught
retear	retears	retearing	retore	retorn
retelecast	retelecasts	retelecasting	retelecast	retelecast
retell	retells	retelling	retold	retold
rethink	rethinks	rethinking	rethought	rethought
rethrow	rethrows	rethrowing	rethrew	rethrown
rethrust	rethrusts	rethrusting	rethrust	rethrust
retin	retins	retinning	retinned	retinned
retip	retips	retipping	retipped	retipped
retop	retops	retopping	retopped	retopped
retransfer	retransfers	retransferring	retransferred	retransferred
retransmit	retransmits	retransmitting	retransmitted	retransmitted
retrap	retraps	retrapping	retrapped	retrapped
retread	retreads	retreading	retrod	retrodden
retrig	retrigs	retrigging	retrigged	retrigged
retrim	retrims	retrimming	retrimmed	retrimmed
retrip	retrips	retripping	retripped	retripped
retrocue	retrocues	retrocueing	retrocued	retrocued
retrofit	retrofits	retrofitting	retrofitted	retrofitted
retromod	retromods	retromodding	retromodded	retromodded
retrotransfer	retrotransfers	retrotransferring	retrotransferred	retrotransferred
retrue	retrues	retrueing	retrued	retrued
reundercut	reundercuts	reundercutting	reundercut	reundercut
reundergo	reundergoes	reundergoing	reunderwent	reundergone
reunderstand	reunderstands	reunderstanding	reunderstood	reunderstood
reundertake	reundertakes	reundertaking	reundertook	reundertaken
reup	reups	reupping	reupped	reupped
reuptake	reuptakes	reuptaking	reuptook	reuptaken
revel	revels	revelling	revelled	revelled
revet	revets	revetting	revetted	revetted
rewake	rewakes	rewaking	rewoke	rewoken
rewear	rewears	rewearing	rewore	reworn
reweave	reweaves	reweaving	rewove	rewoven
rewed	reweds	rewedding	rewed	rewed
rewet	rewets	rewetting	rewet	rewet
rewhip	rewhips	rewhipping	rewhipped	rewhipped
rewin	rewins	rewinning	rewon	rewon
rewind	rewinds	rewinding	rewound	rewound
rewithdraw	rewithdraws	rewithdrawing	rewithdrew	rewithdrawn
rewrap	rewraps	rewrapping	rewrapped	rewrapped
rewring	rewrings	rewringing	rewrung	rewrung
rewrite	rewrites	rewriting	rewrote	rewritten
rez	rezs	rezing	rezed	rezed
rezip	rezips	rezipping	rezipped	rezipped
reädmit	reädmits	reädmitting	reädmitted	reädmitted
reëat	reëats	reëating	reate	reëaten
reëmit	reëmits	reëmitting	reëmitted	reëmitted
rid	rids	ridding	rid	rid
ride	rides	riding	rode	ridden
rin	rins	rinning	ran	run
ring	rings	ringing	rang	rung
ringlead	ringleads	ringleading	ringled	ringled
riprap	ripraps	riprapping	riprapped	riprapped
rise	rises	rising	rose	risen
rize	rizes	rizing	roze	rizen
roadmap	roadmaps	roadmapping	roadmapped	roadmapped
roadshow	roadshows	roadshowing	roadshowed	roadshown
robocast	robocasts	robocasting	robocast	robocast
robotrip	robotrips	robotripping	robotripped	robotripped
roentgenogram	roentgenograms	roentgenogramming	roentgenogrammed	roentgenogrammed
ronne	ronnes	ronning	ronne	ronne
roofie	roofies	roofieing	roofied	roofied
rootkit	rootkits	rootkitting	rootkitted	rootkitted
rotavap	rotavaps	rotavapping	rotavapped	rotavapped
rotisserie	rotisseries	rotisserieing	rotisseried	rotisseried
rotovap	rotovaps	rotovapping	rotovapped	rotovapped
roughcast	roughcasts	roughcasting	roughcast	roughcast
roughdraw	roughdraws	roughdrawing	roughdrew	roughdrawn
roundtrip	roundtrips	roundtripping	roundtripped	roundtripped
route	routes	routeing	routed	routed
rubric	rubrics	rubricking	rubricked	rubricked
rufie	rufies	rufieing	rufied	rufied
run	runs	running	ran	run
sac	sacs	sacking	sacked	sacked
saddlebag	saddlebags	saddlebagging	saddlebagged	saddlebagged
safekeep	safekeeps	safekeeping	safekept	safekept
samefag	samefags	samefagging	samefagged	samefagged
sandbag	sandbags	sandbagging	sandbagged	sandbagged
sandcast	sandcasts	sandcasting	sandcast	sandcast
sandhog	sandhogs	sandhogging	sandhogged	sandhogged
satcast	satcasts	satcasting	satcast	satcast
saucepan	saucepans	saucepanning	saucepanned	saucepanned
saute	sautes	sauteing	sauteed	sauteed
sautée	sautées	sautéeing	sautéed	sautéed
savescum	savescums	savescumming	savescummed	savescummed
say	says	saying	said	said
saye	sayes	sayeing	saide	saide
scatterplot	scatterplots	scatterplotting	scatterplotted	scatterplotted
schiz	schizs	schizing	schized	schized
schlep	schleps	schlepping	schlepped	schlepped
schlup	schlups	schlupping	schlupped	schlupped
schtup	schtups	schtupping	schtupped	schtupped
scintiscan	scintiscans	scintiscanning	scintiscanned	scintiscanned
scomfit	scomfits	scomfiting	scomfit	scomfit
scrab	scrabs	scrabbing	scrabbed	scrabbed
scrag	scrags	scragging	scragged	scragged
scram	scrams	scramming	scrammed	scrammed
scran	scrans	scranning	scranned	scranned
scrap	scraps	scrapping	scrapped	scrapped
scrat	scrats	scratting	scratted	scratted
screencap	screencaps	screencapping	screencapped	screencapped
screengrab	screengrabs	screengrabbing	screengrabbed	screengrabbed
screenshoot	screenshoots	screenshooting	screenshot	screenshot
screenshot	screenshots	screenshotting	screenshotted	screenshotted
screenwrite	screenwrites	screenwriting	screenwrote	screenwritten
screwdrive	screwdrives	screwdriving	screwdrove	screwdriven
scrim	scrims	scrimming	scrimmed	scrimmed
scrob	scrobs	scrobbing	scrobbed	scrobbed
scrub	scrubs	scrubbing	scrubbed	scrubbed
scrum	scrums	scrumming	scrummed	scrummed
scut	scuts	scutting	scut	scut
see	sees	seeing	saw	seen
seech	seeches	seeching	sought	sought
seek	seeks	seeking	sought	sought
segue	segues	segueing	segued	segued
selfcontrol	selfcontrols	selfcontrolling	selfcontrolled	selfcontrolled
selfpub	selfpubs	selfpubbing	selfpubbed	selfpubbed
selfship	selfships	selfshipping	selfshipped	selfshipped
sell	sells	selling	sold	sold
send	sends	sending	sent	sent
set	sets	setting	set	set
setnet	setnets	setnetting	setnetted	setnetted
sew	sews	sewing	sewed	sewn
sexfight	sexfights	sexfighting	sexfought	sexfought
shadowban	shadowbans	shadowbanning	shadowbanned	shadowbanned
shadowcast	shadowcasts	shadowcasting	shadowcast	shadowcast
shake	shakes	shaking	shook	shaken
shambok	shamboks	shambokking	shambokked	shambokked
shanghae	shanghaes	shanghaeing	shanghaed	shanghaed
sharecrop	sharecrops	sharecropping	sharecropped	sharecropped
sharpshoot	sharpshoots	sharpshooting	sharpshot	sharpshot
shazam	shazams	shazamming	shazammed	shazammed
shear	shears	shearing	sheared	shorn
shebop	shebops	shebopping	shebopped	shebopped
shed	sheds	shedding	shed	shed
sheepdog	sheepdogs	sheepdogging	sheepdogged	sheepdogged
shellac	shellacs	shellacking	shellacked	shellacked
shend	shends	shending	shent	shent
shende	shendes	shending	shent	shent
shew	shews	shewing	shewed	shewn
shh	shhes	shhing	shhed	shhed
shid	shids	shidding	shid	shid
shie	shies	shieing	shied	shied
shikar	shikars	shikarring	shikarred	shikarred
shine	shines	shining	shone	shone
shiplap	shiplaps	shiplapping	shiplapped	shiplapped
shit	shits	shitting	shat	shat
shitcan	shitcans	shitcanning	shitcanned	shitcanned
shivari	shivaries	shivariing	shivaried	shivaried
shlep	shleps	shlepping	shlepped	shlepped
shnor	shnors	shnorring	shnorred	shnorred
shoe	shoes	shoeing	shod	shod
shoot	shoots	shooting	shot	shot
shopsteal	shopsteals	shopstealing	shopstole	shopstolen
shortcut	shortcuts	shortcutting	shortcutted	shortcutted
shortstop	shortstops	shortstopping	shortstopped	shortstopped
shotgun	shotguns	shotgunning	shotgunned	shotgunned
shovelbum	shovelbums	shovelbumming	shovelbummed	shovelbummed
show	shows	showing	showed	shown
showrun	showruns	showrunning	showran	showrun
shrag	shrags	shragging	shragged	shragged
shram	shrams	shramming	shrammed	shrammed
shred	shreds	shredding	shredded	shredded
shrim	shrims	shrimming	shrimmed	shrimmed
shrink	shrinks	shrinking	shrank	shrunk
shrinke	shrinkes	shrinking	shrank	shrunke
shrinkwrap	shrinkwraps	shrinkwrapping	shrinkwrapped	shrinkwrapped
shrive	shrives	shriving	shrove	shriven
shrub	shrubs	shrubbing	shrubbed	shrubbed
shrug	shrugs	shrugging	shrugged	shrugged
shtam	shtams	shtamming	shtammed	shtammed
shtup	shtups	shtupping	shtupped	shtupped
shut	shuts	shutting	shut	shut
shxt	shxts	shxtting	shxt	shxt
sidebar	sidebars	sidebarring	sidebarred	sidebarred
sidecast	sidecasts	sidecasting	sidecast	sidecast
sideslip	sideslips	sideslipping	sideslipped	sideslipped
sidestep	sidesteps	sidestepping	sidestepped	sidestepped
sightread	sightreads	sightreading	sightread	sightread
sightsee	sightsees	sightseeing	sightsaw	sightseen
silo	siloes	siloing	siloed	siloed
simulcast	simulcasts	simulcasting	simulcast	simulcast
simulpub	simulpubs	simulpubbing	simulpubbed	simulpubbed
sing	sings	singing	sang	sung
singe	singes	singeing	singed	singed
sink	sinks	sinking	sank	sunk
sit	sits	sitting	sat	sat
siteban	sitebans	sitebanning	sitebanned	sitebanned
sjambok	sjamboks	sjambokking	sjambokked	sjambokked
skelloch	skellochs	skelloching	skelloched	skelloched
skewcrop	skewcrops	skewcropping	skewcropped	skewcropped
skibidi	skibidis	skibiding	skibidied	skibidied
skibob	skibobs	skibobbing	skibobbed	skibobbed
skinnydip	skinnydips	skinnydipping	skinnydipped	skinnydipped
skinpop	skinpops	skinpopping	skinpopped	skinpopped
skiplag	skiplags	skiplagging	skiplagged	skiplagged
skreich	skreichs	skreiching	skreiched	skreiched
skywrite	skywrites	skywriting	skywrote	skywritten
slapfight	slapfights	slapfighting	slapfought	slapfought
slashdot	slashdots	slashdotting	slashdotted	slashdotted
slay	slays	slaying	slew	slain
sleep	sleeps	sleeping	slept	slept
sleepe	sleepes	sleeping	slepte	slepte
sleepeat	sleepeats	sleepeating	sleepate	sleepeaten
sleepwrite	sleepwrites	sleepwriting	sleepwrote	sleepwritten
slide	slides	sliding	slid	slid
slingshot	slingshots	slingshotting	slingshotted	slingshotted
slink	slinks	slinking	slunk	slunk
slipslop	slipslops	slipslopping	slipslopped	slipslopped
slit	slits	slitting	slit	slit
slite	slites	sliting	slit	slit
slive	slives	sliving	slove	sliven
slivercast	slivercasts	slivercasting	slivercast	slivercast
smallcap	smallcaps	smallcapping	smallcapped	smallcapped
smight	smights	smighting	smote	smoten
smite	smites	smiting	smote	smitten
snapchat	snapchats	snapchatting	snapchatted	snapchatted
snapshoot	snapshoots	snapshooting	snapshot	snapshot
snapshot	snapshots	snapshotting	snapshotted	snapshotted
snowdrop	snowdrops	snowdropping	snowdropped	snowdropped
snowgo	snowgoes	snowgoing	snowgoed	snowgoed
snye	snyes	snying	snyed	snyed
sodcast	sodcasts	sodcasting	sodcast	sodcast
softmod	softmods	softmodding	softmodded	softmodded
softsub	softsubs	softsubbing	softsubbed	softsubbed
soliloquy	soliloquies	soliloquying	soliloquied	soliloquied
somerset	somersets	somersetting	somersetted	somersetted
songwrite	songwrites	songwriting	songwrote	songwritten
sonogram	sonograms	sonogramming	sonogrammed	sonogrammed
soogie	soogies	soogieing	soogied	soogied
soothsay	soothsays	soothsaying	soothsaid	soothsaid
sortag	sortags	sortagging	sortagged	sortagged
sortie	sorties	sortieing	sortied	sortied
souffle	souffles	souffleing	souffled	souffled
southsay	southsays	southsaying	southsaid	southsaid
sow	sows	sowing	sowed	sown
spacegram	spacegrams	spacegramming	spacegrammed	spacegrammed
spae	spaes	spaeing	spaed	spaed
spaik	spaiks	spaikin'	spoke	spoke
sparkplug	sparkplugs	sparkplugging	sparkplugged	sparkplugged
spaz	spazzes	spazzing	spazzed	spazzed
speak	speaks	speaking	spoke	spoken
spec	specs	specing	speced	speced
speechread	speechreads	speechreading	speechread	speechread
speed	speeds	speeding	sped	sped
speedread	speedreads	speedreading	speedread	speedread
speedrun	speedruns	speedrunning	speedran	speedrun
speld	spelds	spelding	speld	speld
spellbind	spellbinds	spellbinding	spellbound	spellbound
spellcast	spellcasts	spellcasting	spellcast	spellcast
spend	spends	spending	spent	spent
spiderweb	spiderwebs	spiderwebbing	spiderwebbed	spiderwebbed
spin	spins	spinning	spun	spun
spincast	spincasts	spincasting	spincast	spincast
spit	spits	spitting	spat	spat
splat	splats	splatting	splatted	splatted
splet	splets	spletting	spletted	spletted
split	splits	splitting	split	split
splop	splops	splopping	splopped	splopped
spoonfeed	spoonfeeds	spoonfeeding	spoonfed	spoonfed
sprag	sprags	spragging	spragged	spragged
sprat	sprats	spratting	spratted	spratted
spread	spreads	spreading	spread	spread
spred	spreds	spredding	spred	spred
sprig	sprigs	sprigging	sprigged	sprigged
spring	springs	springing	sprang	sprung
springtrap	springtraps	springtrapping	springtrapped	springtrapped
sprit	sprits	spritting	spritted	spritted
sprog	sprogs	sprogging	sprogged	sprogged
sprue	sprues	sprueing	sprued	sprued
sprug	sprugs	sprugging	sprugged	sprugged
spuilzie	spuilzies	spuilzieing	spuilzied	spuilzied
spulyie	spulyies	spulyieing	spulyied	spulyied
spulzie	spulzies	spulzieing	spulzied	spulzied
spyhop	spyhops	spyhopping	spyhopped	spyhopped
squab	squabs	squabbing	squabbed	squabbed
squad	squads	squadding	squadded	squadded
squat	squats	squatting	squatted	squatted
squeg	squegs	squegging	squegged	squegged
squib	squibs	squibbing	squibbed	squibbed
squid	squids	squidding	squidded	squidded
squidbag	squidbags	squidbagging	squidbagged	squidbagged
squig	squigs	squigging	squigged	squigged
squir	squirs	squirring	squirred	squirred
squit	squits	squitting	squitted	squitted
squiz	squizzes	squizzing	squizzed	squizzed
squop	squops	squopping	squopped	squopped
staht	stahts	stahtin'	stahted	stahted
stallfeed	stallfeeds	stallfeeding	stallfed	stallfed
stand	stands	standing	stood	stood
standby	standbys	standbying	standbyed	standbyed
startscum	startscums	startscumming	startscummed	startscummed
statistic	statistics	statisticking	statisticked	statisticked
steal	steals	stealing	stole	stolen
steale	steales	stealing	stole	stolen
stealthban	stealthbans	stealthbanning	stealthbanned	stealthbanned
steelman	steelmans	steelmanning	steelmanned	steelmanned
stick	sticks	sticking	stuck	stuck
sticke	stickes	sticking	stuck	stuck
stimfap	stimfaps	stimfapping	stimfapped	stimfapped
sting	stings	stinging	stung	stung
stink	stinks	stinking	stank	stunk
stockjob	stockjobs	stockjobbing	stockjobbed	stockjobbed
stockwhip	stockwhips	stockwhipping	stockwhipped	stockwhipped
stomach	stomachs	stomaching	stomached	stomached
stopgap	stopgaps	stopgapping	stopgapped	stopgapped
stott	stotts	stottin	stotted	stotted
stram	strams	stramming	strammed	strammed
stranglehold	strangleholds	strangleholding	strangleheld	strangleheld
strap	straps	strapping	strapped	strapped
straphang	straphangs	straphanging	straphung	straphung
strawman	strawmans	strawmanning	strawmanned	strawmanned
strawpedo	strawpedoes	strawpedoing	strawpedoed	strawpedoed
strew	strews	strewing	strewed	strewn
stride	strides	striding	strode	stridden
strideleg	stridelegs	stridelegging	stridelegged	stridelegged
strig	strigs	strigging	strigged	strigged
strikebreak	strikebreaks	strikebreaking	strikebroke	strikebroken
strikethrough	strikesthrough	strikethroughing	struckthrough	struckthrough
strim	strims	strimming	strimmed	strimmed
string	strings	stringing	strung	strung
strip	strips	stripping	stripped	stripped
strive	strives	striving	strove	striven
strop	strops	stropping	stropped	stropped
strow	strows	strowing	strowed	strown
strub	strubs	strubbing	strubbed	strubbed
strum	strums	strumming	strummed	strummed
strut	struts	strutting	strutted	strutted
stryde	strydes	stryding	strode	strode
stylemog	stylemogs	stylemogging	stylemogged	stylemogged
stymie	stymies	stymieing	stymied	stymied
subclip	subclips	subclipping	subclipped	subclipped
subinfer	subinfers	subinferring	subinferred	subinferred
sublet	sublets	subletting	sublet	sublet
submit	submits	submitting	submitted	submitted
subnet	subnets	subnetting	subnetted	subnetted
subplot	subplots	subplotting	subplotted	subplotted
subset	subsets	subsetting	subsetted	subsetted
subsublet	subsublets	subsubletting	subsublet	subsublet
subtag	subtags	subtagging	subtagged	subtagged
subunderlet	subunderlets	subunderletting	subunderlet	subunderlet
summerset	summersets	summersetting	summersetted	summersetted
sunset	sunsets	sunsetting	sunsetted	sunsetted
suntan	suntans	suntanning	suntanned	suntanned
superchat	superchats	superchatting	superchatted	superchatted
superexcel	superexcels	superexcelling	superexcelled	superexcelled
superfat	superfats	superfatting	superfatted	superfatted
superlie	superlies	superlying	superlay	superlain
supersell	supersells	superselling	supersold	supersold
superset	supersets	supersetting	supersetted	supersetted
supershed	supersheds	supershedding	supershed	supershed
superspread	superspreads	superspreading	superspread	superspread
surbeat	surbeats	surbeating	surbeated	surbeaten
surbed	surbeds	surbedding	surbedded	surbedded
surfcast	surfcasts	surfcasting	surfcast	surfcast
surfel	surfels	surfelling	surfelled	surfelled
surmit	surmits	surmitting	surmitted	surmitted
surpay	surpays	surpaying	surpaid	surpaid
surrebut	surrebuts	surrebutting	surrebutted	surrebutted
surtop	surtops	surtopping	surtopped	surtopped
surveil	surveils	surveilling	surveilled	surveilled
sus	susses	sussing	sussed	sussed
swally	swallys	swallying	swallied	swallied
swear	swears	swearing	swore	sworn
sweare	sweares	swearing	swore	sworne
sweatdrop	sweatdrops	sweatdropping	sweatdropped	sweatdropped
sweep	sweeps	sweeping	swept	swept
swell	swells	swelling	swelled	swollen
swike	swikes	swiking	swoke	swicken
swim	swims	swimming	swam	swum
swing	swings	swinging	swung	swung
swink	swinks	swinking	swank	swunk
swive	swives	swiving	swove	swiven
synch	synchs	synching	synched	synched
sysop	sysops	sysopping	sysopped	sysopped
tabletop	tabletops	tabletopping	tabletopped	tabletopped
tailride	tailrides	tailriding	tailrode	tailridden
tailspin	tailspins	tailspinning	tailspun	tailspun
tak	taks	takkin	teuk	takken
take	takes	taking	took	taken
talebear	talebears	talebearing	talebore	taleborne
tango	tangoes	tangoing	tangoed	tangoed
taphold	tapholds	tapholding	tapheld	tapheld
tarmac	tarmacs	tarmacking	tarmacked	tarmacked
tarpit	tarpits	tarpitting	tarpitted	tarpitted
taxicab	taxicabs	taxicabbing	taxicabbed	taxicabbed
taxpay	taxpays	taxpaying	taxpaid	taxpaid
teabag	teabags	teabagging	teabagged	teabagged
teach	teaches	teaching	taught	taught
tear	tears	tearing	tore	torn
teargas	teargases	teargassing	teargassed	teargassed
tech	techs	teching	teched	teched
teensit	teensits	teensitting	teensat	teensat
tek	teks	teking	took	tekken
telebroadcast	telebroadcasts	telebroadcasting	telebroadcast	telebroadcast
telecast	telecasts	telecasting	telecast	telecast
telecine	telecines	telecineing	telecined	telecined
telecontrol	telecontrols	telecontrolling	telecontrolled	telecontrolled
telefrag	telefrags	telefragging	telefragged	telefragged
telegram	telegrams	telegramming	telegrammed	telegrammed
teletransmit	teletransmits	teletransmitting	teletransmitted	teletransmitted
tell	tells	telling	told	told
telnet	telnets	telnetting	telnetted	telnetted
tempban	tempbans	tempbanning	tempbanned	tempbanned
testbed	testbeds	testbedding	testbedded	testbedded
thanksgive	thanksgives	thanksgiving	thanksgave	thanksgiven
therap	theraps	therapping	therapped	therapped
thimblerig	thimblerigs	thimblerigging	thimblerigged	thimblerigged
thinck	thincks	thincking	thought	thought
think	thinks	thinking	thought	thought
thinke	thinkes	thinking	thought	thought
thoroughgo	thoroughgoes	thoroughgoing	thoroughwent	thoroughgone
thoughtcast	thoughtcasts	thoughtcasting	thoughtcast	thoughtcast
thrap	thraps	thrapping	thrapped	thrapped
thrid	thrids	thridding	thridded	thridded
thring	thrings	thringing	thrang	thrung
thrive	thrives	thriving	throve	thriven
throb	throbs	throbbing	throbbed	throbbed
throw	throws	throwing	threw	thrown
thrum	thrums	thrumming	thrummed	thrummed
thrust	thrusts	thrusting	thrust	thrust
thumbshot	thumbshots	thumbshotting	thumbshotted	thumbshotted
thunderclap	thunderclaps	thunderclapping	thunderclapped	thunderclapped
thunderstrike	thunderstrikes	thunderstriking	thunderstruck	thunderstricken
thwap	thwaps	thwapping	thwapped	thwapped
thwip	thwips	thwipping	thwipped	thwipped
thwop	thwops	thwopping	thwopped	thwopped
tiebreak	tiebreaks	tiebreaking	tiebroke	tiebroken
timekeep	timekeeps	timekeeping	timekept	timekept
timeslot	timeslots	timeslotting	timeslotted	timeslotted
tinsel	tinsels	tinselling	tinselled	tinselled
tittup	tittups	tittupping	tittupped	tittupped
titup	titups	titupping	tituped	tituped
toadeat	toadeats	toadeating	toadate	toadeaten
tobeat	tobeats	tobeating	tobeat	tobeaten
tobreak	tobreaks	tobreaking	tobroke	tobroken
tocleave	tocleaves	tocleaving	toclove	tocloven
tocut	tocuts	tocutting	tocut	tocut
todraw	todraws	todrawing	todrew	todrawn
todrive	todrives	todriving	todrove	todriven
togo	togoes	togoing	towent	togone
togrind	togrinds	togrinding	toground	toground
tohew	tohews	tohewing	tohewed	tohewn
tolug	tolugs	tolugging	tolugged	tolugged
tomcat	tomcats	tomcatting	tomcatted	tomcatted
tomtom	tomtoms	tomtomming	tomtommed	tomtommed
tonic	tonics	tonicking	tonicked	tonicked
topspin	topspins	topspinning	topspun	topspun
toput	toputs	toputting	toput	toput
torat	torats	toratting	toratted	toratted
toreave	toreaves	toreaving	toreft	toreft
torend	torends	torending	torent	torent
torfel	torfels	torfelling	torfelled	torfelled
torit	torits	toritting	torit	torit
torive	torives	toriving	torift	torift
torob	torobs	torobbing	torobbed	torobbed
torpedo	torpedoes	torpedoing	torpedoed	torpedoed
toshake	toshakes	toshaking	toshook	toshaken
toshear	toshears	toshearing	toshore	toshorn
toshend	toshends	toshending	toshent	toshent
toswap	toswaps	toswapping	toswapped	toswapped
toswink	toswinks	toswinking	toswank	toswunk
totear	totears	totearing	totore	totorn
totread	totreads	totreading	totrod	totrodden
towind	towinds	towinding	towound	towound
tp	tp's	tp'ing	tp'd	tp'd
tradpub	tradpubs	tradpubbing	tradpubbed	tradpubbed
traffic	traffics	trafficking	trafficked	trafficked
trafficate	trafficates	trafficateking	trafficated	trafficated
trailbreak	trailbreaks	trailbreaking	trailbroke	trailbroke
trainspot	trainspots	trainspotting	trainspotted	trainspotted
transblot	transblots	transblotting	transblotted	transblotted
transcur	transcurs	transcurring	transcurred	transcurred
transfer	transfers	transferring	transferred	transferred
transfur	transfurs	transfurring	transfurred	transfurred
tranship	tranships	transhipping	transhipped	transhipped
transmat	transmats	transmatting	transmatted	transmatted
transmit	transmits	transmitting	transmitted	transmitted
transship	transships	transshipping	transshipped	transshipped
trapan	trapans	trapanning	trapanned	trapanned
travel	travels	travelling	travelled	travelled
tread	treads	treading	trod	trodden
trepan	trepans	trepanning	trepanned	trepanned
triptrap	triptraps	triptrapping	triptrapped	triptrapped
trollfeed	trollfeeds	trollfeeding	trollfed	trollfed
troubleshoot	troubleshoots	troubleshooting	troubleshot	troubleshot
true	trues	trueing	trued	trued
tszuj	tszujes	tszujing	tszujed	tszujed
tumbleset	tumblesets	tumblesetting	tumblesetted	tumblesetted
tutoie	tutoies	tutoieing	tutoied	tutoied
twight	twights	twighting	twight	twight
twilight	twilights	twilighting	twilit	twilit
twinge	twinges	twingeing	twinged	twinged
twos	twoss	twosing	twosed	twosed
tyek	tyeks	tyekin	teuk	tyeken
typecast	typecasts	typecasting	typecast	typecast
typeset	typesets	typesetting	typeset	typeset
typewrite	typewrites	typewriting	typewrote	typewritten
typosquat	typosquats	typosquatting	typosquatted	typosquatted
tyran	tyrans	tyranning	tyranned	tyranned
uber	ubers	ubering	ubered	ubered
ug	ugs	ugging	ugged	ugged
ultrascan	ultrascans	ultrascanning	ultrascanned	ultrascanned
um	ums	umming	ummed	ummed
umbecast	umbecasts	umbecasting	umbecast	umbecast
umbeclap	umbeclaps	umbeclapping	umbeclapped	umbeclapped
umbedraw	umbedraws	umbedrawing	umbedrew	umbedrawn
umbego	umbegoes	umbegoing	umbewent	umbegone
umbegrip	umbegrips	umbegripping	umbegripped	umbegripped
umbelap	umbelaps	umbelapping	umbelapped	umbelapped
umbeset	umbesets	umbesetting	umbeset	umbeset
umbethink	umbethinks	umbethinking	umbethought	umbethought
umcast	umcasts	umcasting	umcast	umcast
unallot	unallots	unallotting	unallotted	unallotted
unbag	unbags	unbagging	unbagged	unbagged
unban	unbans	unbanning	unbanned	unbanned
unbar	unbars	unbarring	unbarred	unbarred
unbear	unbears	unbearing	unbore	unborne
unbecome	unbecomes	unbecoming	unbecame	unbecome
unbed	unbeds	unbedding	unbedded	unbedded
unbefit	unbefits	unbefitting	unbefitted	unbefitted
unbeget	unbegets	unbegetting	unbegot	unbegotten
unbend	unbends	unbending	unbent	unbent
unbespeak	unbespeaks	unbespeaking	unbespoke	unbespoken
unbethink	unbethinks	unbethinking	unbethought	unbethought
unbid	unbids	unbidding	unbid	unbid
unbin	unbins	unbinning	unbinned	unbinned
unbind	unbinds	unbinding	unbound	unbound
unbit	unbits	unbitting	unbitted	unbitted
unbite	unbites	unbiting	unbit	unbitten
unblue	unblues	unblueing	unblued	unblued
unblur	unblurs	unblurring	unblurred	unblurred
unbog	unbogs	unbogging	unbogged	unbogged
unbran	unbrans	unbranning	unbranned	unbranned
unbreak	unbreaks	unbreaking	unbroke	unbroken
unbreed	unbreeds	unbreeding	unbred	unbred
unbuild	unbuilds	unbuilding	unbuilt	unbuilt
uncan	uncans	uncanning	uncanned	uncanned
uncap	uncaps	uncapping	uncapped	uncapped
uncast	uncasts	uncasting	uncast	uncast
uncatch	uncatches	uncatching	uncaught	uncaught
unchoose	unchooses	unchoosing	unchose	unchosen
unclap	unclaps	unclapping	unclapped	unclapped
uncling	unclings	unclinging	unclung	unclung
unclip	unclips	unclipping	unclipped	unclipped
unclog	unclogs	unclogging	unclogged	unclogged
uncoif	uncoifs	uncoiffing	uncoiffed	uncoiffed
uncommit	uncommits	uncommitting	uncommitted	uncommitted
uncram	uncrams	uncramming	uncrammed	uncrammed
uncrib	uncribs	uncribbing	uncribbed	uncribbed
uncrop	uncrops	uncropping	uncropped	uncropped
uncup	uncups	uncupping	uncupped	uncupped
undam	undams	undamming	undammed	undammed
underbar	underbars	underbarring	underbarred	underbarred
underbear	underbears	underbearing	underbore	underborne
underbeat	underbeats	underbeating	underbeat	underbeaten
underbet	underbets	underbetting	underbet	underbet
underbid	underbids	underbidding	underbid	underbid
underbind	underbinds	underbinding	underbound	underbound
underbite	underbites	underbiting	underbit	underbitten
underblow	underblows	underblowing	underblew	underblown
underbreed	underbreeds	underbreeding	underbred	underbred
underbring	underbrings	underbringing	underbrought	underbrought
underbuild	underbuilds	underbuilding	underbuilt	underbuilt
underbuy	underbuys	underbuying	underbought	underbought
undercast	undercasts	undercasting	undercast	undercast
underclub	underclubs	underclubbing	underclubbed	underclubbed
undercome	undercomes	undercoming	undercame	undercome
undercommit	undercommits	undercommitting	undercommitted	undercommitted
undercreep	undercreeps	undercreeping	undercrept	undercrept
undercut	undercuts	undercutting	undercut	undercut
underdeal	underdeals	underdealing	underdealt	underdealt
underdig	underdigs	underdigging	underdug	underdug
underdo	underdoes	underdoing	underdid	underdone
underdrag	underdrags	underdragging	underdragged	underdragged
underdraw	underdraws	underdrawing	underdrew	underdrawn
underdrive	underdrives	underdriving	underdrove	underdriven
undereat	undereats	undereating	underate	undereaten
underequip	underequips	underequipping	underequipped	underequipped
underfeed	underfeeds	underfeeding	underfed	underfed
underfeel	underfeels	underfeeling	underfelt	underfelt
underfit	underfits	underfitting	underfitted	underfitted
underfulfil	underfulfils	underfulfilling	underfulfilled	underfulfilled
underget	undergets	undergetting	undergot	undergot
undergo	undergoes	undergoing	underwent	undergone
undergoe	undergoes	undergoing	underwent	undergone
undergrind	undergrinds	undergrinding	underground	underground
undergrow	undergrows	undergrowing	undergrew	undergrown
underhang	underhangs	underhanging	underhung	underhung
underhit	underhits	underhitting	underhit	underhit
underhold	underholds	underholding	underheld	underheld
underkeep	underkeeps	underkeeping	underkept	underkept
underlap	underlaps	underlapping	underlapped	underlapped
underlay	underlays	underlaying	underlaid	underlaid
underlead	underleads	underleading	underled	underled
underlet	underlets	underletting	underlet	underlet
underlie	underlies	underlying	underlay	underlain
underly	underlies	underlying	underlay	underlain
underlye	underlyes	underlying	underlay	underlain
underman	undermans	undermanning	undermanned	undermanned
underpay	underpays	underpaying	underpaid	underpaid
underpin	underpins	underpinning	underpinned	underpinned
underplan	underplans	underplanning	underplanned	underplanned
underplot	underplots	underplotting	underplotted	underplotted
underpot	underpots	underpotting	underpotted	underpotted
underprop	underprops	underpropping	underpropped	underpropped
underput	underputs	underputting	underput	underput
underread	underreads	underreading	underread	underread
underrep	underreps	underrepping	underrepped	underrepped
underride	underrides	underriding	underrode	underridden
underring	underrings	underringing	underrang	underrung
underrun	underruns	underrunning	underran	underrun
undersay	undersays	undersaying	undersaid	undersaid
undersee	undersees	underseeing	undersaw	underseen
underseek	underseeks	underseeking	undersought	undersought
undersell	undersells	underselling	undersold	undersold
undersend	undersends	undersending	undersent	undersent
underset	undersets	undersetting	underset	underset
undershoot	undershoots	undershooting	undershot	undershot
undersing	undersings	undersinging	undersang	undersung
undersleep	undersleeps	undersleeping	underslept	underslept
undersling	underslings	underslinging	underslung	underslung
undersow	undersows	undersowing	undersowed	undersown
underspeak	underspeaks	underspeaking	underspoke	underspoken
underspend	underspends	underspending	underspent	underspent
understand	understands	understanding	understood	understood
understep	understeps	understepping	understepped	understepped
understir	understirs	understirring	understirred	understirred
understride	understrides	understriding	understrode	understrode
undertake	undertakes	undertaking	undertook	undertaken
underteach	underteaches	underteaching	undertaught	undertaught
underthink	underthinks	underthinking	underthought	underthought
underthrow	underthrows	underthrowing	underthrew	underthrown
undertip	undertips	undertipping	undertipped	undertipped
underwhip	underwhips	underwhipping	underwhipped	underwhipped
underwind	underwinds	underwinding	underwound	underwound
underwithhold	underwithholds	underwithholding	underwithheld	underwithheld
underwrap	underwraps	underwrapping	underwrapped	underwrapped
underwrite	underwrites	underwriting	underwrote	underwritten
undiadem	undiadems	undiademming	undiademmed	undiademmed
undig	undigs	undigging	undug	undug
undim	undims	undimming	undimmed	undimmed
undip	undips	undipping	undipped	undipped
undo	undoes	undoing	undid	undone
undog	undogs	undogging	undogged	undogged
undraw	undraws	undrawing	undrew	undrawn
undrink	undrinks	undrinking	undrank	undrunk
undrop	undrops	undropping	undropped	undropped
undub	undubs	undubbing	undubbed	undubbed
unduhstand	unduhstands	unduhstanding	unduhstood	unduhstood
uneat	uneats	uneating	unate	uneaten
unembed	unembeds	unembedding	unembedded	unembedded
unenrol	unenrols	unenrolling	unenrolled	unenrolled
unequip	unequips	unequipping	unequipped	unequipped
unfeel	unfeels	unfeeling	unfelt	unfelt
unfellowship	unfellowships	unfellowshipping	unfellowshipped	unfellowshipped
unfight	unfights	unfighting	unfought	unfought
unfit	unfits	unfitting	unfitted	unfitted
unflag	unflags	unflagging	unflagged	unflagged
unflip	unflips	unflipping	unflipped	unflipped
unfog	unfogs	unfogging	unfogged	unfogged
unforget	unforgets	unforgetting	unforgot	unforgotten
unforgive	unforgives	unforgiving	unforgave	unforgiven
unformat	unformats	unformatting	unformatted	unformatted
unfreeze	unfreezes	unfreezing	unfroze	unfrozen
unfret	unfrets	unfretting	unfretted	unfretted
unfulfil	unfulfils	unfulfilling	unfulfilled	unfulfilled
unfur	unfurs	unfurring	unfurred	unfurred
ungag	ungags	ungagging	ungagged	ungagged
unget	ungets	ungetting	ungot	ungot
ungive	ungives	ungiving	ungave	ungiven
ungod	ungods	ungodding	ungodded	ungodded
ungrab	ungrabs	ungrabbing	ungrabbed	ungrabbed
ungrip	ungrips	ungripping	ungripped	ungripped
ungrow	ungrows	ungrowing	ungrew	ungrown
ungum	ungums	ungumming	ungummed	ungummed
ungut	unguts	ungutting	ungutted	ungutted
ungzip	ungzips	ungzipping	ungzipped	ungzipped
unhang	unhangs	unhanging	unhung	unhung
unhat	unhats	unhatting	unhatted	unhatted
unhear	unhears	unhearing	unheard	unheard
unhem	unhems	unhemming	unhemmed	unhemmed
unhide	unhides	unhiding	unhid	unhidden
unhit	unhits	unhitting	unhit	unhit
unhold	unholds	unholding	unheld	unheld
unhug	unhugs	unhugging	unhugged	unhugged
uni	unis	uni'ing	uni'd	uni'd
unicast	unicasts	unicasting	unicast	unicast
unjailbreak	unjailbreaks	unjailbreaking	unjailbroke	unjailbroken
unjam	unjams	unjamming	unjammed	unjammed
unjar	unjars	unjarring	unjarred	unjarred
unkeg	unkegs	unkegging	unkegged	unkegged
unken	unkens	unkenning	unkenned	unkenned
unkidnap	unkidnaps	unkidnapping	unkidnapped	unkidnapped
unknit	unknits	unknitting	unknit	unknit
unknot	unknots	unknotting	unknotted	unknotted
unknow	unknows	unknowing	unknew	unknown
unlade	unlades	unlading	unladed	unladen
unlap	unlaps	unlapping	unlapped	unlapped
unlay	unlays	unlaying	unlaid	unlaid
unlid	unlids	unlidding	unlidded	unlidded
unlose	unloses	unlosing	unlost	unlost
unmagic	unmagics	unmagicking	unmagicked	unmagicked
unmake	unmakes	unmaking	unmade	unmade
unman	unmans	unmanning	unmanned	unmanned
unmap	unmaps	unmapping	unmapped	unmapped
unmat	unmats	unmatting	unmatted	unmatted
unmean	unmeans	unmeaning	unmeant	unmeant
unmeet	unmeets	unmeeting	unmet	unmet
unmonarch	unmonarchs	unmonarching	unmonarched	unmonarched
unnerstand	unnerstands	unnerstanding	unnerstood	unnerstood
unnuhstand	unnuhstands	unnuhstanding	unnuhstood	unnuhstood
unnun	unnuns	unnunning	unnunned	unnunned
unpay	unpays	unpaying	unpaid	unpaid
unpeg	unpegs	unpegging	unpegged	unpegged
unpen	unpens	unpenning	unpenned	unpenned
unpin	unpins	unpinning	unpinned	unpinned
unplan	unplans	unplanning	unplanned	unplanned
unplat	unplats	unplatting	unplatted	unplatted
unplot	unplots	unplotting	unplotted	unplotted
unplug	unplugs	unplugging	unplugged	unplugged
unpop	unpops	unpopping	unpopped	unpopped
unpot	unpots	unpotting	unpotted	unpotted
unprop	unprops	unpropping	unpropped	unpropped
unquit	unquits	unquitting	unquit	unquit
unram	unrams	unramming	unrammed	unrammed
unravel	unravels	unravelling	unravelled	unravelled
unread	unreads	unreading	unread	unread
unrep	unreps	unrepping	unrepped	unrepped
unrig	unrigs	unrigging	unrigged	unrigged
unring	unrings	unringing	unrang	unrung
unrip	unrips	unripping	unripped	unripped
unrug	unrugs	unrugging	unrugged	unrugged
unsake	unsakes	unsaking	unsook	unsaken
unsay	unsays	unsaying	unsaid	unsaid
unsee	unsees	unseeing	unsaw	unseen
unsell	unsells	unselling	unsold	unsold
unsend	unsends	unsending	unsent	unsent
unset	unsets	unsetting	unset	unset
unsew	unsews	unsewing	unsewed	unsewn
unshadowban	unshadowbans	unshadowbanning	unshadowbanned	unshadowbanned
unshake	unshakes	unshaking	unshook	unshaken
unshar	unshars	unsharring	unsharred	unsharred
unship	unships	unshipping	unshipped	unshipped
unshit	unshits	unshitting	unshit	unshit
unshoot	unshoots	unshooting	unshot	unshot
unshot	unshots	unshotting	unshotted	unshotted
unshrink	unshrinks	unshrinking	unshrank	unshrunk
unshut	unshuts	unshutting	unshut	unshut
unsin	unsins	unsinning	unsinned	unsinned
unsing	unsings	unsinging	unsang	unsung
unskin	unskins	unskinning	unskinned	unskinned
unskip	unskips	unskipping	unskipped	unskipped
unsleep	unsleeps	unsleeping	unslept	unslept
unslide	unslides	unsliding	unslid	unslid
unsling	unslings	unslinging	unslung	unslung
unslip	unslips	unslipping	unslipped	unslipped
unslot	unslots	unslotting	unslotted	unslotted
unsnag	unsnags	unsnagging	unsnagged	unsnagged
unsnap	unsnaps	unsnapping	unsnapped	unsnapped
unsnib	unsnibs	unsnibbing	unsnibbed	unsnibbed
unspam	unspams	unspamming	unspammed	unspammed
unspar	unspars	unsparring	unsparred	unsparred
unspeak	unspeaks	unspeaking	unspoke	unspoken
unspend	unspends	unspending	unspent	unspent
unspin	unspins	unspinning	unspun	unspun
unspit	unspits	unspitting	unspitted	unspitted
unsplit	unsplits	unsplitting	unsplit	unsplit
unspot	unspots	unspotting	unspotted	unspotted
unspread	unspreads	unspreading	unspread	unspread
unspring	unsprings	unspringing	unsprang	unsprung
unstan	unstans	unstanning	unstanned	unstanned
unstar	unstars	unstarring	unstarred	unstarred
unsteal	unsteals	unstealing	unstole	unstolen
unstep	unsteps	unstepping	unstepped	unstepped
unstick	unsticks	unsticking	unstuck	unstuck
unstir	unstirs	unstirring	unstirred	unstirred
unstop	unstops	unstopping	unstopped	unstopped
unstrap	unstraps	unstrapping	unstrapped	unstrapped
unstrike	unstrikes	unstriking	unstruck	unstruck
unstring	unstrings	unstringing	unstrung	unstrung
unstrip	unstrips	unstripping	unstripped	unstripped
unsub	unsubs	unsubbing	unsubbed	unsubbed
unsubmit	unsubmits	unsubmitting	unsubmitted	unsubmitted
unswear	unswears	unswearing	unswore	unsworn
unswell	unswells	unswelling	unswelled	unswollen
unswing	unswings	unswinging	unswung	unswung
untag	untags	untagging	untagged	untagged
untap	untaps	untapping	untapped	untapped
untar	untars	untarring	untarred	untarred
unteach	unteaches	unteaching	untaught	untaught
untell	untells	untelling	untold	untold
unthink	unthinks	unthinking	unthought	unthought
unthrow	unthrows	unthrowing	unthrew	unthrew
untin	untins	untinning	untinned	untinned
untop	untops	untopping	untopped	untopped
untrap	untraps	untrapping	untrapped	untrapped
untread	untreads	untreading	untrod	untrod
untrim	untrims	untrimming	untrimmed	untrimmed
untrip	untrips	untripping	untripped	untripped
unty	untyes	untying	untyed	untyed
untye	untyes	untying	untyed	untyed
unvat	unvats	unvatting	unvatted	unvatted
unwad	unwads	unwadding	unwadded	unwadded
unweave	unweaves	unweaving	unwove	unwoven
unweb	unwebs	unwebbing	unwebbed	unwebbed
unwed	unweds	unwedding	unwed	unwed
unwet	unwets	unwetting	unwet	unwet
unwhig	unwhigs	unwhigging	unwhigged	unwhigged
unwhip	unwhips	unwhipping	unwhipped	unwhipped
unwig	unwigs	unwigging	unwigged	unwigged
unwind	unwinds	unwinding	unwound	unwound
unwit	unwits	unwitting	unwitted	unwitted
unwrap	unwraps	unwrapping	unwrapped	unwrapped
unwrite	unwrites	unwriting	unwrote	unwritten
unzip	unzips	unzipping	unzipped	unzipped
up	ups	upping	upped	upped
upbar	upbars	upbarring	upbarred	upbarred
upbear	upbears	upbearing	upbore	upborne
upbend	upbends	upbending	upbent	upbent
upbid	upbids	upbidding	upbid	upbid
upbind	upbinds	upbinding	upbound	upbound
upblow	upblows	upblowing	upblew	upblown
upbreak	upbreaks	upbreaking	upbroke	upbroken
upbreed	upbreeds	upbreeding	upbred	upbred
upbrim	upbrims	upbrimming	upbrimmed	upbrimmed
upbring	upbrings	upbringing	upbrought	upbrought
upbuild	upbuilds	upbuilding	upbuilt	upbuilt
upcast	upcasts	upcasting	upcast	upcast
upcome	upcomes	upcoming	upcame	upcome
upcreep	upcreeps	upcreeping	upcrept	upcrept
upcut	upcuts	upcutting	upcut	upcut
updrag	updrags	updragging	updragged	updragged
updraw	updraws	updrawing	updrew	updrawn
upfit	upfits	upfitting	upfitted	upfitted
upfling	upflings	upflinging	upflung	upflung
upfly	upflies	upflying	upflew	upflown
upgive	upgives	upgiving	upgave	upgiven
upgo	upgoes	upgoing	upwent	upgone
upgrow	upgrows	upgrowing	upgrew	upgrown
upgun	upguns	upgunning	upgunned	upgunned
uphang	uphangs	uphanging	uphung	uphung
uphold	upholds	upholding	upheld	upheld
upjet	upjets	upjetting	upjetted	upjetted
upkeep	upkeeps	upkeeping	upkept	upkept
upknit	upknits	upknitting	upknitted	upknitted
uplay	uplays	uplaying	uplaid	uplaid
uplead	upleads	upleading	upled	upled
uplean	upleans	upleaning	upleant	upleant
upmake	upmakes	upmaking	upmade	upmade
uppercut	uppercuts	uppercutting	uppercut	uppercut
uppluck	upplucks	upplucking	upplight	upplight
upprop	upprops	uppropping	uppropped	uppropped
upput	upputs	upputting	upput	upput
uprend	uprends	uprending	uprent	uprent
upride	uprides	upriding	uprode	upridden
uprip	uprips	upripping	upripped	upripped
uprise	uprises	uprising	uprose	uprisen
uprun	upruns	uprunning	upran	uprun
upseek	upseeks	upseeking	upsought	upsought
upsell	upsells	upselling	upsold	upsold
upsend	upsends	upsending	upsent	upsent
upset	upsets	upsetting	upset	upset
upshoot	upshoots	upshooting	upshot	upshot
upshut	upshuts	upshutting	upshut	upshut
upskip	upskips	upskipping	upskipped	upskipped
upspeak	upspeaks	upspeaking	upspoke	upspoken
upspeed	upspeeds	upspeeding	upsped	upsped
upspread	upspreads	upspreading	upspread	upspread
upspring	upsprings	upspringing	upsprang	upsprung
upstand	upstands	upstanding	upstood	upstood
upsteal	upsteals	upstealing	upstole	upstolen
upstep	upsteps	upstepping	upstepped	upstepped
upstir	upstirs	upstirring	upstirred	upstirred
upstrap	upstraps	upstrapping	upstrapped	upstrapped
upstrive	upstrives	upstriving	upstrove	upstriven
upsweep	upsweeps	upsweeping	upswept	upswept
upswim	upswims	upswimming	upswam	upswum
upswing	upswings	upswinging	upswung	upswung
uptake	uptakes	uptaking	uptook	uptaken
uptear	uptears	uptearing	uptore	uptorn
upthrow	upthrows	upthrowing	upthrew	upthrown
upwind	upwinds	upwinding	upwound	upwound
vagueblog	vagueblogs	vagueblogging	vagueblogged	vagueblogged
vax	vaxxes	vaxxing	vaxxed	vaxxed
vblog	vblogs	vblogging	vblogged	vblogged
verticut	verticuts	verticutting	verticut	verticut
vertrep	vertreps	vertrepping	vertrepped	vertrepped
veto	vetoes	vetoing	vetoed	vetoed
vidcast	vidcasts	vidcasting	vidcast	vidcast
vidchat	vidchats	vidchatting	vidchatted	vidchatted
video	videoes	videoing	videoed	videoed
videocast	videocasts	videocasting	videocast	videocast
videochat	videochats	videochatting	videochatted	videochatted
viewbot	viewbots	viewbotting	viewbotted	viewbotted
vis	vises	vising	vised	vised
vise	vises	viseing	vised	vised
viz	vizs	vizing	vized	vized
vodcast	vodcasts	vodcasting	vodcast	vodcast
voicemog	voicemogs	voicemogging	voicemogged	voicemogged
voluntell	voluntells	voluntelling	voluntold	voluntold
voteban	votebans	votebanning	votebanned	votebanned
vye	vyes	vying	vyed	vyed
wadset	wadsets	wadsetting	wadsetted	wadsetted
wake	wakes	waking	woke	woken
wallride	wallrides	wallriding	wallrode	wallridden
wallslam	wallslams	wallslamming	wallslammed	wallslammed
wardrive	wardrives	wardriving	wardrove	wardriven
watchdog	watchdogs	watchdogging	watchdogged	watchdogged
waterlog	waterlogs	waterlogging	waterlogged	waterlogged
wayfare	wayfares	wayfaring	wayfore	wayfaren
waylay	waylays	waylaying	waylaid	waylaid
wear	wears	wearing	wore	worn
weare	weares	wearing	wore	worne
weatherstrip	weatherstrips	weatherstripping	weatherstripped	weatherstripped
weave	weaves	weaving	wove	woven
webcam	webcams	webcamming	webcammed	webcammed
webcast	webcasts	webcasting	webcast	webcast
webchat	webchats	webchatting	webchatted	webchatted
wed	weds	wedding	wed	wed
wedset	wedsets	wedsetting	wedsetted	wedsetted
weep	weeps	weeping	wept	wept
weightbear	weightbears	weightbearing	weightbore	weightborne
wet	wets	wetting	wet	wet
wetmop	wetmops	wetmopping	wetmopped	wetmopped
weye	weyes	weying	weyed	weyed
wheech	wheechs	wheeching	wheeched	wheeched
wheelie	wheelies	wheelieing	wheelied	wheelied
wheelspin	wheelspins	wheelspinning	wheelspun	wheelspun
whinge	whinges	whingeing	whinged	whinged
whipsaw	whipsaws	whipsawing	whipsawed	whipsawn
whistleblow	whistleblows	whistleblowing	whistleblew	whistleblown
whistlestop	whistlestops	whistlestopping	whistlestopped	whistlestopped
whiz	whizzes	whizzing	whizzed	whizzed
why	whys	whying	whyed	whyed
wicketkeep	wicketkeeps	wicketkeeping	wicketkept	wicketkept
wifi	wifis	wifi-ing	wified	wified
wigwag	wigwags	wigwagging	wigwagged	wigwagged
wigwam	wigwams	wigwamming	wigwammed	wigwammed
wildcat	wildcats	wildcatting	wildcatted	wildcatted
wildfeed	wildfeeds	wildfeeding	wildfed	wildfed
will	will	willing	would	-
win	wins	winning	won	won
wind	winds	winding	wound	wound
windbag	windbags	windbagging	windbagged	windbagged
windjam	windjams	windjamming	windjammed	windjammed
windowshop	windowshops	windowshopping	windowshopped	windowshopped
winge	winges	wingeing	winged	winged
wingman	wingmans	wingmanning	wingmanned	wingmanned
winterfeed	winterfeeds	winterfeeding	winterfed	winterfed
wiredraw	wiredraws	wiredrawing	wiredrew	wiredrawn
wiretap	wiretaps	wiretapping	wiretapped	wiretapped
wishcast	wishcasts	wishcasting	wishcast	wishcast
wit	wot	witting	wist	wist
withbear	withbears	withbearing	withbore	withborne
withdraw	withdraws	withdrawing	withdrew	withdrawn
withdrive	withdrives	withdriving	withdrove	withdriven
withgo	withgoes	withgoing	withwent	withgone
withhold	withholds	withholding	withheld	withheld
withold	witholds	witholding	witheld	witheld
withsake	withsakes	withsaking	withsook	withsaken
withsay	withsays	withsaying	withsaid	withsaid
withset	withsets	withsetting	withset	withset
withsit	withsits	withsitting	withsat	withsat
withspeak	withspeaks	withspeaking	withspoke	withspoken
withstand	withstands	withstanding	withstood	withstood
withtake	withtakes	withtaking	withtook	withtaken
withthrow	withthrows	withthrowing	withthrew	withthrown
wiz	wizzes	wizzing	wizzed	wizzed
wok	woks	woking	woked	woked
womannap	womannaps	womannapping	womannapped	womannapped
woodchop	woodchops	woodchopping	woodchopped	woodchopped
woodshed	woodsheds	woodshedding	woodshedded	woodshedded
wordwrap	wordwraps	wordwrapping	wordwrapped	wordwrapped
workshop	workshops	workshopping	workshopped	workshopped
worth	worths	worthing	worth	worth
wright	wrights	wrought	wrighten	wrighten
wring	wrings	wringing	wrung	wrung
write	writes	writing	wrote	written
writh	writh's	writhing	writh'd	writh'd
writhe	writhes	writhing	wrothe	writhen
wrongdo	wrongdoes	wrongdoing	wrongdid	wrongdone
wrongtake	wrongtakes	wrongtaking	wrongtook	wrongtaken
wrongthink	wrongthinks	wrongthinking	wrongthought	wrongthought
wuk	wuks	wukkin'	wukked	wukked
wurship	wurships	wurshipping	wurshipped	wurshipped
wuv	wuvz	wuving	wuvd	wuvd
wye	wyes	wying	wyed	wyed
xbreed	xbreeds	xbreeding	xbred	xbred
xenotransmit	xenotransmits	xenotransmitting	xenotransmitted	xenotransmitted
xfeed	xfeeds	xfeeding	xfed	xfed
yacketayak	yacketayaks	yacketayakking	yacketayakked	yacketayakked
yeasay	yeasays	yeasaying	yeasaid	yeasaid
yelloch	yellochs	yelloching	yelloched	yelloched
yet	yets	yetting	yet	yet
yive	yives	yiving	yave	yiven
yogi	yogis	yogi-ing	yogied	yogied
yume	yumes	yumeing	yume'd	yume'd
yumeship	yumeships	yumeshipping	yumeshipped	yumeshipped
zero	zeroes	zeroing	zeroed	zeroed
zhoozh	zhoozhes	zhoozhing	zhoozhed	zhoozhed
zhuzh	zhuzhes	zhuzhing	zhuzhed	zhuzhed
zigzag	zigzags	zigzagging	zigzagged	zigzagged
zzz	zzzs	zzzing	zzzed	zzzed
æqual	æquals	æqualling	æqualled	æqualled
