# noun	plural
a	a's
aandblom	aandblomme
aardwolf	aardwolves
abaciscus	abacisci
abaculus	abaculi
abacus	abaci
abas	abas
abatis	abatis
abatsons	abatsons
abattis	abattis
abatvoix	abatvoix
abatwa	abatwa
abbozzo	abbozzi
abd	abd
abdominocentesis	abdominocenteses
abdominocyesis	abdominocyeses
abducens	abducentes
abecedarium	abecedaria
abeed	abeed
abelungu	abelungu
abendmusik	abendmusiken
abid	abid
abies	abies
abigeus	abigei
abiogenesis	abiogeneses
abiosis	abioses
abisetaoshi	abisetaoshi
aboideau	aboideaux
aboiteau	aboiteaux
abolla	abollae
abomasum	abomasa
abomasus	abomasi
aborisha	aborisha
abovesigned	abovesigned
abozzo	abozzi
absis	absides
absorberman	absorbermen
abstractum	abstracta
absurdum	absurda
abx	abx
abyssus	abyssi
acanthamebiasis	acanthamebiases
acanthamoeba	acanthamoebae
acanthamoebiasis	acanthamoebiases
acanthocephaliasis	acanthocephaliases
acanthocytosis	acanthocytoses
acantholysis	acantholyses
acanthopodium	acanthopodia
acanthosis	acanthoses
acanthrocytosis	acanthrocytoses
acardiacus	acardiaci
acariasis	acariases
acarinosis	acarinoses
acariosis	acarioses
acarodomatium	acarodomatia
acarus	acari
acatalexis	acatalexes
accidens	accidentia
accubitum	accubita
accusatrix	accusatrices
acephalus	acephali
acervulus	acervuli
acetolysis	acetolyses
acetoxy	acetoxys
achaenium	achaenia
acheiropoieton	acheiropoieta
achimenes	achimenes
achondrogenesis	achondrogeneses
achoresis	achoreses
acidobacterium	acidobacteria
acidolysis	acidolyses
acidosis	acidoses
acies	acies
acinaces	acinaces
acinus	acini
aclasis	aclases
acocil	acociles
acquirendum	acquirenda
acreman	acremen
acremonium	acremonia
acridophagus	acridophagi
acritarch	acritarchs
acroama	acroamata
acroasis	acroases
acrocyanosis	acrocyanoses
acrodermatitis	acrodermatitides
acrodermatosis	acrodermatoses
acrodysostosis	acrodysostoses
acrokeratoelastoidosis	acrokeratoelastoidoses
acrokeratosis	acrokeratoses
acroosteolysis	acroosteolyses
acroparalysis	acroparalyses
acropleuron	acropleura
acropodion	acropodia
acropodium	acropodia
acrorhagus	acrorhagi
acrostich	acrostichs
acrosyndesis	acrosyndeses
acrosyringium	acrosyringia
acrotarsium	acrotarsia
acroterium	acroteria
actinizoan	actinizoa
actinobacillus	actinobacilli
actinobacterium	actinobacteria
actinobranch	actinobranchs
actinomyces	actinomyces
actinomycosis	actinomycoses
actinophytosis	actinophytoses
actinotrich	actinotrichs
actinotrichium	actinotrichia
actinozoan	actinozoa
actinozoon	actinozoa
actinula	actinulae
actus	actus
aculeus	aculei
acyloxy	acyloxys
adambulacrum	adambulacra
addendum	addenda
adeagus	adeagi
adelphotaxon	adelphotaxa
adenofibrosis	adenofibroses
adenohypophysis	adenohypophyses
adenolipomatosis	adenolipomatoses
adenolymphangitis	adenolymphangitides
adenolymphitis	adenolymphites
adenomatosis	adenomatoses
adenomyomatosis	adenomyomatoses
adenopolyposis	adenopolyposes
adenosis	adenoses
adiaphoron	adiaphora
adiaspiromycosis	adiaspiromycoses
adieu	adieux
adipogenesis	adipogeneses
adiponecrosis	adiponecroses
adiposis	adiposes
aditus	aditus
adjudicatrix	adjudicatrices
adjutrix	adjutrices
adman	admen
administrativia	administrativia
administratorix	administratorices
administratrix	administratrices
administrivia	administrivia
admonitrix	admonitrices
admor	admorim
adnatum	adnata
adnexitis	adnexitides
adnexum	adnexa
adstratum	adstrata
advocatus	advocati
adwoman	adwomen
adynaton	adynata
adyton	adyta
aecidium	aecidia
aecium	aecia
aedeagus	aedeagi
aedicula	aediculae
aegagrus	aegagri
aenach	aenachs
aerarium	aeraria
aerobiosis	aerobioses
aerobium	aerobia
aeroneurosis	aeroneuroses
aeroplankton	aeroplankton
aeroscepsis	aeroscepses
aesthesis	aestheses
aesthetics	aesthetics
aesymnetes	aesymnetai
aethalium	aethalia
aetiopathogenesis	aetiopathogeneses
aett	aettir
affirmatum	affirmata
affogato	affogati
aflaj	aflajes
afterguardsman	afterguardsmen
afterlife	afterlives
agalinis	agalinis
agalma	agalmata
agamospecies	agamospecies
aganactesis	aganacteses
agape	agapae
agapet	agapetae
agbada	agbada
agendum	agenda
agenesis	ageneses
agitatrix	agitatrices
agnogenesis	agnogeneses
agnosis	agnoses
agonistarch	agonistarchs
agonothetes	agonothetai
agora	agorae
agorah	agorot
agoranomos	agoranomoi
agranulocytosis	agranulocytoses
agraphon	agrapha
agribusinessman	agribusinessmen
agribusinesswoman	agribusinesswomen
agrichnion	agrichnia
agrobacterium	agrobacteria
agrobusinessman	agrobusinessmen
agrocenosis	agrocenoses
ahegao	ahegao
ahlspiess	ahlspiessen
ahoge	ahoge
aholehole	aholehole
aidman	aidmen
aidoru	aidoru
aikidōka	aikidōka
airbus	airbusses
aircraft	aircraft
aircraftman	aircraftmen
aircraftsman	aircraftsmen
aircraftswoman	aircraftswomen
aircraftwoman	aircraftwomen
aircrewman	aircrewmen
airman	airmen
airplaneful	airplanesful
airwoman	airwomen
aisymnetes	aisymnetai
aition	aitia
ajari	ajari
akabeko	akabeko
akamatsu	akamatsu
akanbe	akanbe
akara	akara
akeni	akeni
akinesis	akineses
akousma	akousmata
akropodion	akropodia
akroterion	akroteria
aktionsart	aktionsarten
akule	akule
akuma	akuma
ala	alae
alabarch	alabarchs
alabastrum	alabastra
alalagmos	alalagmoi
alamsoa	Alamosi
albarello	albarelli
albatross	albatross
albuginea	albugineae
alcoholysis	alcoholyses
alderman	aldermen
alderwoman	alderwomen
aleukocytosis	aleukocytoses
aleurioconidium	aleurioconidia
alewife	alewives
alexanders	alexanders
alexipharmacum	alexipharmaca
alfajor	alfajores
alferes	alferes
alferez	alfereces
alférez	alféreces
alga	algae
algae	algae
alicyclobacillus	alicyclobacilli
alikreukel	alikreukel
alim	ulama
alinotum	alinota
alkalosis	alkaloses
alkoxy	alkoxys
alkyloxy	alkyloxys
allegoresis	allegoreses
alloknesis	allokneses
alloquy	alloquies
allosaurus	allosauri
alloscutum	alloscuta
allospecies	allospecies
allosyndesis	allosyndeses
allyloxy	allyloxys
allœosis	allœoses
almes	almes
alms	alms
almsman	almsmen
almsperson	almspeople
almswoman	almswomen
alongshoreman	alongshoremen
alphaproteobacterium	alphaproteobacteria
altocumulus	altocumuli
altostratus	altostrati
alula	alulae
alumna	alumni
alumni	alumni
alumnus	alumni
alumnx	alumnx
alveolus	alveoli
alveus	alvei
alytarch	alytarchs
amakweta	amakweta
amakwetha	amakwetha
amaltas	amaltas
amanuensis	amanuenses
amaro	amari
amasius	amasii
amaurosis	amauroses
ambassadrix	ambassadrices
ambassatrix	ambassatrices
amberlamps	amberlamps
ambiloquy	ambiloquies
ambix	ambices
ambulanceman	ambulancemen
ambulancewoman	ambulancewomen
amburbium	amburbia
amebiasis	amebiases
amelanosis	amelanoses
amelogenesis	amelogeneses
amelus	ameli
amenorrhea	amenorrheae
amenorrhoea	amenorrhoeae
amenorrhœa	amenorrhœæ
amentum	amenta
amenukal	imenukalen
amicus	amici
amidohydrolysis	amidohydrolyses
amigurumi	amigurumi
aminoethoxy	aminoethoxys
aminolysis	aminolyses
aminomethoxy	aminomethoxys
aminooxy	aminooxys
aminoterminus	aminotermini
amitosis	amitoses
amiuchi	amiuchi
ammonolysis	ammonolyses
amniocentesis	amniocenteses
amniogenesis	amniogeneses
amoeba	amoebae
amoebaeum	amoebaea
amoebiasis	amoebiases
amoebiosis	amoebioses
amoebosis	amoeboses
amoebozoan	amoebozoa
amorphus	amorphi
amoureux	amoureux
amphiarthrosis	amphiarthroses
amphibalus	amphibali
amphibolgia	amphibologies
amphibrach	amphibrachs
amphigastrium	amphigastria
amphimixis	amphimixes
amphinucleolus	amphinucleoli
amphioxus	amphioxi
amphisarca	amphisarcae
amphisbæna	amphisbænæ
amphithecium	amphithecia
amphixenosis	amphixenoses
amphizoonosis	amphizoonoses
amphoreus	amphoreis
amphoriskos	amphoriskoi
amplituhedron	amplituhedra
ampullitis	ampullitides
ampullula	ampullulae
amud	amudim
amylobacterium	amylobacteria
amyloidosis	amyloidoses
amœbiasis	amœbiases
amœbula	amœbulæ
anabasis	anabases
anabasius	anabasii
anabiosis	anabioses
anableps	anableps
anachoresis	anachoreses
anaclasis	anaclases
anaclisis	anaclises
anacolouthon	anacoloutha
anacoluthon	anacolutha
anacrisis	anacrises
anacrusis	anacruses
anadiplosis	anadiploses
anaerobiosis	anaerobioses
anaerobium	anaerobia
anagenesis	anageneses
anagnorisis	anagnorises
anaktoron	anaktora
analepsis	analepses
analogon	analoga
analysandum	analysanda
analysis	analyses
anamnesis	anamneses
anamorphosis	anamorphoses
anangeon	anangea
anantapodoton	anantapodota
anaphylaxis	anaphylaxes
anaplasmosis	anaplasmoses
anaplerosis	anapleroses
anapleurosis	anapleuroses
anapodoton	anapodota
anapophysis	anapophyses
anaprotaspis	anaprotaspides
anaptychus	anaptychi
anaptyxis	anaptyxes
anarch	anarchs
anarchild	anarchildren
anargyros	anargyroi
anastasis	anastases
anastomosis	anastomoses
anasyrma	anasyrmata
anatexis	anatexes
anceps	ancipites
ancestrix	ancestrices
anchorman	anchormen
anchorwoman	anchorwomen
anchylosis	anchyloses
ancile	ancilia
ancilla	ancillae
ancon	ancones
anconeus	anconei
ancora	ancorae
ancylostoma	ancylostomata
ancylostomiasis	ancylostomiases
androclinium	androclinia
androconium	androconia
androecium	androecia
androgenesis	androgeneses
androgonidium	androgonidia
androgynus	androgyni
androphorum	androphora
andropodium	andropodia
androsporangium	androsporangia
anecdatum	anecdata
anecdoton	anecdota
anecdotum	anecdota
anencephalus	anencephali
anepimeron	anepimera
anepisternum	anepisterna
anestrum	anestra
anestrus	anestri
angelfish	angelfish
angiectasis	angiectases
angiitis	angiitides
angiocholecystitis	angiocholecystites
angiogenesis	angiogeneses
angiokeratosis	angiokeratoses
angiomatosis	angiomatoses
angionecrosis	angionecroses
angioneogenesis	angioneogeneses
angiophakomatosis	angiophakomatoses
angiosclerosis	angioscleroses
angiosis	angioses
angiostenosis	angiostenoses
anglerfish	anglerfish
angmoh	angmoh
angolar	angolares
angrez	angrez
angries	the angries
anguillulosis	anguilluloses
angulus	anguli
aniacinamidosis	aniacinamidoses
aniacinosis	aniacinoses
anidrosis	anidroses
animagus	animagi
animalculum	animalcula
animanga	animanga
animatrix	animatrices
anime	anime
animegao	animegao
animé	animé
anisocytosis	anisocytoses
anisopoikilocytosis	anisopoikilocytoses
ankylosaurus	ankylosauri
ankylosis	ankyloses
ankylostomiasis	ankylostomiases
anmitsu	anmitsu
annotatrix	annotatrices
anocleithrum	anocleithra
anoestrum	anoestra
anonymouse	anonymice
anopheles	anopheles
anormogenesis	anormogeneses
anpan	anpan
ansa	ansae
anta	antae
antanaclasis	antanaclases
antapex	antapices
antebrachium	antebrachia
anteclypeus	anteclypei
antefixa	antefixae
antefixum	antefixa
antefurca	antefurcae
antehelix	antehelices
antehypophysis	antehypophyses
antelabrum	antelabra
antelope	antelope
antenantiosis	antenantioses
antenna	antennae
antennula	antennulae
antepagmentum	antepagmenta
antepronotum	antepronota
anteromesoscutum	anteromesoscuta
antestomach	antestomachs
anthela	anthelae
anthelix	anthelices
antheridium	antheridia
antherozoon	antherozoa
anthesis	antheses
anthocaulus	anthocauli
anthocodium	anthocodia
anthodium	anthodia
anthoecium	anthoecia
anthozoan	anthozoa
anthozoon	anthozoa
anthropomorphosis	anthropomorphoses
anthroponosis	anthroponoses
anthropophagus	anthropophagi
anthropozoonosis	anthropozoonoses
antiaircraft	antiaircraft
antiaircraftman	antiaircraftmen
antiaircraftsman	antiaircraftsmen
antiarch	antiarchs
antibacchius	antibacchii
antibarbarus	antibarbari
antibiosis	antibioses
antibrachium	antibrachia
anticardium	anticardia
anticathexis	anticathexes
antichresis	antichreses
anticommons	anticommons
anticyclogenesis	anticyclogeneses
anticyclolysis	anticyclolyses
antidoron	antidora
antihelix	antihelices
antihero	antiheroes
antilysis	antilyses
antimaximum	antimaxima
antimesometrium	antimesometria
antinucleus	antinuclei
antiperistalsis	antiperistalses
antiperistasis	antiperistases
antiphrasis	antiphrases
antipolitics	antipolitics
antipous	antipodes
antipsych	antipsychs
antiptosis	antiptoses
antiscion	antiscia
antiself	antiselves
antisepsis	antisepses
antisigma	antisigmata
antisuperhero	antisuperheroes
antithesis	antitheses
antitragus	antitragi
antivertex	antivertices
antivortex	antivortices
antlia	antliae
antoninianus	antoniniani
antumbra	antumbrae
antygidium	antygidia
anurofauna	anurofaunae
aoidos	aoidoi
aonach	aonachs
aortitis	aortitides
aortosclerosis	aortoscleroses
apapsis	apapsides
apella	apellai
apeman	apemen
apertura	aperturae
apewoman	apewomen
apex	apices
aphaeresis	aphaereses
aphelench	aphelenchs
aphelion	aphelia
aphelium	aphelia
apheresis	aphereses
aphesis	apheses
aphis	aphides
aphlebia	aphlebiae
aphorismus	aphorismi
aphtha	aphthae
aphæresis	aphæreses
apicitis	apicitides
apicolysis	apicolyses
apicotarsus	apicotarsi
apiculum	apicula
apiculus	apiculi
apikoros	apikorsim
apikorus	apikorsim
aplousobranch	aplousobranchs
apoapsis	apoapsides
apocarpium	apocarpia
apocarteresis	apocartereses
apocatastasis	apocatastases
apocolpium	apocolpia
apocrisarius	apocrisarii
apocrisiarius	apocrisiarii
apocrypha	apocrypha
apocryphon	apocrypha
apocytherion	apocytheria
apocytium	apocytia
apocytosis	apocytoses
apodeipnon	apodeipna
apodosis	apodoses
apogalacticum	apogalactica
apokatastasis	apokatastases
apolytikion	apolytikia
apomeiosis	apomeioses
apomixis	apomixes
aponeurosis	aponeuroses
apophasis	apophases
apophysis	apophyses
apoposeidion	apoposeidia
apoptosis	apoptoses
aposiopesis	aposiopeses
apostrophus	apostrophi
aposymbiosis	aposymbioses
apotelesma	apotelesmata
apothecium	apothecia
apotheosis	apotheoses
apothesis	apotheses
apotropaion	apotropaia
apouranion	apourania
apoxyomenos	apoxyomenoi
appendicula	appendiculae
appendix	appendices
applewife	applewives
applewoman	applewomen
appressorium	appressoria
apsis	apsides
apterium	apteria
apteryla	apterylae
aptychus	aptychi
apusozoan	apusozoa
aquarium	aquaria
aquatorium	aquatoria
arab	arab
arabinosis	arabinoses
arachnidium	arachnidia
arancino	arancini
arbitratrix	arbitratrices
arbovirosis	arboviroses
arcanum	arcana
archaebacterium	archaebacteria
archaellum	archaella
archaesporium	archaesporia
archaeus	archaei
archaiopteryx	archaiopteryges
archallaxis	archallaxes
arche	archai
archeabacterium	archeabacteria
archebacterium	archebacteria
archegetes	archegetes
archegonium	archegonia
archeparch	archeparchs
archesporium	archesporia
archeus	archei
archicerebellum	archicerebella
archicortex	archicortices
archiloquy	archiloquies
archimagus	archimagi
archipallium	archipallia
archipelago	archipelagoes
archipterygium	archipterygia
archistriatum	archistriata
archmage	archmagi
archmagus	archmagi
archnemesis	archnemeses
archon	archontes
archontia	archonties
archwife	archwives
archæbacterium	archæbacteria
archæopteryx	archæopteryges
arco	archi
arcosolium	arcosolia
arculus	arculi
arcus	arcus
argenteus	argentei
argumentum	argumenta
argusfish	argusfish
argyriasis	argyriases
argyrosis	argyroses
ariboflavinosis	ariboflavinoses
arillodium	arillodia
arillus	arilli
arista	aristae
aristos	aristoi
arkars	arkars
armariolum	armariola
armarium	armaria
armatoliki	armatolikia
armatolos	armatoloi
armyman	armymen
arolium	arolia
arrector	arrectores
arrha	arrhae
arseniasis	arseniases
arsis	arses
arteria	arteriae
arteriectasis	arteriectases
arteriocentesis	arteriocenteses
arteriogenesis	arteriogeneses
arteriola	arteriolae
arteriolitis	arteriolites
arteriolonecrosis	arteriolonecroses
arteriolosclerosis	arterioloscleroses
arterionephrosclerosis	arterionephroscleroses
arteriosclerosis	arterioscleroses
arteriostenosis	arteriostenoses
arteritis	arteritides
arthritis	arthritides
arthrobranch	arthrobranchs
arthroconidium	arthroconidia
arthrodesis	arthrodeses
arthroereisis	arthroereises
arthrofibrosis	arthrofibroses
arthrogryposis	arthrogryposes
arthrokatadysis	arthrokatadyses
arthron	arthra
arthropterygium	arthropterygia
arthrorisis	arthrorises
arthrosclerosis	arthroscleroses
arthrosis	arthroses
arthrosterigma	arthrosterigmata
arthrosynovitis	arthrosynovites
articulus	articuli
artilleryman	artillerymen
artillerywoman	artillerywomen
artophorion	artophoria
artos	artoi
artsman	artsmen
aruspex	aruspices
aryballus	aryballi
aryepiglotticus	aryepiglottici
aryloxy	aryloxys
arytenoideus	arytenoidei
arytænoid	arytænoides
asazuke	asazuke
asbestosis	asbestoses
ascariasis	ascariases
ascaridiasis	ascaridiases
ascaris	ascarides
ascarosis	ascaroses
ascesis	asceses
ascidiarium	ascidiaria
ascidium	ascidia
ascites	ascites
ascococcus	ascococci
ascoconidium	ascoconidia
ascogonium	ascogonia
ascoma	ascomata
ascostroma	ascostromata
ascus	asci
aseitas	aseitates
asepsis	asepses
ashigaru	ashigaru
ashiko	ashiko
ashitori	ashitori
ashiyu	ashiyu
ashman	ashmen
ashtime	ashtime
asiarch	asiarchs
askar	askar
askari	askari
askesis	askeses
askos	askoi
asparagus	asparagus
aspergillium	aspergillia
aspergillosis	aspergilloses
aspergillotoxicosis	aspergillotoxicoses
aspergillum	aspergilla
aspergillus	aspergilli
asperitas	asperitates
aspersorium	aspersoria
aspidobranch	aspidobranchs
aspis	aspides
assarion	assaria
assarius	assarii
assassinatrix	assassinatrices
assemblyman	assemblymen
assemblywoman	assemblywomen
assfish	assfish
assizes	assizes
assman	assmen
associahedron	associahedra
asteatosis	asteatoses
asteriscus	asterisci
asterixis	asterixes
asterozoan	asterozoa
astragalos	astragaloi
astragalus	astragali
astrogliosis	astroglioses
astronesthes	astronesthes
astrotech	astrotechs
asynapsis	asynapses
atari	atari
ateji	ateji
atelectasis	atelectases
atelosteogenesis	atelosteogeneses
atheroembolus	atheroemboli
atherogenesis	atherogeneses
atheromatosis	atheromatoses
atherosclerogenesis	atherosclerogeneses
atherosclerosis	atheroscleroses
atherosis	atheroses
atherothrombosis	atherothromboses
athetesis	atheteses
athetosis	athetoses
athyrosis	athyroses
atomus	atomi
atomy	atomy
atrium	atria
atrocha	atrochae
attacco	attacchi
attackman	attackmen
attohertz	attohertz
au	au
aua	aua
aufeis	aufeis
aufwuch	aufwuchs
aufwuchs	aufwuchs
aughts	the aughts
auletris	auletrides
aulos	auloi
aura	aurae
aureus	aurei
auricula	auriculae
auricularis	auriculares
auroch	aurochs
aurochs	aurochs
ausbruch	ausbruchs
auspex	auspices
australopithecus	australopitheci
autarch	autarchs
autoanalysis	autoanalyses
autobasidium	autobasidia
autocratrix	autocratrices
autodiagnosis	autodiagnoses
autoencephalitis	autoencephalites
autognosis	autognoses
autohypnosis	autohypnoses
automan	automen
automelon	automela
autopaizuri	autopaizuri
autophagocytosis	autophagocytoses
autopodium	autopodia
autoprotolysis	autoprotolyses
autoradiolysis	autoradiolyses
autospectrum	autospectra
autosporangium	autosporangia
autosynthesis	autosyntheses
autozooecium	autozooecia
auxesis	auxeses
averah	averot
aviatrix	aviatrices
avicularium	avicularia
avitaminosis	avitaminoses
avvocato	avvocati
awabi	awabi
awara	awara
awqiyyah	awqiyyah
axeman	axemen
axewoman	axewomen
axioma	axiomata
axis	axes
axman	axmen
axolysis	axolyses
axonotmesis	axonotmeses
axopodium	axopodia
axwoman	axwomen
azedarach	azedarachs
azidolysis	azidolyses
azotobacter	azotobacter
azotobacterium	azotobacteria
azoxy	azoxys
aëdes	aëdes
babesiasis	babesiases
babesiosis	babesioses
babusya	babusi
babykins	babykins
bacaro	bacari
bacchius	bacchii
bachur	bachurim
bacillus	bacilli
backcourtman	backcourtmen
backfisch	backfisch
backman	backmen
backpackers	backpackers
backswordman	backswordmen
backwoodsman	backwoodsmen
bacteria	bacteriae
bacteriolysis	bacteriolyses
bacteriosis	bacterioses
bacteriostasis	bacteriostases
bacterium	bacteria
baculus	baculi
badgeman	badgemen
badlands	badlands
badman	badmen
baetulus	baetuli
baetylus	baetyli
bagattino	bagattini
baggageman	baggagemen
baglamas	baglamades
bagman	bagmen
bagsman	bagsmen
bagwoman	bagwomen
baht	baht
bahur	bahurim
baikree	baikree
bailbondsman	bailbondsmen
bailo	baili
bailsman	bailsmen
baitylos	baityloi
bajaj	bajaj
bakfiets	bakfietsen
bakkra	bakkra
baktun	baktunob
bakufu	bakufu
bakunyu	bakunyu
bakunyuu	bakunyuu
bakunyū	bakunyū
balabos	balabatim
balanceman	balancemen
balaneion	balaneia
balanitis	balanitides
balantidiasis	balantidiases
balantidium	balantidia
balanus	balani
balebos	balebatim
baleboste	balebatim
balistarius	balistarii
ballistarius	ballistarii
ballistoconidium	ballistoconidia
ballotful	ballotsful
balteus	baltei
balwadi	balwadies
ban	bani
bancal	bancales
bandango	bandangoes
bandeau	bandeaux
banditti	banditti
banditto	banditti
bandman	bandmen
bandsman	bandsmen
bandyman	bandymen
bangamary	bangamary
bangus	bangus
bankes	bankes
bankman	bankmen
banksman	banksmen
bannerman	bannermen
bannum	banna
baozi	baozi
barachois	barachois
barbegazi	barbegazi
barbella	barbellae
barbiton	barbitoi
barbitos	barbitoi
baren	baren
bargeman	bargemen
bargewoman	bargewomen
bargoose	bargeese
baris	baris
baristo	baristi
barklouse	barklice
barma	barmy
barman	barmen
barracks	barracks
barracuda	barracuda
barrelman	barrelmen
barrowman	barrowmen
barstaff	barstaff
bartonellosis	bartonelloses
barwoman	barwomen
basa	basa
basalis	basales
basapophysis	basapophyses
baseman	basemen
basewoman	basewomen
basho	basho
basichondrocranium	basichondrocrania
basicosta	basicostae
basicranium	basicrania
basidioma	basidiomata
basidium	basidia
basiflagellum	basiflagella
basileus	basilei
basipodium	basipodia
basipterygium	basipterygia
basis	bases
basitarsus	basitarsi
basitibia	basitibiae
basketwoman	basketwomen
bassanello	bassanelli
bassman	bassmen
basso	bassoes
bastinado	bastinadoes
bata	bata
bateau	bateaux
bathman	bathmen
baths	baths
batman	batmen
batsman	batsmen
batswoman	batswomen
batteau	batteaux
batteryman	batterymen
battlecraft	battlecraft
battyman	battymen
batwoman	batwomen
baubellum	baubella
bayman	baymen
bazookaman	bazookamen
bbl	bbl
bcm	bcm
beachsalmon	beachsalmon
beadman	beadmen
beadsman	beadsmen
beadswoman	beadswomen
bealach	bealachs
beallach	beallachs
beamshelf	beamshelves
beastman	beastmen
beaterman	beatermen
beats	the beats
beatsman	beatsmen
beatus	beati
beau	beaux
becak	becak
bedeman	bedemen
bedesman	bedesmen
bedeswoman	bedeswomen
bedewoman	bedewomen
bedroomful	bedroomsful
beechdrops	beechdrops
beef	beef
beefalo	beefalo
beej	beejes
beeman	beemen
beetloaf	beetloaves
beewolf	beewolves
beforelife	beforelives
beggarman	beggarmen
beggarwoman	beggarwomen
bego	begoes
behalf	behalves
bekhor	bekhorim
belah	-s
belchild	belchildren
bellman	bellmen
bellows	bellows
bellowsman	bellowsmen
bellwoman	bellwomen
beltfish	beltfish
beltman	beltmen
benchman	benchmen
benefactrix	benefactrices
beneficium	beneficia
benners	benners
benshengren	benshengren
benshi	benshi
bento	bento
benz	benz
benzoyloxy	benzoyloxys
berele	berele
berkovets	berkovets
berkovetz	berkovetz
berkowitz	berkowitz
bersagliere	bersaglieri
berylliosis	beryllioses
bes	besses
beskozyrka	beskozyrki
betaproteobacterium	betaproteobacteria
beya	beya
bezzo	bezzi
bhiga	bhiga
bi	bi
bialy	bialys
biandang	biandang
bianzhong	bianzhong
biautomaton	biautomata
biaxiality	biaxialitys
biceps	biceps
bicriterion	bicriteria
bifibacterium	bifibacteria
bifidobacterium	bifidobacteria
bifolium	bifolia
bifrustum	bifrusta
bifshteks	bifshteks
bigenus	bigenera
bigfoot	bigfeet
bilharziasis	bilharziases
billman	billmen
bimatrix	bimatrices
bimillennium	bimillennia
binman	binmen
binomen	binomina
binucleus	binuclei
bioanalysis	bioanalyses
biocatalysis	biocatalyses
biocenosis	biocenoses
biochild	biochildren
biocoenosis	biocoenoses
biodiagnosis	biodiagnoses
bioelectrocatalysis	bioelectrocatalyses
biofacies	biofacies
biogenesis	biogeneses
biogeocenosis	biogeocenoses
biogeocoenosis	biogeocoenoses
bioman	biomen
biomedium	biomedia
bionecrosis	bionecroses
bioprosthesis	bioprostheses
bios	bioi
bioseries	bioseries
biospecies	biospecies
biosynthesis	biosyntheses
biotech	biotechs
biotherapeutics	biotherapeutics
biotoxicosis	biotoxicoses
biowoman	biowomen
bipennis	bipennes
bipunctum	bipuncta
birdman	birdmen
birdwoman	birdwomen
birthchild	birthchildren
biscotti	biscotti
biscotto	biscotti
bison	bison
bispectrum	bispectra
bistropha	bistrophae
bitchtits	bitchtits
bitchypants	bitchypants
bitki	bitki
bitters	bitters
bitumen	bitumina
bivirga	bivirgae
bivium	bivia
biz	bizzes
blackman	blackmen
blackwoman	blackwomen
blahs	the blahs
blanketful	blanketsful
blanketman	blanketmen
blastoconidium	blastoconidia
blastomycosis	blastomycoses
bleachman	bleachmen
bleachworks	bleachworks
blech	blechs
blepharadenitis	blepharadenites
blepharitis	blepharitides
blepharoadenitis	blepharoadenites
blepharon	blephara
blepharophimosis	blepharophimoses
blewits	blewits
blin	blini
blinchik	blinchiki
blindman	blindmen
bliny	blinys
bloodleaf	bloodleaves
bloubok	bloubok
blowby	blowbys
blowfish	blowfish
bludgeonman	bludgeonmen
bluecurls	bluecurls
blues	blues
bluesman	bluesmen
blueswoman	blueswomen
blyad	blyadi
bm	bm
bnuuy	bnuuies
boardman	boardmen
boardsman	boardsmen
boatman	boatmen
boatsman	boatsmen
boatswoman	boatswomen
boatwoman	boatwomen
bob	bob
bocaccio	bocaccio
boccalino	boccalini
bocconcino	bocconcini
bocher	bocherim
bochur	bochurim
bodach	bodachs
bodyman	bodymen
boerewors	boerewors
bogeyman	bogeymen
bogeywoman	bogeywomen
boggards	boggards
bogglebo	boggleboes
bogieman	bogiemen
bogracs	bogracs
bogrács	bogrács
bogyman	bogymen
bogywoman	bogywomen
boilermakers	boilermaker
boilerman	boilermen
boilerworks	boilerworks
boisman	boismen
bojagi	bojagi
bokher	bokherim
bokhur	bokhurim
bokonon	bokonon
boligarch	boligarchs
bolis	bolides
bolognino	bolognini
boloman	bolomen
bombardman	bombardmen
bondman	bondmen
bondsman	bondsmen
bondswoman	bondswomen
bondwoman	bondwomen
bonefish	bonefish
bonenkai	bonenkai
bonito	bonito
bonkei	bonkei
bonsai	bonsai
bonsho	bonsho
bonshō	bonshō
boogerman	boogermen
boogeyman	boogeymen
boogieman	boogiemen
boogyman	boogymen
booklouse	booklice
bookman	bookmen
bookshelf	bookshelves
bookstaff	bookstaves
boomslang	boomslang
boothman	boothmen
bootman	bootmen
borborigmus	borborigmi
borborygmus	borborygmi
bordarius	bordarii
bordeaux	bordeaux
bordetellosis	bordetelloses
bordman	bordmen
borreliosis	borrelioses
bosenova	bosenovae
bosozoku	bosozoku
bossman	bossmen
bosswoman	bosswomen
bossyboots	bossyboots
bossypants	bossypants
botamochi	botamochi
bothridium	bothridia
bothrium	bothria
bothros	bothroi
bothyman	bothymen
bottlefish	bottlefish
bottleman	bottlemen
bouleuterion	bouleuteria
bouleutes	bouleutai
boulti	boulti
bourgeois	bourgeois
bowerwoman	bowerwomen
bowfisherman	bowfishermen
bowman	bowmen
bowsman	bowsmen
bowswoman	bowswomen
bowwoman	bowwomen
boxman	boxmen
boychild	boychildren
boyfu	boyfu
boywife	boywives
bozzetto	bozzetti
bp	bp
bpd	bpd
bpi	bpi
bpm	bpm
bps	bps
braccio	braccia
brach	brachs
bracha	brachot
brachidium	brachidia
brachiopatagium	brachiopatagia
brachium	brachia
brachy	brachys
brachyaxis	brachyaxes
brachytmema	brachytmemata
braciola	braciole
bracteola	bracteolae
bradyrhizobium	bradyrhizobia
braeman	braemen
brahmana	brahmana
brakeman	brakemen
brakesman	brakesmen
brakewoman	brakewomen
branchia	branchiae
branks	branks
brassworks	brassworks
brattach	brattachs
breadknife	breadknives
breadman	breadmen
breakerman	breakermen
bream	bream
bregma	bregmata
brevibacterium	brevibacteria
brickman	brickmen
brickworks	brickworks
brideman	bridemen
bridesman	bridesmen
bridg	bridges
bridgeman	bridgemen
bridi	bridi
briefman	briefmen
brim	brim
brineman	brinemen
brinkman	brinkmen
brinksman	brinksmen
brisky	uncertain: briskys
bristletail	bristletail
brit	brit
brivla	brivla
broadsman	broadsmen
broadswordsman	broadswordsmen
broccolini	broccolini
broccolo	broccoli
broch	brochs
brocha	brochos
brochus	brochi
brohoof	brohooves
broilerman	broilermen
broligarch	broligarchs
bronchiectasis	bronchiectases
bronchiolectasis	bronchiolectases
bronchiolus	bronchioli
bronchium	bronchia
broncholithiasis	broncholithiases
bronchomycosis	bronchomycoses
bronchus	bronchi
bronzeworks	bronzeworks
brotherman	brothermen
browman	browmen
brucellosis	brucelloses
brujx	brujxs
brushman	brushmen
bruteman	brutemen
bryozoan	bryozoa
bryozoon	bryozoa
bryozoum	bryozoa
bucca	buccae
buccula	bucculae
bucellarius	bucellarii
buchikamashi	buchikamashi
bucketman	bucketmen
bucktooth	buckteeth
budoka	budoka
budōka	budōka
buffalo	buffaloes
buffalypso	buffalypso
bugfish	bugfish
buggerman	buggermen
buggyman	buggymen
bugman	bugmen
bukakke	bukakke
bukkumi	bukkumi
bulbocavernosus	bulbocavernosi
bulbospongiosus	bulbospongiosi
bulbus	bulbi
bulerias	bulerias
bulla	bullae
bullarium	bullaria
bullyman	bullymen
bulochka	bulochki
bumblefoot	bumblefeet
bumboatman	bumboatmen
bumboatwoman	bumboatwomen
bunarium	bunaria
bundleman	bundlemen
bunkerman	bunkermen
burgeois	burgeois
burikko	burikko
burriko	burriko
bursa	bursae
bursch	burschen
bursitis	bursitides
bursocentesis	bursocenteses
bushcraftsman	bushcraftsmen
bushelman	bushelmen
bushelwoman	bushelwomen
bushman	bushmen
bushperson	bushpeople
bushwoman	bushwomen
businessman	businessmen
businesswoman	businesswomen
busman	busmen
butcherknife	butcherknives
butchers	butchers
butoh	butoh
butsudan	butsudan
butterfingers	butterfingers
butterfish	butterfish
butterknife	butterknives
butterman	buttermen
butterwoman	butterwomen
buttinsky	buttinskys
buttonman	buttonmen
buttyman	buttymen
buuz	buuz
buz	buzzes
bwbach	bwbachod
bwthyn	bythynnod
by	bys
byknife	byknives
byobu	byobu
byreman	byremen
byrewoman	byrewomen
byssinosis	byssinoses
byssus	byssi
bōsōzoku	bōsōzoku
cableman	cablemen
cabman	cabmen
cabron	cabrones
cabwoman	cabwomen
cacoethes	cacoethe
cacoëthes	cacoëthe
cactus	cacti
cacumen	cacumina
cadreman	cadremen
caduceus	caducei
caducibranch	caducibranchs
caenobium	caenobia
caenogenesis	caenogeneses
caestus	caesti
caetra	caetrae
cageman	cagemen
caillach	caillachs
cailleach	cailleachs
cailliach	cailliachs
cainogenesis	cainogeneses
cakeman	cakemen
cakewoman	cakewomen
calamistrum	calamistra
calathidium	calathidia
calathis	calathides
calathos	calathoi
calathus	calathi
calcagnetto	calcagnetti
calcaneus	calcanei
calceamentum	calceamenta
calcinosis	calcinoses
calciuresis	calciureses
calculandum	calculanda
calculus	calculi
calendarium	calendaria
calf	calves
calicectasis	calicectases
caliculus	caliculi
caliectasis	caliectases
caliga	caligae
calisthenics	calisthenics
callithrix	callithrices
callosum	callosa
calpolli	calpolli
calva	calvae
calvaria	calvariae
calx	calces
calyculus	calyculi
calypsis	calypses
calyx	calyces
camelman	camelmen
cameraman	cameramen
camerawoman	camerawomen
campagus	campagi
campman	campmen
campylidium	campylidia
campylobacteriosis	campylobacterioses
campylobacterium	campylobacteria
canaliculus	canaliculi
canalman	canalmen
cancellus	cancelli
cancerogenesis	cancerogeneses
cancion	canciones
cancrizans	cancrizans
candelabrum	candelabra
candidiasis	candidiases
candidosis	candidoses
candirú	candirú
candleworks	candleworks
candyman	candymen
canephoros	canephoroi
caninus	canini
cannellone	cannelloni
canneryman	cannerymen
cannolo	cannoli
canoeman	canoemen
canterbury	canterburys
cantharis	cantharides
cantharus	canthari
canthus	canthi
canticum	cantica
cantman	cantmen
cantrix	cantrices
cantwoman	cantwomen
canvasman	canvasmen
capatas	capataces
capataz	capataces
capicola	capicoli
capillitium	capillitia
capistrum	capistra
capitellum	capitella
cappa	cappae
capsheaf	capsheaves
capstanman	capstanmen
capsulorhexis	capsulorhexes
capsulorrhexis	capsulorrhexes
captaculum	captacula
caputegulum	caputegulae
capy	capys
carabiniere	carabinieri
carboalkoxy	carboalkoxys
carbonari	carbonari
carcinoecium	carcinoecia
carcinogenesis	carcinogeneses
carcinomatosis	carcinomatoses
carcinosis	carcinoses
cardiocentesis	cardiocenteses
cardiomyonucleus	cardiomyonuclei
cardiosiderosis	cardiosideroses
carditis	carditides
cardo	cardines
careerman	careermen
careerwoman	careerwomen
cargoman	cargomen
cargoose	cargeese
caries	caries
carinula	carinulae
cariopsis	cariopses
carkoi	carkoi
carman	carmen
carnitas	carnitas
carnobacterium	carnobacteria
carnyx	carnyces
caroch	carochs
carp	carp
carpale	carpalia
carpellum	carpella
carpocephalum	carpocephala
carpodium	carpodia
carpogonium	carpogonia
carpometacarpus	carpometacarpi
carposporangium	carposporangia
carpus	carpi
carreau	carreaux
carroch	carrochs
carrots	carrots
carrus	carri
cartes	cartes
cartman	cartmen
cartooney	cartoonies
caruncula	carunculae
caryopsis	caryopses
cascatelli	cascatelli
caseman	casemen
casone	casoni
castellanus	castellani
castellatus	castellati
castellum	castella
castratrix	castratrices
castrum	castra
casula	casulae
catabasion	catabasia
catabasis	catabases
catachresis	catachreses
cataclasis	cataclases
catafalco	catafalcoes
catahymenium	catahymenia
catalepsis	catalepses
catalexis	catalexes
catalo	cataloes
catalysis	catalyses
catamnesis	catamneses
cataphasis	cataphases
cataphoresis	cataphoreses
catapulta	catapultae
catasta	catastae
catastasis	catastases
catastrophë	catastrophes
catathesis	catatheses
catchpoints	catchpoints
catechesis	catecheses
catechresis	catechreses
catfish	catfish
catfisherman	catfishermen
catharsis	catharses
cathetus	catheti
cathexis	cathexes
cathisma	cathismata
catholicon	catholica
catloaf	catloaves
catman	catmen
catoblepas	catoblepae
catperson	catpeople
catself	catselves
cattelo	cattelo
cattlehead	cattlehead
cattleman	cattlemen
cattlewoman	cattlewomen
catulus	catuli
catwoman	catwomen
catànies	catànies
cauda	caudae
caudex	caudices
caudomesopallium	caudomesopallia
cauf	cauves
cauliculus	cauliculi
caulidium	caulidia
caulis	caules
caulocystidium	caulocystidia
caulonema	caulonemata
causewayman	causewaymen
causeyman	causeymen
cava	cavae
cavaedium	cavaedia
cavalryman	cavalrymen
cavalrywoman	cavalrywomen
cavea	caveae
caveman	cavemen
caveola	caveolae
cavernitis	cavernitides
cavernositis	cavernositides
cavernula	cavernulae
cavewoman	cavewomen
cavitis	cavites
cavum	cava
cavus	cavi
ccf	ccf
cecaelia	cecaelia
cecidium	cecidia
cecum	ceca
celiocentesis	celiocenteses
cella	cellae
cellarium	cellaria
cellarman	cellarmen
cellarwoman	cellarwomen
cellula	cellulae
cellulitis	cellulitides
celly	cellys
cenospecies	cenospecies
centenionalis	centenionales
centennium	centennia
centerman	centermen
centesis	centeses
centiloquy	centiloquies
centimillennium	centimillennia
centistokes	centistokes
centrale	centralia
centreman	centremen
centroheliozoan	centroheliozoa
centrum	centra
cepelinas	cepelinai
cephaletron	cephaletra
cephalocentesis	cephalocenteses
cephalodium	cephalodia
cephalogenesis	cephalogeneses
cephalopagus	cephalopagi
cephalothoracopagus	cephalothoracopagi
cepstrum	cepstra
ceramidium	ceramidia
ceras	cerata
cerastes	cerastae
ceratoglossus	ceratoglossi
ceratomyxosis	ceratomyxoses
cercocystis	cercocystes
cercozoan	cercozoa
cercus	cerci
cerebritis	cerebritides
cerebrocortex	cerebrocortices
cerebroencephalitis	cerebroencephalitides
cerebrosidosis	cerebrosidoses
cerebrum	cerebra
ceroidosis	ceroidoses
ceroma	ceromata
cervicitis	cervicitides
cestus	cesti
ceterach	ceterachs
ch	chs
chablis	chablis
chabudai	chabudai
chacham	chachamim
chad	chad
chaeta	chaetae
chaetosema	chaetosemata
chag	chagim
chainman	chainmen
chainworks	chainworks
chairman	chairmen
chairwoman	chairwomen
chalcidicum	chalcidica
chalimus	chalimi
chalitzah	chalitzot
chamberwoman	chamberwomen
chamo	chamo
chamoe	chamoe
chamoix	chamoix
champers	champers
changseung	changseung
changsung	changsung
chanteyman	chanteymen
chantyman	chantymen
chanyu	chanyu
chapelman	chapelmen
chapman	chapmen
chapulin	chapulines
chapwoman	chapwomen
chaqu	chaqu
charagma	charagmata
charakter	charakteres
chargeman	chargemen
charman	charmen
charr	charr
chartoularios	chartoularioi
chartula	chartulae
charwoman	charwomen
chashitsu	chashitsu
chassis	chassis
chatan	chatanim
chaufroix	chaufroix
chaver	chaverim
cheburek	chebureki
checkman	checkmen
checkweighman	checkweighmen
cheektooth	cheekteeth
cheeseman	cheesemen
cheesewoman	cheesewomen
cheilitis	cheilitides
cheilocystidium	cheilocystidia
cheilognathopalatoschisis	cheilognathopalatoschises
cheilognathouranoschisis	cheilognathouranoschises
cheiropterygium	cheiropterygia
chela	chelae
chelicera	chelicerae
chemiosmosis	chemiosmoses
chemolysis	chemolyses
chemosensillum	chemosensilla
chemosis	chemoses
chemostimulus	chemostimuli
chemosymbiosis	chemosymbioses
chemosynthesis	chemosyntheses
chemotaxis	chemotaxes
chengyu	chengyu
chervonets	chervontsy
chessman	chessmen
chesthair	chesthair
cheval	chevaux
chiasmus	chiasmi
chickenlips	chickenlips
chickenman	chickenmen
chigetai	chigetai
chigi	chigi
chikan	chikan
chikuwa	chikuwa
chilarium	chilaria
child	children
childwife	childwives
chile	chillun
chiliahedron	chiliahedra
chiliarch	chiliarchs
chilidium	chilidia
chimneyman	chimneymen
chinafish	chinafish
chinaman	chinamen
chinawoman	chinawomen
chipekwe	chipekwe
chipil	chipiles
chips	chips
chiropatagium	chiropatagia
chirori	chirori
chitinozoan	chitinozoa
chitoniskos	chitoniskoi
chiyuv	chiyuvim
chlamydobacterium	chlamydobacteria
chlamydoconidium	chlamydoconidia
chlamydozoon	chlamydozoa
chlorella	chlorellae
chlorinolysis	chlorinolyses
chloronema	chloronemata
chlorosis	chloroses
choana	choanae
choanozoan	choanozoa
chochem	chochem
chockerman	chockermen
chogori	chogori
choirchild	choirchildren
choirman	choirmen
choka	choka
chokerman	chokermen
cholaneresis	cholanereses
cholangiofibrosis	cholangiofibroses
cholangiohepatitis	cholangiohepatitides
cholangiosis	cholangioses
cholangitis	cholangitides
cholecystitis	cholecystites
cholecystocentesis	cholecystocenteses
cholecystolithiasis	cholecystolithiases
cholecystosis	cholecystoses
choledoch	choledochs
choledocholithiasis	choledocholithiases
cholelithiasis	cholelithiases
choleperitonitis	choleperitonitides
cholestasis	cholestases
cholethiasis	cholethiases
chon	chon
chondrocranium	chondrocrania
chondrogenesis	chondrogeneses
chondroglossus	chondroglossi
chondrus	chondri
chongake	chongake
chonmage	chonmage
choragus	choragi
chordopox	chordopox
choregos	choregoi
choregus	choregi
choreman	choremen
choreotrich	choreotrichs
chorepiscopus	chorepiscopi
chorewoman	chorewomen
chorioangiosis	chorioangioses
choriocarcinomatosis	choriocarcinomatoses
choriocentesis	choriocenteses
chorisis	chorises
choroiditis	choroiditides
chounyuu	chounyuu
chous	choes
chresmographion	chresmographia
chromatolysis	chromatolyses
chromatosis	chromatoses
chromidium	chromidia
chromidrosis	chromidroses
chromis	chromis
chromonema	chromonemata
chronogenesis	chronogeneses
chronospecies	chronospecies
chronotaxis	chronotaxes
chrysocystidium	chrysocystidia
chrysoprasus	chrysoprasi
chrysosporium	chrysosporia
chuchvara	chuchvara
chumra	chumrot
chupacabras	chupacabras
churchman	churchmen
churchmouse	churchmice
churchwoman	churchwomen
chuunibyou	chuunibyou
chylde	chyldren
chylothorax	chylothoraces
chytra	chytrae
chytridiomycosis	chytridiomycoses
chytridiosis	chytridioses
châssis	châssis
chæta	chætæ
chōnin	chōnin
chūnibyō	chūnibyō
cibarium	cibaria
cicinnus	cicinni
cigarfish	cigarfish
cilery	cileres
ciliolum	ciliola
cilium	cilia
cimeliarch	cimeliarchs
cimex	cimices
cincinnus	cincinni
cinclodes	cinclodes
cinderman	cindermen
cingulum	cingula
circulus	circuli
circumcystidium	circumcystidia
circumfilum	circumfila
circumradius	circumradii
cirrhosis	cirrhoses
cirrhus	cirrhi
cirrocumulus	cirrocumuli
cirrostratus	cirrostrati
cirrovelum	cirrovela
cirrus	cirri
cisman	cismen
cistella	cistellae
cisterna	cisternae
cistula	cistulae
ciswoman	ciswomen
citrobacteriosis	citrobacteroses
cityman	citymen
civics	civics
civitas	civitates
cladium	cladia
cladobranch	cladobranchs
cladodium	cladodia
cladogenesis	cladogeneses
cladoptosis	cladoptoses
cladus	cladi
clafoutis	clafoutis
claimsman	claimsmen
clairschach	clairschachs
clansman	clansmen
clanswoman	clanswomen
clarsach	clarsachs
clarseach	clarseachs
classis	classes
classman	classmen
clastogenesis	clastogeneses
clathrium	clathria
clausilium	clausilia
claustrum	claustra
clausula	clausulae
clavicula	claviculae
clavicularium	clavicularia
clavola	clavolae
clawfoot	clawfeet
clayman	claymen
cleantech	cleantechs
clearsach	clearsachs
cleidomastoideus	cleidomastoidei
cleistothecium	cleistothecia
cleithrum	cleithra
cleptobiosis	cleptobioses
clergyman	clergymen
clergywoman	clergywomen
cleroterion	cleroteria
cleroterium	cleroteria
cleruch	cleruchs
cleuch	cleuchs
cleverclogs	cleverclogs
cleversticks	cleversticks
climacterium	climacteria
climacus	climaci
clinandrium	clinandria
clinanthium	clinanthia
clingfish	clingfish
clinoaxis	clinoaxes
clinolimnion	clinolimnia
clinosporangium	clinosporangia
clinostomum	clinostoma
clipeus	clipei
clitellum	clitella
clitellus	clitelli
clitoriditis	clitoriditides
clitoritis	clitoritides
clivis	clives
clivus	clivi
clostridiosis	clostridioses
clostridium	clostridia
clothesman	clothesmen
clotheswoman	clotheswomen
clownfish	clownfish
clubfoot	clubfeet
clubman	clubmen
clubwoman	clubwomen
clusterboorach	clusterboorachs
clusterbourach	clusterbourachs
clusterbùrach	clusterbùrachs
clutchman	clutchmen
clypeolabrum	clypeolabra
clypeus	clypei
clyssus	clyssi
clàrsach	clàrsachs
cmavo	cmavo
cmene	cmene
cnemis	cnemides
cnida	cnidae
coachman	coachmen
coachwoman	coachwomen
coalcutterman	coalcuttermen
coalman	coalmen
coalworks	coalworks
coanalysis	coanalyses
coastguardman	coastguardmen
coastguardsman	coastguardsmen
coastguardswoman	coastguardswomen
coaxis	coaxes
cobblerfish	cobblerfish
cobleman	coblemen
coccidioidomycosis	coccidioidomycoses
coccidioidosis	coccidioidoses
coccidiosis	coccidioses
coccidium	coccidia
coccobacillus	coccobacilli
coccobacterium	coccobacteria
coccus	cocci
coccygeus	coccygei
coccyx	coccyges
cochairman	cochairmen
cochairwoman	cochairwomen
cochlea	cochleae
cochlearium	cochlearia
cockfish	cockfish
cockleman	cocklemen
cocklewoman	cocklewomen
cocksman	cocksmen
cocurriculum	cocurricula
cod	cod
codex	codices
codfish	codfish
codfisherman	codfishermen
codman	codmen
coecum	coeca
coelia	coeliae
coeloconicum	coeloconica
coeloma	coelomata
coenecium	coenecia
coenenchyma	coenenchymata
coenoecium	coenoecia
coenosis	coenoses
coenosorus	coenosori
coenospecies	coenospecies
coenurosis	coenuroses
coenurus	coenuri
coffeeman	coffeemen
coffeewoman	coffeewomen
cofocus	cofoci
cognatus	cognati
cognoscente	cognoscenti
cogonal	cogonales
cokeman	cokemen
cokeworks	cokeworks
coleorhiza	coleorhizae
coleorrhiza	coleorrhizae
colestaff	colestaves
coli	coli
colibacillosis	colibacilloses
colibacillus	colibacilli
colitis	colitides
collagenosis	collagenoses
colledg	colledges
collegium	collegia
colleterium	colleteria
colliculus	colliculi
collodium	collodia
colloquy	colloquies
collum	colla
collunarium	collunaria
collutorium	collutoria
colluviarium	colluviaria
colluvies	colluvies
colluvium	colluvia
collyrium	collyria
collywobbles	the collywobbles
coloniarch	coloniarchs
colonus	coloni
colorectum	colorecta
colorman	colormen
colossus	colossi
colostrum	colostra
colourman	colourmen
colpindach	colpindachs
colpopoiesis	colpopoieses
colporus	colpori
colpus	colpi
colstaff	colstaves
colulus	coluli
columnella	columnellae
coma	comae
comatrix	comatrices
comedo	comedones
comedonecrosis	comedonecroses
cometarium	cometaria
comitia	comitia
commandoman	commandomen
commis	commis
committeeman	committeemen
committeewoman	committeewomen
commodatum	commodata
commonperson	commonpeople
commonwealthman	commonwealthmen
commonwealthsman	commonwealthsmen
communicatrix	communicatrices
communitas	communitates
compactum	compacta
comparandum	comparanda
competitrix	competrices
compluvium	compluvia
compressorium	compressoria
compurgatrix	compurgatrices
computus	computi
comrado	comradoes
comune	comuni
conbini	conbini
conceptaculum	conceptacula
concetto	concetti
concha	conchae
conciliatrix	conciliatrices
concretum	concreta
condemned	condemned
conductrix	conductrices
conductus	conducti
condylomatosis	condylomatoses
confessarius	confessarii
confessio	confessiones
confetto	confetti
confluvium	confluvia
congeries	congeries
congressman	congressmen
congresswoman	congresswomen
congy	congys
conidioma	conidiomata
conidium	conidia
coniosis	conioses
conjunctivitis	conjunctivitides
conjunctorium	conjunctoria
conjureman	conjuremen
conjurewoman	conjurewomen
conman	conmen
connexivum	connexiva
connivence	connivencies
conopeum	conopea
conoscente	conoscenti
conotruncus	conotrunci
conperson	conpeople
conscutum	conscuta
conservatrix	conservatrices
consigliere	consiglieri
consocies	consocies
consolatio	consolationes
consolatrix	consolatrices
consoredium	consoredia
consortium	consortia
conspecies	conspecies
conspiratrix	conspiratrices
constaff	constaff
constructionman	constructionmen
contagium	contagia
contakion	contakia
contemplatrix	contemplatrices
contorno	contorni
contrafactum	contrafacta
contrantiscion	contrantiscia
contrapposto	contrapposto
contrapunctus	contrapuncti
contrastimulus	contrastimuli
contretemps	contretemps
contrey	contries
contributrix	contributrices
controligarch	controligarchs
conus	coni
conventiculum	conventicula
conversus	conversi
convivium	convivia
conwoman	conwomen
copeman	copemen
copi	copi
copperworks	copperworks
copresheaf	copresheaves
coprocoenosis	coprocoenoses
coprodaeum	coprodaea
coprodeum	coprodea
coprodiagnosis	coprodiagnoses
coprophenomenon	coprophenomena
coracidium	coracidia
coranach	coranachs
corbeau	corbeaux
corbicula	corbiculae
corbiculum	corbicula
corbita	corbita
corculum	corcula
cordeau	cordeaux
cordocentesis	cordocenteses
cordyceps	cordyceps
coremium	coremia
coreopsis	coreopses
corf	corves
cormidium	cormidia
cormus	cormi
cornerman	cornermen
corniculum	cornicula
corno	corni
cornu	cornua
coronach	coronachs
coronavirosis	coronaviroses
coronis	coronides
corpotentorium	corpotentoria
corps	corps
corpsman	corpsmen
corpswoman	corpswomen
corpus	corpora
corrach	corrachs
correctrix	correctrices
correus	correi
corrigendum	corrigenda
corrinoch	corrinochs
corronach	corronachs
corruptrix	corruptrices
cortissimo	cortissimi
corydoras	corydoras
corymbus	corymbi
corynebacterium	corynebacteria
cos	cosses
cosheaf	cosheaves
cosinus	cosinus
cosmesis	cosmeses
cosmogenesis	cosmogeneses
cosmos	cosmos
costimulus	costimuli
costula	costulae
cosynthesis	cosyntheses
cotarius	cotarii
cothurnus	cothurni
cotyla	cotylae
coulis	coulis
councilman	councilmen
councilwoman	councilwomen
countercathexis	countercathexes
counterembargo	counterembargoes
counterhypothesis	counterhypotheses
counterlife	counterlives
counterman	countermen
countermemorandum	countermemoranda
counterspecies	counterspecies
counterstimulus	counterstimuli
counterthesis	countertheses
counterwoman	counterwomen
countreyman	countreymen
countriman	countrimen
countryman	countrymen
countrywoman	countrywomen
courtful	courtsful
courtman	courtmen
courtmartial	courtsmartial
covertex	covertices
covey	covies
cowanyoung	cowanyoung
cowchild	cowchildren
cowife	cowives
cowman	cowmen
coxa	coxae
coxarthrosis	coxarthroses
coxitis	coxitides
coywolf	coywolves
cozonac	cozonaci
cpi	cpi
cpmm	cpmm
cpp	cpp
cps	cps
crabfish	crabfish
crabman	crabmen
crachach	crachachs
cracksman	cracksmen
cradleman	cradlemen
craft	craft
craftman	craftmen
craftsman	craftsmen
craftswoman	craftswomen
cragsman	cragsmen
cragswoman	cragswomen
craneman	cranemen
cranesman	cranesmen
craniopagus	craniopagi
craniorachischisis	craniorachischises
cranioschisis	cranioschises
craniosynostosis	craniosynostoses
crankman	crankmen
crasis	crases
craspedon	craspeda
crassamentum	crassamenta
crawfisherman	crawfishermen
crawlfish	crawlfish
crayfisherman	crayfishermen
crayman	craymen
crazypants	crazypants
creach	creachs
creameryman	creamerymen
credendum	credenda
creedsman	creedsmen
creekfish	creekfish
creelman	creelmen
creepmouse	creepmice
creeps	the creeps
cremocarpium	cremocarpia
crena	crenae
crenarchaeon	crenarchaea
crenula	crenulae
crepida	crepidae
crestfish	crestfish
crewman	crewmen
crewwoman	crewwomen
cribellum	cribella
cribrellum	cribrella
cricoarytenoideus	cricoarytenoidei
cricopharyngeus	cricopharyngei
cricothyroideus	cricothyroidei
crimen	crimina
criophoros	criophoroi
cris	crisses
crisis	crises
crissum	crissa
crista	cristae
criterion	criteria
cromlech	cromlechs
croquis	croquis
crore	crore
crossbowman	crossbowmen
crossbowsman	crossbowsmen
crossbowwoman	crossbowwomen
crossman	crossmen
crossmetathesis	crossmetatheses
crossroads	crossroads
crowsfoot	crowsfeet
cruralium	cruralia
cruropatagium	cruropatagia
crus	crura
crusta	crustae
cryogenesis	cryogeneses
cryomedium	cryomedia
cryovolcano	cryovolcanoes
cryptanalysis	cryptanalyses
cryptex	cryptices
cryptocaryonosis	cryptocaryonoses
cryptococcosis	cryptococcoses
cryptococcus	cryptococci
cryptoquiz	cryptoquizzes
cryptorchis	cryptorchides
cryptospecies	cryptospecies
cryptosporidium	cryptosporidia
crystallostratum	crystallostrata
ctenidium	ctenidia
ctenius	ctenii
cuamil	cuamiles
cubichnion	cubichnia
cubicuboctahedron	cubicuboctahedra
cubitus	cubiti
cubohemioctahedron	cubohemioctahedra
cubozoan	cubozoa
cucullus	cuculli
cucumberfish	cucumberfish
cueman	cuemen
culdocentesis	culdocenteses
culex	culices
culpa	culpae
cultispecies	cultispecies
cumai	cumai
cumdach	cumdachs
cumulostratus	cumulostrati
cumulus	cumuli
cuneus	cunei
cuniculus	cuniculi
cunji	cunji
cunningman	cunningmen
cupman	cupmen
cupolaman	cupolamen
curiosum	curiosa
currach	currachs
curriculum	curricula
curryfish	curryfish
curtsey	curtsies
cuspis	cuspes
customs	customs
custos	custodes
cuticula	cuticulae
cutis	cutes
cutman	cutmen
cutterman	cuttermen
cuz	cuzzes
cvarak	cvarci
cwt	cwt
cyamella	cyamellae
cyanobacterium	cyanobacteria
cyanogenesis	cyanogeneses
cyanolysis	cyanolyses
cyanosis	cyanoses
cyathium	cyathia
cyathos	cyathoi
cyberhero	cyberheroes
cyberknife	cyberknives
cyberlife	cyberlives
cyberman	cybermen
cyberperson	cyberpeople
cyberpolitics	cyberpolitics
cyberself	cyberselves
cyberthief	cyberthieves
cyberwife	cyberwives
cycleman	cyclemen
cyclodialysis	cyclodialyses
cyclogenesis	cyclogeneses
cyclohedron	cyclohedra
cyclolysis	cyclolyses
cyclops	cyclops
cyclosis	cycloses
cyclosporidiosis	cyclosporidioses
cyesis	cyeses
cymbium	cymbia
cynarrhodion	cynarrhodia
cynarrhodium	cynarrhodia
cynghanedd	cynganeddion
cynocephalus	cynocephali
cyphella	cyphellae
cyphonautes	cyphonautes
cypris	cyprides
cypsela	cypselae
cysticercosis	cysticercoses
cysticercus	cysticerci
cystidium	cystidia
cystitis	cystitides
cystocentesis	cystocenteses
cystosorus	cystosori
cytapheresis	cytaphereses
cytauxzoonosis	cytauxzoonoses
cytocentrum	cytocentra
cytococcus	cytococci
cytodiagnosis	cytodiagnoses
cytofilius	cytofilia
cytogenesis	cytogeneses
cytokinesis	cytokineses
cytolysis	cytolyses
cytomatrix	cytomatrices
cytoophidium	cytoophidia
cytoplasmolysis	cytoplasmolyses
cytosis	cytoses
cytospecies	cytospecies
cytotech	cytotechs
cytozoon	cytozoa
cywydd	cywyddau
cænogenesis	cænogeneses
côteau	côteaux
cœlia	cœliæ
cœloma	cœlomata
cœlus	cœli
cœmeterium	cœmeteria
cœnenchyma	cœnenchymata
cœnæsthesis	cœnæstheses
cœnœcium	cœnœcia
dabai	dabai
dace	dace
dactylethra	dactylethrae
dactylogyrosis	dactylogyroses
dactylopatagium	dactylopatagia
dactylus	dactyli
daddikins	daddikins
daddykins	daddykins
daduch	daduchs
daedalum	daedala
daf	dafim
daggerman	daggermen
dago	dagoes
daifuku	daifuku
daigappei	daigappei
daikyu	daikyu
daimonion	daimonia
daimyō	daimyō
dairyman	dairymen
dairywoman	dairywomen
dakimakura	dakimakura
dakuten	dakuten
dala	dala
daleman	dalemen
dalesman	dalesmen
daleswoman	daleswomen
dalmatica	dalmaticae
dandere	dandere
dangerman	dangermen
danpatsushiki	danpatsushiki
daotai	daotai
darcy	darcys
dargsman	dargsmen
dars	durus
darse	darse
darshan	darshanim
dartfish	dartfish
dartsman	dartsmen
daruan	daruan
datamatrix	datamatrices
datlash	datlashim
datum	data
dauerlarva	dauerlarvae
davach	davachs
davoch	davochs
davy	davys
dayman	daymen
daysman	daysmen
ddakji	ddakji
deadman	deadmen
deathsman	deathsmen
decadarch	decadarchs
decahedron	decahedra
decamillennium	decamillennia
decarch	decarchs
decastich	decastichs
decathexis	decathexes
deceased	deceased
decennalia	decennalia
decimillennium	decimillennia
deckman	deckmen
decomino	decominoes
decorum	decora
decoyman	decoymen
decubitus	decubitus
dedans	dedans
deekies	deekies
deeksies	deeksies
deepwaterman	deepwatermen
deer	deer
deermouse	deermice
deest	desunt
defenceman	defencemen
defenseman	defensemen
definiendum	definienda
definiens	definientia
degeiko	degeiko
deinococcus	deinococci
deixis	deixes
dekarch	dekarchs
deliveryman	deliverymen
deliverywoman	deliverywomen
deltaproteobacterium	deltaproteobacteria
delthyrium	delthyria
deltohedron	deltohedra
deltoideus	deltoidei
deltoidus	deltoidi
delubrum	delubra
demarch	demarchs
demesman	demesmen
demibranch	demibranchs
demiman	demimen
demiurgos	demiurgoi
demiwolf	demiwolves
demogeron	demogerontes
demonkin	demonkin
denarius	denarii
denaskulo	denaskuloj
dendrobranch	dendrobranchs
dendrohyphidium	dendrohyphidia
dengaku	dengaku
deni	deni
denotatum	denotata
dens	dentes
dentalium	dentalia
depoaxis	depoaxes
derma	dermata
dermalium	dermalia
dermatergosis	dermatergoses
dermatocystidium	dermatocystidia
dermatofibrosis	dermatofibroses
dermatomycosis	dermatomycoses
dermatomyositis	dermatomyositides
dermatophytosis	dermatophytoses
dermatopolymyositis	dermatopolymyosites
dermatoporosis	dermatoporoses
dermatosis	dermatoses
dermis	dermides
dermostosis	dermostoses
derny	dernys
derrickman	derrickmen
descriptum	descripta
desertrix	desertrices
desideratum	desiderata
designatum	designata
deskman	deskmen
desperado	desperadoes
desulfitobacterium	desulfitobacteria
desynch	desynchs
detailman	detailmen
detritus	detritus
deuterocerebrum	deuterocerebra
deutocerebrum	deutocerebra
deutovum	deutova
dextroscoliosis	dextroscolioses
dezh	dezhes
dhufish	dhufish
diachylum	diachyla
diachysis	diachyses
diaclasis	diaclases
diaconicon	diaconica
diacrisis	diacrises
diadochokinesis	diadochokineses
diadochus	diadochi
diadumenos	diadumenoi
diaeresis	diaereses
diagenesis	diageneses
diagnosis	diagnoses
diagnostics	diagnostics
diakinesis	diakineses
dialysis	dialyses
diapedesis	diapedeses
diaperman	diapermen
diaphoresis	diaphoreses
diaphysis	diaphyses
diapophysis	diapophyses
diarch	diarchs
diaresis	diareses
diarthrosis	diarthroses
diarthrum	diarthra
diathesis	diatheses
diatretum	diatreta
diatyposis	diatyposes
diaulos	diauloi
diazeuxis	diazeuxes
diaëresis	diaëreses
diblastula	diblastulae
dice	dice
diceman	dicemen
dichasium	dichasia
dichophysis	dichophyses
dictamen	dictamina
dictatrix	dictatrices
dictum	dicta
dictyokinesis	dictyokineses
didiman	didimen
didodecahedron	didodecahedra
diduch	diduchs
didymos	didymoi
didymus	didymi
die	dice
diegesis	diegeses
dieresis	diereses
diesis	dieses
dietman	dietmen
diezeugmenon	diezeugmena
differentia	differentiae
digastricus	digastrici
digenesis	digeneses
digitus	digiti
dihedron	dihedra
dihu	dihu
diiambus	diiambi
dilettante	dilettanti
dinges	dinges
dingir	dingir
dings	dings
dinomitosis	dinomitoses
dinos	dinoi
dinosaurus	dinosauri
dioch	diochs
diorthosis	diorthoses
diparesis	dipareses
diphyllobothriasis	diphyllobothriases
dipinto	dipinti
diplobacillus	diplobacilli
diplobacterium	diplobacteria
diplococcus	diplococci
diplogenesis	diplogeneses
diplomatics	diplomatics
diporpa	diporpae
dipteron	diptera
dipteros	dipteroi
diptotes	nouns
diptych	diptychs
dipygus	dipygi
directorium	directoria
direwolf	direwolves
dirigist	dirigistes
dirtman	dirtmen
dis	disses
disabled	disabled
discarthrosis	discarthroses
discobolus	discoboli
discrimen	discrimina
disequilibrium	disequilibria
disfocus	disfoci
diskos	diskoi
dismals	the dismals
dissepimentarium	dissepimentaria
dissoconch	dissoconchs
distich	distichs
distiflagellum	distiflagella
distiphallus	distiphalli
dististylus	dististyli
distitarsus	distitarsi
distitibia	distitibiae
distomatosis	distomatoses
distoseptum	distosepta
distropha	distrophae
dithyrambos	dithyramboi
dithyrambus	dithyrambi
diuresis	diureses
diverticulitis	diverticulites
diverticulosis	diverticuloses
divisio	divisiones
diyya	diyat
diz	dizzes
diæresis	diæreses
djoundi	djounoud
dochmius	dochmii
docklands	docklands
dockleaf	dockleaves
dockman	dockmen
dockyardman	dockyardmen
doctorandus	doctorandi
doctrix	doctrices
docuseries	docuseries
dodecadactylum	dodecadactyla
dodecadodecahedron	dodecadodecahedra
dodecahedron	dodecahedra
dodecahemicosahedron	dodecahemicosahedra
dodecarch	dodecarchs
dodecicosidodecahedron	dodecicosidodecahedra
dodo	dodoes
dodoitsu	dodoitsu
dodrans	dodrantes
doe	doe
doek	doeke
dogfish	dogfish
doggerman	doggermen
dogman	dogmen
dohyo	dohyo
dohyō	dohyō
dojikko	dojikko
dojinshi	dojinshi
dolabra	dolabrae
dolefuls	the dolefuls
dolichos	dolichoi
dolium	dolia
dollarocracy	dollarocracys
dollyman	dollymen
dolmadaki	dolmadakia
dolos	dolosse
dolus	doli
domatium	domatia
domichnion	domichnia
dominatrix	dominatrices
dominus	domini
domus	domus
donatrix	donatrices
dong	dong
dongba	dongba
donkeyman	donkeymen
doomsman	doomsmen
doorleaf	doorleaves
doorman	doormen
doorsman	doorsmen
doorwoman	doorwomen
dopeman	dopemen
dorayaki	dorayaki
dorlach	dorlachs
dorloch	dorlochs
dormitorium	dormitoria
dormouse	dormice
dorsoatrium	dorsoatria
dorsobronchium	dorsobronchia
dorsobronchus	dorsobronchi
dorsum	dorsa
doryman	dorymen
doryphoros	doryphoroi
doshirak	doshirak
dosirak	dosirak
doughman	doughmen
doujinshi	doujinshi
downstairs	downstairs
doz	doz
draatsi	draatsi
draconcopedes	draconcopedes
dracunculus	dracunculi
draftman	draftmen
draftsman	draftsmen
draftswoman	draftswomen
draftwoman	draftwomen
dragman	dragmen
dragonborn	dragonborn
dragonkin	dragonkin
dragsman	dragsmen
drakhma	drakhmai
drakhme	drakhmai
dranik	draniki
drapa	drapur
drasha	drashos
draughtman	draughtmen
draughtsman	draughtsmen
draughtswoman	draughtswomen
drawknife	drawknives
drawworks	drawworks
drayman	draymen
draywoman	draywomen
dreads	dreads
dreamchild	dreamchildren
dreamlife	dreamlives
dreamself	dreamselves
dredgerman	dredgermen
drepanium	drepania
driveby	drivebys
drogulus	droguli
dromos	dromoi
droshky	droshkys
drosky	droskys
drostdy	drostdys
drow	drow
drupetum	drupeta
dry	drys
drygoodsman	drygoodsmen
drynx	drynx
dubsman	dubsmen
duce	duci
duckman	duckmen
duckpower	duckpower
ductus	ductus
dudou	dudou
duergar	duergar
dundreary	dundrearys
dunnyman	dunnymen
duodecahedron	duodecahedra
duodenum	duodena
duplicarius	duplicarii
dupondius	dupondii
dur	dur
dura	durae
dustman	dustmen
dustnado	dustnadoes
dustwoman	dustwomen
dutchman	dutchmen
dutyman	dutymen
duxelles	duxelles
dwindles	the dwindles
dyakisdodecahedron	dyakisdodecahedra
dye	dyce
dyeworks	dyeworks
dyna	dynae
dysacusis	dysacuses
dysbiosis	dysbioses
dysequilibrium	dysequilibria
dyserythropoiesis	dyserythropoieses
dysgenesis	dysgeneses
dyshidrosis	dyshidroses
dyshomeostasis	dyshomeostases
dyskaryosis	dyskaryoses
dyskeratosis	dyskeratoses
dysmorphosis	dysmorphoses
dysostosis	dysostoses
dystelectasis	dystelectases
dystopia	dystopia
dysæsthesia	dysæsthesiæ
dæmonomania	dæmonomaniæ
débris	débris
dōgi	dōgi
dōjinshi	dōjinshi
e	ees
ealderman	ealdermen
ealdorman	ealdormen
earldorman	earldormen
earlman	earlmen
earthman	earthmen
earthsman	earthsmen
earthwolf	earthwolves
earthwoman	earthwomen
ebberman	ebbermen
eboshi	eboshi
ecchi	ecchi
eccho	ecchoes
ecchondrosis	ecchondroses
ecchymosis	ecchymoses
ecclesia	ecclesiae
ecclesiarch	ecclesiarchs
eccyesis	eccyeses
ecdysis	ecdyses
ecdysozoan	ecdysozoa
echinococcosis	echinococcoses
echinococcus	echinococci
echinozoan	echinozoa
echo	echoes
echophenomenon	echophenomena
echtrae	echtrai
eclipsis	eclipses
ecocrisis	ecocrises
ecospecies	ecospecies
ecosynthesis	ecosyntheses
ecotech	ecotechs
ecphonesis	ecphoneses
ecphrasis	ecphrases
ecpyrosis	ecpyroses
ecstasis	ecstases
ectasis	ectases
ecthlipsis	ecthlipses
ecthoreum	ecthorea
ectobronchium	ectobronchia
ectocingulum	ectocingula
ectocolpus	ectocolpi
ectomycorrhiza	ectomycorrhizae
ectooecium	ectooecia
ectoparasitosis	ectoparasitoses
ectostosis	ectostoses
ectosymbiosis	ectosymbioses
ectothrix	ectothrices
ectozoan	ectozoa
eczema	eczemata
edah	edot
eddo	eddoes
edgerman	edgermen
editrix	editrices
edtech	edtechs
ee	een
effectrix	effectrices
effluvium	effluvia
eggman	eggmen
eggwoman	eggwomen
ehrlichiosis	ehrlichioses
eidolon	eidola
eidos	eidoi
eidôlon	eidôla
eigenanalysis	eigenanalyses
eigenaxis	eigenaxes
eigenbasis	eigenbases
eigenlocus	eigenloci
eigenmatrix	eigenmatrices
eigensheaf	eigensheaves
eigenspectrum	eigenspectra
eighthman	eighthmen
eightsies	eightsies
eightsman	eightsmen
eirenarch	eirenarchs
eiruv	eiruvin
eisegesis	eisegeses
eisteddfodwr	eisteddfodwyr
ejaculum	ejacula
ekklesia	ekklesiai
ekphrasis	ekphrases
ekpyrosis	ekpyroses
ekstasis	ekstases
eland	eland
elasmobranch	elasmobranchs
elastocalcinosis	elastocalcinoses
elastophagocytosis	elastophagocytoses
elastosis	elastoses
elderman	eldermen
elderwoman	elderwomen
electrix	electrices
electroanalysis	electroanalyses
electrodiagnosis	electrodiagnoses
electrodialysis	electrodialyses
electrogenesis	electrogeneses
electroknife	electroknives
electrolysis	electrolyses
electronics	electronics
electrophoresis	electrophoreses
electrosynthesis	electrosyntheses
electrotech	electrotechs
electrovacuum	electrovacua
elench	elenchs
elenchus	elenchi
elephantarch	elephantarchs
elephantfish	elephantfish
elephantiasis	elephantiases
eleutherarch	eleutherarchs
elevatorman	elevatormen
elevenses	elevenses
elf	elves
elfwife	elfwives
elfwoman	elfwomen
elk	elk
ellipsis	ellipses
elliptocytosis	elliptocytoses
ellops	ellops
elogium	elogia
elwife	elwives
elytron	elytra
elytrum	elytra
ema	ema
emaki	emaki
emancipatrix	emancipatrices
embargo	embargoes
embarras	embarras
embergoose	embergeese
emblema	emblemata
embolium	embolia
embolon	embola
embolos	emboloi
embolus	emboli
embossman	embossmen
embryogenesis	embryogeneses
emendandum	emendanda
emerita	emeritae
emeritum	emerita
emeritus	emeriti
emesis	emeses
emissarium	emissaria
empasma	empasmata
emphasis	emphases
emphyteusis	emphyteuses
emplastron	emplastra
empodium	empodia
empyrosis	empyroses
emu	emu
emys	emydes
enamelworks	enamelworks
enamorado	enamoradoes
enanthem	enanthema
enantiosis	enantioses
enarthrosis	enarthroses
enban	enben
encephalitis	encephalitides
encephalitozoonosis	encephalitozoonoses
encephaloduroarteriosynangiosis	encephaloduroarteriosynangioses
encephalomyelitis	encephalomyelitides
encephalomyosynangiosis	encephalomyosynangioses
encephaloradiculitis	encephaloradiculides
encephalum	encephala
encheiridion	encheiridia
enchondromatosis	enchondromatoses
enclinomenon	enclinomena
enclisis	enclises
encolpion	encolpia
encolpium	encolpia
encopresis	encopreses
encrinus	encrini
endangium	endangia
endarteritis	endarteritides
endarterium	endarteria
endfoot	endfeet
endichnion	endichnia
endleaf	endleaves
endman	endmen
endobacterium	endobacteria
endocarditis	endocarditides
endocranium	endocrania
endocrinosis	endocrinoses
endocytobiosis	endocytobioses
endocytosis	endocytoses
endodontium	endodontia
endoflagellum	endoflagella
endohydrolysis	endohydrolyses
endometriosis	endometrioses
endometritis	endometritides
endometrium	endometria
endomitosis	endomitoses
endomixis	endomixes
endomysium	endomysia
endonucleolus	endonucleoli
endonucleus	endonuclei
endoparasitosis	endoparasitoses
endoperidium	endoperidia
endophthalmitis	endophthalmitides
endoprosthesis	endoprostheses
endorhiza	endorhizae
endosalpinx	endosalpinges
endosmosis	endosmoses
endosporium	endosporia
endosternum	endosterna
endosteum	endostea
endostoma	endostomata
endostosis	endostoses
endosymbiogenesis	endosymbiogeneses
endosymbiosis	endosymbioses
endothecium	endothecia
endotheliosis	endothelioses
endothelium	endothelia
endothrix	endothrices
engineman	enginemen
englishman	englishmen
englyn	englynion
enhypostasis	enhypostases
enkolpion	enkolpia
enlightened	enlightened
enneacontahedron	enneacontahedra
enneadecahedron	enneadecahedra
enneahedron	enneahedra
ennichi	ennichi
enoch	enochs
enokidake	enokidake
enomotarch	enomotarchs
enostosis	enostoses
entasis	entases
entelech	entelechs
entelechia	entelechie
enteritis	enteritides
enteroanastomosis	enteroanastomoses
enterobacterium	enterobacteria
enterobiasis	enterobiases
enterocentesis	enterocenteses
enteroclysis	enteroclyses
enterococcus	enterococci
enterocoely	enterocoelia
enterocolitis	enterocolitides
enteron	entera
enteroparasitosis	enteroparasitoses
enterostenosis	enterostenoses
enterothorax	enterothoraces
enthesis	entheses
entobronchium	entobronchia
entocranium	entocrania
entomophthoromycosis	entomophthoromycoses
entoplastron	entoplastra
entosis	entoses
entosternum	entosterna
entostroma	entostromata
entozoan	entozoa
entozoon	entozoa
entremets	entremets
entrepas	entrepas
entrochus	entrochi
entropion	entropia
entropium	entropia
enuresis	enureses
enzoosis	enzooses
enzymogenesis	enzymogeneses
enzymolysis	enzymolyses
eohippus	eohippi
eolderman	eoldermen
eorlcundman	eorlcundmen
epacris	epacris
epandrium	epandria
epanorthosis	epanorthoses
eparch	eparchs
epencephalon	epencephala
ependymitis	ependymites
epenthesis	epentheses
epexegesis	epexegeses
ephebeion	ephebeia
ephebeum	ephebea
ephebos	epheboi
ephebus	ephebi
ephelis	ephelides
ephemeris	ephemerides
ephialtes	ephialtes
ephippium	ephippia
ephoros	ephoroi
ephorus	ephori
ephyra	ephyrae
epibacterium	epibacteria
epibasidium	epibasidia
epibiosis	epibioses
epicanthus	epicanthi
epicedium	epicedia
epicingulum	epicingula
epiclesis	epicleses
epicorium	epicoria
epicortex	epicortices
epicranium	epicrania
epicranius	epicranii
epicrisis	epicrises
epicutis	epicutes
epidermis	epidermides
epidermophytosis	epidermophytoses
epididymis	epididymides
epididymitis	epididymites
epifauna	epifaunae
epigastrium	epigastria
epigenesis	epigeneses
epigeum	epigea
epigonus	epigoni
epigynum	epigyna
epikeratoprosthesis	epikeratoprostheses
epiklesis	epikleses
epikoros	epikorsim
epileptogenesis	epileptogeneses
epilocus	epiloci
epilogomenon	epilogomena
epimanikion	epimanikia
epimatium	epimatia
epimeron	epimera
epimysium	epimysia
epimythium	epimythia
epinaos	epinaoi
epinetron	epinetra
epinikion	epinikia
epiphaenomenon	epiphaenomena
epiphallus	epiphalli
epiphenomenon	epiphenomena
epiphragma	epiphragmata
epiphrasis	epiphrases
epiphysiolysis	epiphysiolyses
epiphysis	epiphyses
epiphænomenon	epiphænomena
epipleuron	epipleura
epiplexis	epiplexes
epiplopexy	epiplopexys
epipodium	epipodia
epipophysis	epipophyses
epipubis	epipubes
epipuncta	epipunctae
epirrhema	epirrhemata
episporangium	episporangia
episporium	episporia
epistasis	epistases
epistates	epistatai
epistaxis	epistaxes
epistratum	epistrata
episymbiosis	episymbioses
epitaphion	epitaphoi
epitarsus	epitarsi
epitasis	epitases
epitheca	epithecae
epithecium	epithecia
epithema	epithemata
epithesis	epitheses
epitrichium	epitrichia
epituberculosis	epituberculoses
epizeuxis	epizeuxes
epizoan	epizoa
epizoon	epizoa
epizoonosis	epizoonoses
epoch	epochs
eponychium	eponychia
epoophoron	epoophora
epsilonproteobacterium	epsilonproteobacteria
epulis	epulides
epyllion	epyllia
eq	eqq
eques	equites
equipmentman	equipmentmen
equuleus	equulei
erastes	erastai
erebosis	ereboses
erekiteru	erekiteru
erenach	erenachs
erhu	erhu
eriach	eriachs
ernai	ernai
eroge	eroge
eromenos	eromenoi
eros	erotes
erotesis	eroteses
erratum	errata
eruca	erucae
erxian	erxian
erythroblastosis	erythroblastoses
erythrocytapheresis	erythrocytaphereses
erythrocytosis	erythrocytoses
erythroleukemogenesis	erythroleukemogeneses
erythroleukosis	erythroleukoses
erythropoiesis	erythropoieses
es	esses
esca	escae
escalado	escaladoes
escherichiosis	escherichioses
esophagitis	esophagitides
esophagogastroanastomosis	esophagogastroanastomoses
esophagojejunoanastomosis	esophagojejunoanastomoses
esophagostoma	esophagostomata
esophagus	esophagi
esquites	esquites
esraj	esrajes
essentials	the essentials
estatesman	estatesmen
esthesis	estheses
esthetics	esthetics
ethelborn	ethelborn
ethenolysis	ethenolyses
ether	ether
ethics	ethics
ethnarch	ethnarchs
ethnicon	ethnica
ethnie	ethnie
ethnikon	ethnika
ethnogenesis	ethnogeneses
ethnos	ethne
ethnospecies	ethnospecies
ethopoeia	ethopoeiae
ethopoiia	ethopoiiae
ethos	ethe
ethospecies	ethospecies
ethoxy	ethoxys
etiopathogenesis	etiopathogeneses
etymon	etyma
eubacterium	eubacteria
eucalyptus	eucalypti
eugaree	eugaree
eugarie	eugarie
euhedron	euhedra
eulamellibranch	eulamellibranchs
eulogia	eulogiae
eunuch	eunuchs
euopisthobranch	euopisthobranchs
euplantula	euplantulae
euseptum	eusepta
eusperm	eusperm
eusporangium	eusporangia
eutaxon	eutaxa
euthynteria	euthynteriae
evangelistarium	evangelistaria
everyman	everymen
everywoman	everywomen
evestrum	evestra
ewy	ewys
exaeresis	exaereses
exahertz	exahertz
exairesis	exaireses
exapophysis	exapophyses
exarch	exarchs
excavatrix	excavatrices
excerptum	excerpta
excipulum	excipula
exciseman	excisemen
exclus	exclus
excretum	excreta
excubitorium	excubitoria
executrix	executrices
execx	execxs
exegesis	exegeses
exeligmos	exeligmoi
exemplum	exempla
exencephalus	exencephali
exennium	exennia
exequy	exequies
exeresis	exereses
exhairesis	exhaireses
exilarch	exilarchs
exoascus	exoasci
exocytosis	exocytoses
exodium	exodia
exodos	exodoi
exonumia	exonumia
exoperidium	exoperidia
exoprosthesis	exoprostheses
exosmosis	exosmoses
exosporium	exosporia
exostosis	exostoses
exotesta	exotestae
exotheca	exothecae
exothecium	exothecia
exothelium	exothelia
explanandum	explananda
explanans	explanantia
explicandum	explicanda
explicans	explicantia
explicatum	explicata
expressman	expressmen
expwy	expwys
expy	expys
exradius	exradii
exsequy	exsequies
exsiccata	exsiccatae
exsiccatum	exsiccata
exsiccatus	exsiccati
exterminatrix	exterminatrices
extispex	extispices
extracurriculum	extracurricula
extramatrix	extramatrices
extrastimulus	extrastimuli
extrastriatum	extrastriata
extremum	extrema
exuvium	exuvia
exwife	exwives
exæresis	exæreses
ey	eyren
eyetooth	eyeteeth
eyrir	aurar
ezafe	ezafe
ezh	ezhes
fabella	fabellae
fabliau	fabliaux
fabula	fabulae
faceman	facemen
faciendum	facienda
facies	facies
fackeltanz	fackeltänze
factrix	factrices
factum	facta
facula	faculae
fae	fae
faex	faeces
failchild	failchildren
fair	fair
fairgrounds	fairgrounds
fakelaki	fakelakia
fakellaki	fakellakia
falaj	falajes
fallen	fallen
falls	falls
fals	fulus
familia	familiae
famulus	famuli
fan	fan
fancypants	fancypants
fangshi	fangshi
fangtooth	fangteeth
fanpol	fanpol
fanti	fanpol
fanum	fana
fapiao	fapiao
farariya	farari
farinata	farinate
fario	fario
farmman	farmmen
farmwife	farmwives
farmwoman	farmwomen
fasc	fasc
fasces	fasces
fasciculus	fasciculi
fascinum	fascina
fasciola	fasciolae
fascioliasis	fascioliases
fasciosis	fascioses
fash	fash
fastigium	fastigia
fatayer	fatayer
fatherkins	fatherkins
faultsman	faultsmen
fauna	faunae
faunula	faunulae
faunus	fauni
fautrix	fautrices
faux	fauces
fauxtato	fauxtatoes
favellidium	favellidia
faveolus	faveoli
favus	favi
featherman	feathermen
fedai	fedai
feedman	feedmen
feesh	feesh
feis	feiseanna
fellatrix	fellatrices
fellowman	fellowmen
fellsman	fellsmen
femina	femina
feminonucleus	feminonuclei
femminiello	femminielli
fen	fen
fenestella	fenestellae
fenestrum	fenestra
fenman	fenmen
fenocchio	fenocchi
fenochio	fenochi
feormfultum	feormfultumas
feretrum	feretra
ferrobacterium	ferrobacteria
ferryboatman	ferryboatmen
ferryman	ferrymen
ferrywoman	ferrywomen
fersommling	fersommlinge
fetialis	fetiales
fey	fey
fez	fezzes
fiamma	fiamme
fianchetto	fianchetti
fibratus	fibrati
fibrilla	fibrillae
fibrinolysis	fibrinolyses
fibroadenomatosis	fibroadenomatoses
fibroadenosis	fibroadenoses
fibroatelectasis	fibroatelectases
fibrohyalinosis	fibrohyalinoses
fibromatosis	fibromatoses
fibrosis	fibroses
fibrositis	fibrosites
fibrostenosis	fibrostenoses
fibula	fibulae
fibulare	fibularia
fibularis	fibulares
fico	ficoes
fictionkin	fictionkin
fideicommissum	fideicommissa
fieldman	fieldmen
fieldmouse	fieldmice
fieldsman	fieldsmen
fieldwoman	fieldwomen
figleaf	figleaves
figura	figurae
filakto	filakta
filaria	filariae
filariasis	filariases
filipodium	filipodia
filmworks	filmworks
filopluma	filoplumae
filopodium	filopodia
filovirida	filoviridae
fils	fils
filterman	filtermen
filtrum	filtra
filum	fila
fimbria	fimbriae
finalis	finalia
fingerfins	fingerfins
fingerman	fingermen
finocchio	finocchi
finochio	finochi
finoki	finoki
fintech	fintechs
fioritura	fioriture
firagana	firagana
fireman	firemen
firewoman	firewomen
firstborn	firstborn
fiscus	fisci
fish	fish
fisherman	fishermen
fisherwife	fisherwives
fisherwoman	fisherwomen
fishlouse	fishlice
fishman	fishmen
fishwife	fishwives
fishwoman	fishwomen
fishworks	fishworks
fistuca	fistucae
fiveleaf	fiveleaves
fivesies	fivesies
fixigena	fixigenae
fiz	fizzes
flagellum	flagella
flagman	flagmen
flagwoman	flagwomen
flamefish	flamefish
flammagenitus	flammageniti
flaouna	flaounes
flashman	flashmen
flatboatman	flatboatmen
flatfish	flatfish
flatlands	flatlands
flavobacteriosis	flavobacterioses
flavobacterium	flavobacteria
flectopodium	flectopodia
fleshloaf	fleshloaves
flettermouse	flettermice
flexus	flexus
flickermouse	flickermice
flightcraft	flightcraft
flindermouse	flindermice
flittermouse	flittermice
flocculus	flocculi
floccus	flocci
floorman	floormen
floorperson	floorpeople
floorwoman	floorwomen
florilegium	florilegia
flounder	flounder
flourman	flourmen
fluctus	fluctus
flugelman	flugelmen
fluke	fluke
flumen	flumina
fluorosis	fluoroses
flusherman	flushermen
fluttermouse	fluttermice
fly	flys
flyby	flybys
flyfisherman	flyfishermen
flyhalf	flyhalves
flyingfish	flyingfish
flyman	flymen
flyperson	flypeople
fmz	fmz
focus	foci
fodinichnion	fodinichnia
foederatus	foederati
foeman	foemen
fogey	fogies
fogman	fogmen
foiba	foibe
foilsman	foilsmen
fokontany	fokontany
folklife	folklives
folliculitis	folliculitides
folliculus	folliculi
follis	folles
fomes	fomites
fondaco	fondachi
fonds	fonds
fonticulus	fonticuli
foodtech	foodtechs
foot	feet
foote	feete
footman	footmen
footpaw	feetpaws
footplateman	footplatemen
footwoman	footwomen
foramen	foramina
foraminifera	foraminifera
foraminiferon	foraminifera
foraminiferum	foraminifera
forceps	forceps
forecastleman	forecastlemen
forecoxa	forecoxae
forefemur	forefemora
forefoot	forefeet
forelife	forelives
foreman	foremen
foremastman	foremastmen
forestomach	forestomachs
foretarsus	foretarsi
foretibia	foretibiae
foretooth	foreteeth
foretopman	foretopmen
forewoman	forewomen
forfex	forfices
forfid	forfeda
forgeman	forgemen
forkman	forkmen
forma	formae
forman	formen
formans	formantia
formicarium	formicaria
fornicatrix	fornicatrices
fornix	fornices
fortis	fortes
fossa	fossae
fossula	fossulae
foundryman	foundrymen
foundrywoman	foundrywomen
fourses	fourses
foursies	foursies
foveoschisis	foveoschises
fovilla	fovillae
fowl	fowl
foxfish	foxfish
foyboatman	foyboatmen
fps	fps
fractus	fracti
fraenulum	fraenula
fraenum	fraena
fragilocytosis	fragilocytoses
frameman	framemen
frankenfish	frankenfish
frate	frati
fratman	fratmen
fraudsman	fraudsmen
frazione	frazioni
freedman	freedmen
freedwoman	freedwomen
freeman	freemen
freewoman	freewomen
frejol	frejoles
fremman	fremmen
frenulum	frenula
frenum	frena
freshman	freshmen
freshwoman	freshwomen
fretman	fretmen
fretum	freta
frig	friges
friggitello	friggitelli
frigidarium	frigidaria
frijol	frijoles
frikadelle	frikadeller
friz	frizzes
frogfish	frogfish
frogman	frogmen
frogwoman	frogwomen
frons	frontes
frontalis	frontales
frontierman	frontiermen
frontiersman	frontiersmen
frontierswoman	frontierswomen
frontierwoman	frontierwomen
frontman	frontmen
frontoclypeus	frontoclypei
frontogenesis	frontogeneses
frontolysis	frontolyses
frontperson	frontpeople
frontwoman	frontwomen
frottola	frottole
fruitwoman	fruitwomen
frustulum	frustula
fruticetum	fruticeta
frwy	frwys
frænum	fræna
ft	ft
fu	fu
fucknuts	fucknuts
fucosidosis	fucosidoses
fucus	fuci
fugelman	fugelmen
fugichnion	fugichnia
fugleman	fuglemen
fuku	fuku
fullam	fullam
fulmen	fulmina
fultoportula	fultoportulae
fulu	fulu
fumarium	fumaria
fumatorium	fumatoria
fumblefingers	fumblefingers
fumetto	fumetti
fumidashi	fumidashi
fumigatorium	fumigatoria
fumulus	fumuli
funambulus	funambuli
fundatrigenia	fundatrigeniae
fundatrix	fundatrices
fundus	fundi
fungarium	fungaria
fungillus	fungilli
fungus	fungi
funiculus	funiculi
funis	funes
funnyman	funnymen
funnywoman	funnywomen
furca	furca
furcula	furculae
furculum	furcula
furfur	furfures
furigana	furigana
furnaceman	furnacemen
furoshiki	furoshiki
furunculosis	furunculoses
furyou	furyou
fusariosis	fusarioses
fusellus	fuselli
fusen	fusen
fusensho	fusensho
fusilli	fusilli
fusobacterium	fusobacteria
fustilugs	fustilugs
fut	feet
futanari	futanari
futures	futures
fuzznuts	fuzznuts
fwy	fwys
fyrdman	fyrdmen
fæcula	fæculæ
gachapon	gachapon
gadman	gadmen
gadol	gedolim
gadsman	gadsmen
gaelscoil	gaelscoileanna
gaffman	gaffmen
gaffsman	gaffsmen
gagman	gagmen
gaiji	gaiji
gaijin	gaijin
gairaigo	gairaigo
gaj	gajes
gaji	gaji
gaki	gaki
gakuran	gakuran
gal	gal
gala	gala
galactosialidosis	galactosialidoses
galbulus	galbuli
galdr	galdrar
galea	galeae
galero	galeri
galge	galge
galliambus	galliambi
gallows	gallows
gallu	gallu
gambo	gamboes
gamesman	gamesmen
gametangium	gametangia
gametogonium	gametogonia
gammaproteobacterium	gammaproteobacteria
gammonati	gammonati
ganglion	ganglia
ganglionosis	ganglionoses
ganglioseries	ganglioseries
gangliosidosis	gangliosidoses
gangman	gangmen
gangræna	gangrænæ
gangsman	gangsmen
gangwayman	gangwaymen
ganj	ganjes
gantryman	gantrymen
gaokao	gaokao
gaon	gaonim
garageman	garagemen
garbageman	garbagemen
garbagewoman	garbagewomen
garda	gardai
gardcorps	gardcorps
gardebras	gardebras
garnetohedron	garnetohedra
garnets	garnets
gashapon	gashapon
gasman	gasmen
gasshohineri	gasshohineri
gastraea	gastraea
gastraeum	gastraea
gastralium	gastralia
gastrea	gastrea
gastreum	gastrea
gastritis	gastritides
gastrocnemius	gastrocnemii
gastroenteritis	gastroenterites
gastroenterocolitis	gastroenterocolitides
gastroenteroptosis	gastroenteroptoses
gastroepithelium	gastroepithelia
gastrolysis	gastrolyses
gastroparesis	gastropareses
gastroptosis	gastroptoses
gastroschisis	gastroschises
gastrosis	gastroses
gastrotrich	gastrotrichs
gasworks	gasworks
gateau	gateaux
gateman	gatemen
gatewayman	gatewaymen
gatewoman	gatewomen
gatsby	gatsbys
gavelman	gavelmen
gayageum	gayageum
gayman	gaymen
gaywings	gaywings
gearman	gearmen
geas	geasa
geisha	geisha
gelati	gelati
gelato	gelati
gele	gele
gelosis	geloses
gemach	gemachs
gemman	gemmen
gemmula	gemmulae
gemmun	gemmen
gena	genae
genearch	genearchs
geneat	geneat
generalissimus	generalissima
generatrix	generatrices
genesis	geneses
genethliacon	genethliaca
geniculum	genicula
genie	genii
genioglossus	genioglossi
geniohyoglossus	geniohyoglossi
geniohyoideus	geniohyoidei
genki	genki
gennelman	gennelmen
genodermatosis	genodermatoses
genometastasis	genometastases
genomospecies	genomospecies
genorheithrum	genorheithra
genorheitron	genorheitra
genospecies	genospecies
gens	gentes
gentilhomme	gentilshommes
gentilicium	gentilicia
gentleman	gentlemen
gentlewoman	gentlewomen
gentman	gentmen
gents	gents
genu	genua
genus	genera
geoethics	geoethics
geohelminthiasis	geohelminthiases
geomedium	geomedia
geoplankton	geoplankton
geotaxis	geotaxes
geotech	geotechs
geotrichosis	geotrichoses
gepik	qepik
ger	gerim
gerbilarium	gerbilaria
geresh	gershayim
germosporangium	germosporangia
gesithcundman	gesithcundmen
gesithman	gesithmen
gestor	gestores
geteld	geteld
gezerah	gezerot
gganbu	gganbu
ghoti	ghoti
ghoughphtheightteeau	ghoughphtheightteeaux
giardiasis	giardiases
gibfish	gibfish
giboshi	giboshi
gig	gig
gigabaud	gigabaud
gigagauss	gigagauss
gigahertz	gigahertz
gigastacy	gigastacys
gigerium	gigeria
gigman	gigmen
gignomenon	gignomena
gijinka	gijinka
gilgul	gilgulim
gimmari	gimmari
gingiva	gingivae
gingivitis	gingivitides
ginglymus	ginglymi
gintleman	gintlemen
girah	girah
girlchild	girlchildren
girlyman	girlymen
gismu	gismu
giyoret	giyorot
gjinka	gjinka
glabellum	glabella
glaciarium	glaciaria
gladiolus	gladioli
glans	glandes
glassman	glassmen
glassworks	glassworks
gleba	glebae
gleeman	gleemen
gleewoman	gleewomen
glengarry	glengarrys
gliosis	glioses
glirarium	gliraria
glissando	glissandi
glitteratus	glitterati
globulus	globuli
globus	globi
glochidium	glochidia
gloea	gloeae
gloeocystidium	gloeocystidia
gloiospora	gloiosporae
glomerulitis	glomerulitides
glomeruloendotheliosis	glomeruloendothelioses
glomerulonephritis	glomerulonephritides
glomerulonephrosis	glomerulonephroses
glomerulosclerosis	glomeruloscleroses
glomerulus	glomeruli
glomus	glomera
glossa	glossae
glossarium	glossaria
glossatrix	glossatrices
glossocomon	glossocoma
glossoptosis	glossoptoses
gloveman	glovemen
glovesman	glovesmen
glucolysis	glucolyses
gluconeogenesis	gluconeogeneses
glueman	gluemen
gluonium	gluonia
glutaeus	glutaei
glutæus	glutæi
glycocalix	glycocalices
glycocalyx	glycocalyces
glycogenesis	glycogeneses
glycogenolysis	glycogenolyses
glycogenosis	glycogenoses
glycohydrolysis	glycohydrolyses
glycolipidosis	glycolipidoses
glycolysis	glycolyses
glycosphingolipidosis	glycosphingolipidoses
glycosynthesis	glycosyntheses
gnathidium	gnathidia
gnathochilarium	gnathochilaria
gnocchi	gnocchi
gnome	gnomae
gnosis	gnoses
gnudi	gnudi
go	goes
goadman	goadmen
goadsman	goadsmen
goban	goban
goby	goby
godchild	godchildren
godman	godmen
godwoman	godwomen
gohei	gohei
goi	goiim
gokenin	gokenin
gold	gold
goldfish	goldfish
goldilocks	goldilocks
goldylocks	goldylocks
golyhedron	golyhedra
gomai	gomai
gombeenman	gombeenmen
gomphidius	gomphidii
gomphosis	gomphoses
gonangium	gonangia
gonangulum	gonangula
gonapophysis	gonapophyses
gonapsis	gonapses
gonarthrosis	gonarthroses
gonderiosis	gonderioses
gongman	gongmen
gongylidium	gongylidia
gongylus	gongyli
gonidangium	gonidangia
gonidium	gonidia
gonimium	gonimia
goniocystangium	goniocystangia
gonja	gonja
gonoblastidium	gonoblastidia
gonococcus	gonococci
gonoforceps	gonoforceps
gonopodium	gonopodia
gonostylus	gonostyli
gonotheca	gonothecae
goodby	goodbys
goodman	goodmen
goodwife	goodwives
goose	geese
gorgoneion	gorgoneia
gotrocks	gotrocks
gownman	gownmen
gownsman	gownsmen
goy	goyim
gracilis	graciles
graffiti	graffiti
graffito	graffiti
graffitus	graffiti
gramma	grammata
gramps	gramps
grams	grams
grandchild	grandchildren
grandiloquy	grandiloquies
grandoffspring	grandoffspring
grantsman	grantsmen
granulocytopoiesis	granulocytopoieses
granulocytosis	granulocytoses
granulomatosis	granulomatoses
granulopoiesis	granulopoieses
granulosis	granuloses
granum	grana
grapeshot	grapeshot
graphium	graphia
gravedo	gravedines
gravistimulus	gravistimuli
grayling	grayling
greatgrandchild	greatgrandchildren
greedyguts	greedyguts
greeneyes	greeneyes
greensman	greensmen
greensperson	greenspeople
grex	greges
grice	gricen
grinderman	grindermen
gripman	gripmen
grisgris	grisgris
grissino	grissini
griz	grizzes
grizzlyman	grizzlymen
groceryman	grocerymen
groomsman	groomsmen
groomswoman	groomswomen
grosion	grosia
gross	gross
grossetto	grossetti
grosz	grosz
groundcraft	groundcraft
groundfish	groundfish
groundfisherman	groundfishermen
groundman	groundmen
grounds	grounds
groundsman	groundsmen
groundswoman	groundswomen
groupetto	groupetti
grouse	grouse
grumpypants	grumpypants
gruppetto	gruppetti
gry	grys
gryllos	grylloi
gryllus	grylli
gryposis	gryposes
gt	gtt
gtt	gtt
guardsman	guardsmen
guardswoman	guardswomen
gubbins	gubbins
gubernaculum	gubernacula
gubernium	gubernia
gudeman	gudemen
gueedman	gueedmen
guidesman	guidesmen
guildsman	guildsmen
guildswoman	guildswomen
guitarfish	guitarfish
gukja	gukja
gummosis	gummoses
gunbai	gunbai
gunman	gunmen
gunnies	gunnies
gunsman	gunsmen
gunwoman	gunwomen
gunworks	gunworks
guotie	guotie
guqin	guqin
gurges	gurges
gurnard	gurnard
gutta	guttae
guttula	guttulae
guyman	guymen
gvir	gvirim
gwelly	gwellys
gwerz	gwerzioù
gyaru	gyaru
gyarumoji	gyarumoji
gymnasiarch	gymnasiarchs
gymnasion	gymnasia
gymnasium	gymnasia
gymnastics	gymnastics
gynaecium	gynaecia
gynandrium	gynandria
gyneceum	gynecea
gynecium	gynecia
gynobasis	gynobases
gynopara	gynoparae
gynostegium	gynostegia
gynostemium	gynostemia
gynæcium	gynæcia
gyoji	gyoji
gyra	gyrae
gyradius	gyradii
gyrobifastigium	gyrobifastigia
gyroma	gyromata
gyroradius	gyroradii
gyros	gyros
gyrus	gyri
gyōji	gyōji
gyōza	gyōza
gâteau	gâteaux
haal	ahwaal
haarscheibe	haarscheiben
habena	habenae
habenula	habenulae
habitus	habiti
hachereau	hachereaux
hachimaki	hachimaki
hackman	hackmen
hackneyman	hackneymen
hadd	hudud
haddock	haddock
hadith	hadith
hadj	hadjes
haegeum	haegeum
haemangiomatosis	haemangiomatoses
haemapophysis	haemapophyses
haemarthrosis	haemarthroses
haematemesis	haematemeses
haematidrosis	haematidroses
haematodocha	haematodochae
haematolysis	haematolyses
haematozoan	haematozoa
haematozoon	haematozoa
haemochromatosis	haemochromatoses
haemodialysis	haemodialyses
haemolysis	haemolyses
haemonchosis	haemonchoses
haemophilus	haemophili
haemoprotozoan	haemoprotozoa
haemoptysis	haemoptyses
haemosiderosis	haemosideroses
haemostasis	haemostases
haeresiarch	haeresiarchs
hafniosis	hafnioses
hagbus	hagbusses
hagfish	hagfish
haibun	haibun
haikai	haikai
haiku	haiku
hajj	hajjes
hakafah	hakafot
hakama	hakama
hal	ahwal
halberdman	halberdmen
halberdsman	halberdsmen
half	halves
halflife	halflives
halitosis	halitoses
halitzah	halitzot
hallman	hallmen
hallucinosis	hallucinoses
hallux	halluces
haloalkoxy	haloalkoxys
haloarchaeon	haloarchaea
halobacterium	halobacteria
halonucleus	halonuclei
halter	halteres
halutz	halutzim
hamachi	hamachi
hamantasch	hamantaschen
hamantash	hamantashen
hamathecium	hamathecia
hamentasch	hamentaschen
hamentash	hamentashen
hames	hames
hammerman	hammermen
hamulus	hamuli
hamus	hami
hanafuda	hanafuda
hanazumo	hanazumo
handakuten	handakuten
handbagful	handbagsful
handcraftman	handcraftmen
handcraftsman	handcraftsmen
handcraftswoman	handcraftswomen
handfish	handfish
handicraftman	handicraftmen
handicraftsman	handicraftsmen
handicraftswoman	handicraftswomen
handiman	handimen
handiwoman	handiwomen
handman	handmen
handsignalman	handsignalmen
handworkman	handworkmen
handyman	handymen
handywoman	handywomen
hangiri	hangiri
hangman	hangmen
hangwoman	hangwomen
hanja	hanja
hanzi	hanzi
hao	hao
haole	haole
haori	haori
hapteron	haptera
hapua	hapua
hapuʻu	hapuʻu
haras	haras
hardman	hardmen
hardwareman	hardwaremen
hare	hare
harefoot	harefeet
haridashi	haridashi
harigata	harigata
harimanage	harimanage
harpago	harpagones
hart	hart
hartebeest	hartebeest
harurwa	harurwa
haruspex	haruspices
harvestman	harvestmen
hasanat	hasanat
hashioki	hashioki
hashkafah	hashkafot
hasta	hastae
hatakikomi	hatakikomi
hatcheryman	hatcherymen
hatchetman	hatchetmen
hatchman	hatchmen
hatchwayman	hatchwaymen
hatfish	hatfish
hatzotzrah	hatzotzrot
hauch	hauchs
haustellum	haustella
haustorium	haustoria
haustrum	haustra
hautbois	hautbois
hautpas	hautpas
haver	haverim
hawkfish	hawkfish
hazardise	hazardise
hazardize	hazardize
hdqrs	hdqrs
headach	headachs
headlightfish	headlightfish
headlouse	headlice
headman	headmen
headquarters	headquarters
headscarf	headscarves
headsman	headsmen
headswoman	headswomen
headwoman	headwomen
headworks	headworks
heartleaf	heartleaves
heartman	heartmen
hecatonicosihexacosihecatonicosachoron	hecatonicosihexacosihecatonicosachora
hectocotylus	hectocotyli
hectohedron	hectohedra
heemraad	heemraden
hegumenos	hegumenoi
heikegani	heikegani
heirmologion	heirmologia
heirmos	heirmoi
hekesh	hekeshim
hekte	hektai
helek	halakim
helicobacteriosis	helicobacterioses
helicotrema	helicotremata
helictoglossa	helictoglossae
heliman	helimen
heliobacterium	heliobacteria
helionium	helionia
heliosis	helioses
helles	helles
hellman	hellmen
hellspawn	hellspawn
helminthiasis	helminthiases
helminthosis	helminthoses
helmsman	helmsmen
helmswoman	helmswomen
helus	heli
hemangiomatosis	hemangiomatoses
hemapophysis	hemapophyses
hemarthrosis	hemarthroses
hematemesis	hematemeses
hematolymphopoiesis	hematolymphopoieses
hematopoiesis	hematopoieses
hematozoan	hematozoa
hematozoon	hematozoa
hemelytron	hemelytra
hemelytrum	hemelytra
hemibranch	hemibranchs
hemicerebellum	hemicerebella
hemidrachma	hemidrachmae
hemiekton	hemiekta
hemiganglion	hemiganglia
hemimatrix	hemimatrices
hemimaxilla	hemimaxillae
heminotum	heminota
hemiparesis	hemipareses
hemipelvis	hemipelves
hemipenis	hemipenes
hemipons	hemipontes
hemiprosthesis	hemiprostheses
hemistich	hemistichs
hemisynthesis	hemisyntheses
hemiteras	hemiterata
hemitetartemorion	hemitetartemoria
hemivertebra	hemivertebrae
hemoarthrosis	hemoarthroses
hemochromatosis	hemochromatoses
hemodialysis	hemodialyses
hemolysis	hemolyses
hemoplasmosis	hemoplasmoses
hemopoiesis	hemopoieses
hemoprotozoan	hemoprotozoa
hemoptysis	hemoptyses
hemosiderosis	hemosideroses
hemostasis	hemostases
henchman	henchmen
henchwoman	henchwomen
henfish	henfish
hengeyokai	hengeyokai
hentai	hentai
hentaigana	hentaigana
henwife	henwives
henxman	henxmen
hepatocholangitis	hepatocholangitides
hepatofibrosis	hepatofibroses
hepatolithiasis	hepatolithiases
hepatoptosis	hepatoptoses
hepatosiderosis	hepatosideroses
hepatosis	hepatoses
hepatozoonosis	hepatozoonoses
heptadecahedron	heptadecahedra
heptahedron	heptahedra
heptakaidecahedron	heptakaidecahedra
heptaparallelohedron	heptaparallelohedra
heptarch	heptarchs
heptastich	heptastichs
heptomino	heptominoes
herbman	herbmen
herbwife	herbwives
herbwoman	herbwomen
herdman	herdmen
herdsman	herdsmen
herdswoman	herdswomen
heresiarch	heresiarchs
heresimach	heresimachs
heretoch	heretochs
heretrix	heretrices
heritrix	heritrices
herma	hermae
hermandad	hermandades
hermeneutics	hermeneutics
hero	heroes
hertz	hertz
hesped	hespedim
hesperidium	hesperidia
hetaera	hetaerae
hetaira	hetairai
hetairia	hetairiae
hetairos	hetairoi
heter	heterim
heteroanamnesis	heteroanamneses
heterobranch	heterobranchs
heterocliticon	heteroclitica
heterogenesis	heterogeneses
heterokaryosis	heterokaryoses
heterokurtosis	heterokurtoses
heterolysis	heterolyses
heteromorphosis	heteromorphoses
heteropagus	heteropagi
heterosis	heteroses
heterotaxis	heterotaxes
heterozygosis	heterozygoses
hetæra	hetæræ
hexacontahedron	hexacontahedra
hexadecahedron	hexadecahedra
hexaemeron	hexaemera
hexafoos	hexafoos
hexahedron	hexahedra
hexahemeron	hexahemera
hexakaidecahedron	hexakaidecahedra
hexakisoctahedron	hexakisoctahedra
hexakistetrahedron	hexakistetrahedra
hexamitiasis	hexamitiases
hexaoctahedron	hexaoctahedra
hexaptych	hexaptychs
hexarch	hexarchs
hexastich	hexastichs
hexastylos	hexastyloi
hexatetrahedron	hexatetrahedra
hexecontahedron	hexecontahedra
hexomino	hexominoes
hextetrahedron	hextetrahedra
heya	heya
heyagashira	heyagashira
hgwy	hgwys
hiatus	hiatus
hibernaculum	hibernacula
hideman	hidemen
hidradenitis	hidradenitides
hidrosis	hidroses
hierarch	hierarchs
hierogrammateus	hierogrammatei
hieromonach	hieromonachs
hifu	hifu
higashi	higashi
highlandman	highlandmen
highman	highmen
highwayman	highwaymen
highwaywoman	highwaywomen
higonokami	higonokami
hiki	hiki
hikikomori	hikikomori
hikiotoshi	hikiotoshi
hikkake	hikkake
hillman	hillmen
hillsman	hillsmen
hillwoman	hillwomen
hilum	hila
hilus	hili
himation	himatia
himedanshi	himedanshi
himejin	himejin
himejoshi	himejoshi
hinahina	hinahina
hind	hind
hindfoot	hindfeet
hindstomach	hindstomachs
hinoki	hinoki
hipparch	hipparchs
hippeus	hippeis
hippocampus	hippocampi
hippopotamos	hippopotamoi
hippopotamus	hippopotami
hirdman	hirdmen
hireman	hiremen
hirmologion	hirmologia
hirmos	hirmoi
histiocytosis	histiocytoses
histodiagnosis	histodiagnoses
histogenesis	histogeneses
histoknife	histoknives
histolysis	histolyses
histoplasmosis	histoplasmoses
histotech	histotechs
hitman	hitmen
hitodama	hitodama
hitwoman	hitwomen
hoastman	hoastmen
hodman	hodmen
hogman	hogmen
hoistman	hoistmen
hoki	hoki
hokora	hokora
holaspis	holaspides
holdman	holdmen
holdsman	holdsmen
holei	holei
holluschick	holluschickie
holmos	holmoi
holobasidium	holobasidia
holobranch	holobranchs
holomorphosis	holomorphoses
holonephridium	holonephridia
holophrasis	holophrases
holoplankton	holoplankton
holotrich	holotrichs
holyhedron	holyhedra
homelife	homelives
homeolocus	homeoloci
homeosis	homeoses
homeostasis	homeostases
homeoteleuton	homeoteleuta
homobasidium	homobasidia
homoeoprophoron	homoeoprophora
homoeosis	homoeoses
homoioptoton	homoioptota
homokurtosis	homokurtoses
homologon	homologa
homolysis	homolyses
homonculus	homonculi
homoousion	homoousia
homozygosis	homozygoses
homunculus	homunculi
homœostasis	homœostases
honbasho	honbasho
honeysweets	honeysweets
hongbao	hongbao
hongweibing	hongweibing
honorarium	honoraria
hoodman	hoodmen
hoof	hooves
hoogaars	hoogaars
hookman	hookmen
hooligan	hooligan
hoplitodromos	hoplitodromoi
hoplomachos	hoplomachoi
hoplomachus	hoplomachi
hoppang	hoppang
hopperman	hoppermen
hordeolum	hordeola
hordesman	hordesmen
horlicks	horlicks
hormesis	hormeses
hormogonium	hormogonia
hornsman	hornsmen
horos	horoi
horsehoof	horsehooves
horseman	horsemen
horsethief	horsethieves
horsewoman	horsewomen
hoseman	hosemen
hosho	hosho
hosohedron	hosohedra
hosomaki	hosomaki
hospitalman	hospitalmen
hostorium	hostoria
hotchiku	hotchiku
hotelman	hotelmen
hotely	hotelys
hots	the hots
hotwife	hotwives
houmongi	houmongi
houndman	houndmen
houndsman	houndsmen
houndstooth	houndsteeth
houseman	housemen
housestaff	housestaff
housewife	housewives
housewoman	housewomen
houswife	houswives
hovercraft	hovercraft
hoyman	hoymen
hp	hp
hubs	hubs
hui	hui
hulijing	hulijing
humerus	humeri
hundge	hundge
hundredman	hundredmen
hundredweight	hundredweight
huntsman	huntsmen
huntswoman	huntswomen
hupokeimenon	hupokeimena
huqin	huqin
husbandman	husbandmen
husbandryman	husbandrymen
husbandwoman	husbandwomen
hustings	hustings
huwasi	huwasi
huwoman	huwomen
hwatu	hwatu
hwy	hwys
hyalinosis	hyalinoses
hyalohyphomycosis	hyalohyphomycoses
hydatidosis	hydatidoses
hydrarthrosis	hydrarthroses
hydrazinolysis	hydrazinolyses
hydriskos	hydriskai
hydroarthrosis	hydroarthroses
hydrocaulus	hydrocauli
hydrocladium	hydrocladia
hydroecium	hydrœcia
hydrogenolysis	hydrogenolyses
hydrolysis	hydrolyses
hydromodulus	hydromoduli
hydronephrosis	hydronephroses
hydropyrolysis	hydropyrolyses
hydrosoma	hydrosomata
hydroureteronephrosis	hydroureteronephroses
hydrozoan	hydrozoa
hydrœcium	hydrœcia
hygrosensillum	hygrosensilla
hylaeosaurus	hylaeosauri
hymenolepidosis	hymenolepidoses
hymenopteron	hymenoptera
hyobranchium	hyobranchia
hyoglossus	hyoglossi
hyolarynx	hyolarynges
hyoshigi	hyoshigi
hypaethron	hypaethra
hypandrium	hypandria
hypanthium	hypanthia
hypantrum	hypantra
hypapophysis	hypapophyses
hypeman	hypemen
hyperapophysis	hyperapophyses
hypercathexis	hypercathexes
hypercementosis	hypercementoses
hypercholeresis	hypercholereses
hypercontinuum	hypercontinua
hypercytosis	hypercytoses
hyperemesis	hyperemeses
hyperemphasis	hyperemphases
hyperfibrosis	hyperfibroses
hypergranulocytosis	hypergranulocytoses
hypergranulopoiesis	hypergranulopoieses
hyperhidrosis	hyperhidroses
hyperkeratosis	hyperkeratoses
hyperkinesis	hyperkineses
hypermedium	hypermedia
hypermetamorphosis	hypermetamorphoses
hypernucleus	hypernuclei
hyperoctahedron	hyperoctahedra
hyperosteoidosis	hyperosteoidoses
hyperostosis	hyperostoses
hyperpallium	hyperpallia
hyperpseudopilus	hyperpseudopili
hyperpyron	hyperpyra
hyperradius	hyperradii
hypersarcosis	hypersarcoses
hyperschema	hyperschemata
hyperstimulus	hyperstimuli
hyperstriatum	hyperstriata
hypertorus	hypertori
hypertrichosis	hypertrichoses
hypervertex	hypervertices
hypervitaminosis	hypervitaminoses
hypervolcano	hypervolcanoes
hyperæsthesia	hyperæsthesiæ
hypha	hyphae
hyphidium	hyphidia
hyphopodium	hyphopodia
hypichnion	hypichnia
hypnoanalysis	hypnoanalyses
hypnosis	hypnoses
hypnosporangium	hypnosporangia
hypobasidium	hypobasidia
hypocarpium	hypocarpia
hypocatastasis	hypocatastases
hypochondriasis	hypochondriases
hypochondrium	hypochondria
hypocingulum	hypocingula
hypocleideum	hypocleidea
hypocleidium	hypocleidia
hypoderma	hypodermata
hypodermis	hypodermes
hypodermoclysis	hypodermoclyses
hypodermosis	hypodermoses
hypoequilibrium	hypoequilibria
hypogastrium	hypogastria
hypogenesis	hypogeneses
hypoglossus	hypoglossi
hypogranulosis	hypogranuloses
hypokeimenon	hypokeimena
hypokinesis	hypokineses
hypolarynx	hypolarynges
hypolimnion	hypolimnia
hypomelanosis	hypomelanoses
hypomeron	hypomera
hypomorphosis	hypomorphoses
hypomyelinosis	hypomyelinoses
hyponychium	hyponychia
hypopharynx	hypopharynges
hypophysis	hypophyses
hypophysitis	hypophysitides
hypopleuron	hypopleura
hypopodium	hypopodia
hypopteron	hypoptera
hypoptilum	hypoptila
hypopygium	hypopygia
hyporchema	hyporchemata
hyporhachis	hyporhachides
hypospadiasis	hypospadiases
hypostasis	hypostases
hyposternum	hyposterna
hypostomium	hypostomia
hypostria	hypostriae
hypotarsus	hypotarsi
hypotaxis	hypotaxes
hypothalamus	hypothalami
hypothallus	hypothalli
hypotheca	hypothecae
hypothecium	hypothecia
hypothesis	hypotheses
hypotrachelium	hypotrachelia
hypotrich	hypotrichs
hypotrichosis	hypotrichoses
hypotympanum	hypotympana
hypotyposis	hypotyposes
hypovalva	hypovalvae
hypovitaminosis	hypovitaminoses
hysteresis	hystereses
hysterosis	hysteroses
hysterothecium	hysterothecia
hyæna	hyæna
hào	hào
hæmatidrosis	hæmatidroses
hæmatozoon	hæmatozoa
hæmaturia	hæmaturiæ
hæmochromatosis	hæmochromatoses
hæmopoiesis	hæmopoieses
hæmoptysis	hæmoptyses
hæmorrhagia	hæmorrhagiæ
hæmorrhœa	hæmorrhœæ
hæresiarch	hæresiarchs
i	ies
iambelegus	iambelegi
iatrogenesis	iatrogeneses
ibex	ibex
ibis	ibis
iceman	icemen
iceshelf	iceshelves
icewoman	icewomen
iceworks	iceworks
ichibu	ichibu
ichibukin	ichibukin
ichimon	ichimon
ichnocoenosis	ichnocoenoses
ichnofacies	ichnofacies
ichnogenus	ichnogenera
ichnospecies	ichnospecies
ichnotaxon	ichnotaxa
ichomage	ichomage
ichthyophthiriasis	ichthyophthiriases
ichthyopterygium	ichthyopterygia
ichthyosaurus	ichthyosauri
ichthyosis	ichthyoses
iconomach	iconomachs
iconostasion	iconostasia
iconostasis	iconostases
iconstasis	iconstases
icosaedrum	icosaedra
icosahedron	icosahedra
icosidodecadodecahedron	icosidodecadodecahedra
icosidodecahedron	icosidodecahedra
ictus	ictus
ides	ides
idiologus	idiologi
idiomelon	idiomela
idioticon	idiotica
idolum	idola
idoru	idoru
igqirha	amagqirha
ijam	ijam
ikupasuy	ikupasuy
ileitis	ileitides
ileocaecum	ileocaeca
ileocecum	ileoceca
ileocoecum	ileocoeca
ileum	ilea
iliacus	iliaci
iliococcygeus	iliococcygei
ilish	ilish
ilium	ilia
illicium	illicia
illui	illuim
iluy	illuim
imagawayaki	imagawayaki
imago	imagines
imbongi	izimbongi
imbrex	imbrices
immram	immrama
immunoanalysis	immunoanalyses
immunodiagnosis	immunodiagnoses
immunoelectroosmophoresis	immunoelectroosmophoreses
immunoelectrophoresis	immunoelectrophoreses
immunogenesis	immunogeneses
immunopathogenesis	immunopathogeneses
immunoprophylaxis	immunoprophylaxes
immunoserum	immunosera
immunospecies	immunospecies
immunothrombosis	immunothromboses
immunothrombus	immunothrombi
impair	impair
impatiens	impatiens
imperatrix	imperatrices
imperium	imperia
impersonatrix	impersonatrices
implicatum	implicata
improvisatrix	improvisatrices
improvvisatore	improvvisatori
improvvisatrice	improvvisatrici
incavo	incavi
inchman	inchmen
incisura	incisurae
inclineman	inclinemen
inclus	inclus
incognitum	incognita
incuba	incubae
incubatorium	incubatoria
incubus	incubi
incunabulum	incunabula
incus	incudes
indagatrix	indagatrices
indicatrix	indicatrices
indicium	indicia
indigena	indigenae
indoorsman	indoorsmen
inductura	inducturae
indumentum	indumenta
indusium	indusia
infantryman	infantrymen
infantrywoman	infantrywomen
infiltratrix	infiltratrices
infimum	infima
infracostalis	infracostales
infraordo	infraordines
infraphylum	infraphyla
infraspecies	infraspecies
infraspinatus	infraspinati
infundibulum	infundibula
infusorium	infusoria
ingo	ingoes
inion	inia
injuria	injuriae
inkman	inkmen
innings	innings
innominatum	innominata
innuendo	innuendoes
inoculatrix	inoculatrices
inoculus	inoculi
inotagma	inotagmata
inradius	inradii
inro	inro
inrō	inro
insectarium	insectaria
insigne	insignia
insignium	insignia
insp	insp
inspectrix	inspectrices
inspiratrix	inspiratrices
instigatrix	instigatrices
institutrix	institutrices
instrumentarium	instrumentaria
insuloma	insulomata
intaglio	intagli
interambulacrum	interambulacra
interaxis	interaxes
interbellum	interbella
intercentrum	intercentra
intercostalis	intercostales
interdictum	interdicta
interfluvium	interfluvia
interhyoideus	interhyoidei
interkinesis	interkineses
interleaf	interleaves
interlocutrix	interlocutrices
interlunium	interlunia
intermaxilla	intermaxillae
intermediatrix	intermediatrices
intermundium	intermundia
interoperculum	interopercula
interosseus	interossei
interradius	interradii
interseptum	intersepta
interstitium	interstitia
interstria	interstriae
intervacuum	intervacua
intima	intimae
intrico	intrichi
intrigo	intrigoes
inugami	inugami
inuhariko	inuhariko
inumimi	inumimi
invadopodium	invadopodia
inventrix	inventrices
investigatrix	investigatrices
invigilatrix	invigilatrices
involucellum	involucella
involucrellum	involucrella
involucrum	involucra
inyan	inyanim
inyen	inyonem
iomante	iomante
iontophoresis	iontophoreses
iraimbilanja	iraimbilanja
irenarch	irenarchs
iridocyclitis	iridocyclitides
iridodialysis	iridodialyses
iridotasis	iridotases
iritis	iritides
irmologion	irmologia
irmos	irmoi
irogane	irogane
ironman	ironmen
ironwoman	ironwomen
ironworks	ironworks
irori	irori
isamiashi	isamiashi
ischiocavernosus	ischiocavernosi
ischiopagus	ischiopagi
ischium	ischia
isekai	isekai
isepiptesis	isepipteses
isidium	isidia
islandman	islandmen
islandwoman	islandwomen
isleman	islemen
islesman	islesmen
isocortex	isocortices
isodomon	isodoma
isodomum	isodoma
isoecho	isoechoes
isohedron	isohedra
isopach	isopachs
isopiptesis	isopipteses
isotach	isotachs
issur	issurim
isu	isu
ithyphallus	ithyphalli
itinerarium	itineraria
itongo	amatongo
iwagumi	iwagumi
iyng	iynges
iynx	iynges
iyomante	iyomante
izakaya	izakaya
izori	izori
jackassfish	jackassfish
jackknife	jackknives
jackman	jackmen
jacques	jacques
jaffy	jaffys
jamo	jamo
jansky	janskys
janthinobacterium	janthinobacteria
jariya	jariyat
jarkman	jarkmen
jarvey	jarvies
javelinfish	javelinfish
javelinman	javelinmen
jawfoot	jawfeet
jawtooth	jawteeth
jazzman	jazzmen
jazzwoman	jazzwomen
jejeunum	jejeuna
jejunoileitis	jejunoileites
jejunum	jejuna
jellyfish	jellyfish
jellyplankton	jellyplankton
jeogori	jeogori
jeon	jeon
jianbing	jianbing
jiangshi	jiangshi
jiao	jiao
jiaozi	jiaozi
jiggerman	jiggermen
jigman	jigmen
jimjilbang	jimjilbang
jincan	jincan
jinghu	jinghu
jinrikiman	jinrikimen
jisei	jisei
jitneyman	jitneymen
jjimjilbang	jjimjilbang
jo	jo
joblife	joblives
jobman	jobmen
joculatrix	joculatrices
jokamachi	jokamachi
jokeman	jokemen
jolleyman	jolleymen
jomo	jomo
jonokuchi	jonokuchi
jougs	jougs
journal	journaux
journeyman	journeymen
journeywoman	journeywomen
jubilus	jubili
judg	judges
judoka	judoka
juga	jugae
jugfish	jugfish
juglans	juglans
jugulum	jugula
jugum	juga
juhyo	juhyo
juhyou	juhyou
jujuman	jujumen
juku	juku
jukujikun	jukujikun
jun	jun
junctura	juncturae
junglefowl	junglefowl
jungyo	jungyo
junkman	junkmen
junzi	junzi
juryman	jurymen
juryo	juryo
jurywoman	jurywomen
jus	jus
justacorps	justacorps
justaucorps	justaucorps
justicies	justicies
justificandum	justificanda
juvenarium	juvenaria
juxta	juxtae
juz	ajza
jyng	jynges
jynx	jynges
jūdōgi	jūdōgi
jūdōka	jūdōka
jūryō	jūryō
kabanos	kabanosy
kabedon	kabedon
kabocha	kabocha
kabosu	kabosu
kabosy	kabosy
kabufuda	kabufuda
kadomatsu	kadomatsu
kafir	kuffar
kahakō	kahakō
kaibun	kaibun
kaijin	kaijin
kainahineri	kainahineri
kairos	kairoi
kaiseki	kaiseki
kaisoman	kaisomen
kaizuka	kaizuka
kaj	kaj
kakahi	kakahi
kakaho	kakaho
kakemono	kakemono
kakenage	kakenage
kakezori	kakezori
kalathos	kalathoi
kalgi	kalgi
kalij	kalijes
kallikantzaros	kallikantzaroi
kalpis	kalpides
kalyptorhynch	kalyptorhynchs
kama	kama
kamaitachi	kamaitachi
kamees	kamees
kami	kami
kamioshi	kamioshi
kamon	kamon
kampaku	kampaku
kamui	kamui
kamuy	kamuy
kan	kan
kana	kana
kanaima	kanaima
kandys	kandyes
kango	kango
kanji	kanji
kanklės	kanklės
kanone	kanonen
kanreki	kanreki
kanrinin	kanrinin
kantenji	kantenji
kantharos	kantharoi
kanzashi	kanzashi
kaomoji	kaomoji
kapeyka	kapeek
kapu	kapu
karajishi	karajishi
karanteen	karanteen
karateka	karateka
karateman	karatemen
karbovanets	karbovanets
kardiya	kardiya
karesansui	karesansui
kartoffel	kartoffeln
karuhiruhi	karuhiruhi
karyokinesis	karyokineses
karyopyknosis	karyopyknoses
karyorrhexis	karyorrhexes
karyosoma	karyosomata
kasha	kasha
kasuyu	kasuyu
katabasis	katabases
katachresis	katechreses
katakana	katakana
katamari	katamari
katana	katana
katanagari	katanagari
kataribe	kataribe
katashiro	katashiro
katastasis	katastases
katasukashi	katasukashi
katepimeron	katepimera
katepisternum	katepisterna
katharsis	katharses
katsuo	katsuo
katsuogi	katsuogi
kawachibuna	kawachibuna
kawazugake	kawazugake
kbaud	kbaud
kbp	kbp
kbps	kbps
kebabche	kebabcheta
kedani	kedani
keelboatman	keelboatmen
keelman	keelmen
keeshond	keeshonden
keishi	keishi
keiyodoshi	keiyodoshi
kekaeshi	kekaeshi
kellion	kellia
kemono	kemono
kemonomimi	kemonomimi
ken	kenim
kendōka	kendōka
kennelman	kennelmen
kennelwoman	kennelwomen
kenosis	kenoses
kepstrum	kepstra
keramidium	keramidia
keratocytosis	keratocytoses
keratomileusis	keratomileuses
keratoprosthesis	keratoprostheses
keratosis	keratoses
kererū	kererū
kermes	kermes
kernos	kernoi
kerugma	kerugmata
kerykeion	kerykeia
keso	keso
ketaguri	ketaguri
ketoacidosis	ketoacidoses
ketosis	ketoses
kettleman	kettlemen
keyman	keymen
kezayit	kezeytim
kgal	kgal
kgosana	dikgosana
khoinix	khoinikes
khoums	khoums
khous	khoes
khur	khur
kiasi	kiasi
kiasu	kiasu
kibbutz	kibbutzim
kibbutznik	kibbutznikim
kibinago	kibinago
kichel	kichlach
kickshaws	kickshaws
kidsman	kidsmen
kifu	kifu
kigaku	kigaku
kigo	kigo
kigu	kigu
kigurumi	kigurumi
kijichon	kijichon
kikumon	kikumon
kikwembe	kikwembe
kikyo	kikyo
kikyou	kikyou
kilij	kilijes
kilil	kililoch
kilnman	kilnmen
kilobaud	kilobaud
kilofoot	kilofeet
kilohertz	kilohertz
kilolux	kilolux
kimarite	kimarite
kimedashi	kimedashi
kimetaoshi	kimetaoshi
kinaesthesis	kinaestheses
kinchaku	kinchaku
kinesioneurosis	kinesioneuroses
kinesis	kineses
kinestasis	kinestases
kinesthesis	kinestheses
kingsman	kingsmen
kinjite	kinjite
kinnah	kinnot
kinocentrum	kinocentra
kinocilium	kinocilia
kinorhynch	kinorhynchs
kinsman	kinsmen
kinswoman	kinswomen
kinyan	kinyanim
kinæsthesis	kinæstheses
kip	kip
kirikaeshi	kirikaeshi
kirkman	kirkmen
kismesis	kismeses
kissa	kissa
kitakitsune	kitakitsune
kitchenman	kitchenmen
kite	kite
kitsune	kitsune
kittentails	kittentails
kiwi	kiwi
kiwifruit	kiwifruit
kiwikiwi	kiwikiwi
kiyomi	kiyomi
kkoktu	kkoktu
kkwaenggwari	kkwaenggwari
klackers	klackers
klansman	klansmen
klanswoman	klanswomen
klar	klar
klatsch	klatschs
kleestengel	kleestengel
kleptocnida	kleptocnidae
kleros	kleroi
kleroterion	kleroteria
kletterschuh	kletterschuhe
klewang	klewang
klipdas	klipdasses
klismos	klismoi
kloyz	kloyzn
kly	klys
kmph	kmph
knife	knives
knifeman	knifemen
knifesman	knifesmen
knifewoman	knifewomen
knivesman	knivesmen
knoppern	knoppern
knowledg	knowledges
knucklenuts	knucklenuts
ko	ko
koaro	koaro
koauau	koauau
koban	koban
kobocha	kobocha
kobyz	kobyz
kochliarion	kochliaria
kodama	kodama
koekchuch	koekchuchs
kofer	kofrim
kohein	kohanim
koi	koi
koinobori	koinobori
koinon	koina
kokuji	kokuji
kolbassi	kolbassi
kolbasy	kolbasys
komainu	komainu
komatasukui	komatasukui
komboskini	komboskini
kommos	kommoi
komusubi	komusubi
konbini	konbini
kondakarion	kondakaria
kondakion	kondakia
koniocortex	koniocortices
kono	kono
konshugo	konshugo
kontakarion	kontakaria
kontakion	kontakia
kopdoek	kopdoeke
kopis	kopides
kore	korai
korokke	korokke
korrigan	korrigan
koruna	korun
korymbos	korymboi
koshikudake	koshikudake
koshinage	koshinage
kotatsu	kotatsu
kotehineri	kotehineri
kotenage	kotenage
kothornos	kothornoi
kotlet	kotlety
kotleta	kotlety
kotyliskos	kotyliskoi
kotylos	kotyloi
koukoulion	koukoulia
koulouri	koulouria
koumbaros	koumbaroi
kouros	kouroi
kourotrophos	kourotrophoi
kozunak	kozunaci
kph	kph
kpm	kpm
krama	krama
kransekage	kransekager
kraurosis	krauroses
krill	krill
kringla	kringla
kriophoros	kriophoroi
krobylos	krobyloi
kromesky	kromeskys
krona	kronor
krone	kroner
kroon	krooni
kroppkaka	kroppkakor
kror	kror
krore	krore
krotalum	krotala
krouzek	krouzky
kroužek	kroužky
kruidnoot	kruidnoten
króna	krónur
kuai	kuai
kubihineri	kubihineri
kubinage	kubinage
kueh	kueh
kuih	kuih
kulich	kulichi
kumera	kumera
kunai	kunai
kunokephalos	kunokephaloi
kupuna	na kupuna
kuromaku	kuromaku
kurtosis	kurtoses
kurus	kurus
kusarigama	kusarigama
kushtaka	kushtaka
kuudere	kuudere
kuvasz	kuvasz
kwacha	kwacha
kwai	kwai
kwazoku	kwazoku
kwerekwere	amakwerekwere
kyabajo	kyabajo
kyabakura	kyabakura
kyathos	kyathoi
kyklos	kykloi
kylix	kylikes
kyodai	kyodai
kyogen	kyogen
kyphoscoliosis	kyphoscolioses
kyphosis	kyphoses
kyōgen	kyōgen
kós	kósses
labarum	labara
labellum	labella
labium	labia
laboratorium	laboratoria
labrys	labryes
labyrinthitis	labyrinthites
laceman	lacemen
lacertus	lacerti
lacewoman	lacewomen
laceworks	laceworks
lacinia	laciniae
lacinula	lacinulae
laconicum	laconica
lactacidosis	lactacidoses
lactarium	lactaria
lactobacillus	lactobacilli
lactobacterium	lactobacteria
lactococcosis	lactococcoses
lactococcus	lactococci
lacuna	lacunae
ladderman	laddermen
lademan	lademen
ladies	ladies
ladleman	ladlemen
laesura	laesurae
lagenlook	lagenlook
lagerstätte	lagerstätten
lagoena	lagoenae
lagona	lagonae
lagopus	lagopodes
lakaina	lakainai
laloneurosis	laloneuroses
lamassu	lamassu
lambliasis	lambliases
lamdan	lamdanim
lamellibranch	lamellibranchs
lamellipodium	lamellipodia
lamellula	lamellulae
lamina	laminae
laminapophysis	laminapophyses
lampadarios	lampadarioi
lampadarius	lampadarii
lampfish	lampfish
lampman	lampmen
lampuka	lampuki
lanceman	lancemen
lancers	lancers
lancetfish	lancetfish
landdros	landdroste
landfish	landfish
landfowl	landfowl
landman	landmen
landperson	landpeople
landsman	landsmen
langos	langos
lanjiao	lanjiao
lanternfish	lanternfish
lanternman	lanternmen
lantzman	lantzmen
lanx	lances
lanzon	lanzones
laoshi	laoshi
lapillo	lapilli
lapillus	lapilli
laplas	laplas
lapsus	lapsus
laquearius	laquearii
laqueus	laquei
lararium	lararia
lari	lari
larnax	larnakes
larrakitj	larrakitj
larryman	larrymen
larva	larvae
larvarium	larvaria
laryngitis	laryngites
laryngopharyngitis	laryngopharyngitides
laryngopharynx	laryngopharynges
laryngostenosis	laryngostenoses
laryngotrachea	laryngotracheae
larynx	larynges
latchman	latchmen
latebra	latebrae
lateropronotum	lateropronota
lates	lates
latex	latices
latheman	lathemen
lathesman	lathesmen
latibulum	latibula
latifundium	latifundia
latissimus	latissimi
lats	lati
latticino	latticini
latus	latera
launchman	launchmen
laundryman	laundrymen
laundrywoman	laundrywomen
launeddas	launeddas
lawman	lawmen
lawrightman	lawrightmen
lawwoman	lawwomen
layby	laybys
layman	laymen
layperson	laypeople
laywoman	laywomen
lazybones	lazybones
lazyboots	lazyboots
lazzo	lazzi
leaderman	leadermen
leadfoot	leadfeet
leadman	leadmen
leadsman	leadsmen
leadworks	leadworks
leaf	leaves
leatherman	leathermen
leatherperson	leatherpeople
leatherwoman	leatherwomen
leatherworks	leatherworks
lebensraum	lebensräume
lebes	lebetes
lebkuchen	lebkuchen
lech	lechs
lecythion	lecythia
lecythus	lecythi
lede	lede
ledgerman	ledgermen
leed	lede
leetman	leetmen
legalman	legalmen
legendarium	legendaria
legionellosis	legionelloses
legman	legmen
leiomyomatosis	leiomyomatoses
leishmaniasis	leishmaniases
lekythion	lekythia
lekythos	lekythoi
lekythus	lekythi
lengthman	lengthmen
lengthsman	lengthsmen
lenis	lenes
lenj	lenjes
lenos	lenoi
lensman	lensmen
lenswoman	lenswomen
lenticella	lenticellae
lenticularis	lenticularis
leod	leod
lepanthium	lepanthia
lepidotrich	lepidotrichs
lepidotrichium	lepidotrichia
leptocephalus	leptocephali
leptocystidium	leptocystidia
leptoma	leptomata
leptomeningitis	leptomeningitides
leptomeninx	leptomeninges
lepton	lepta
leptospirosis	leptospiroses
leptosporangium	leptosporangia
lethech	lethechs
letterman	lettermen
letterwoman	letterwomen
leu	lei
leucocytosis	leucocytoses
leucopheresis	leucophereses
leucorrhœa	leucorrhœæ
leucosis	leucoses
leukapheresis	leukaphereses
leukemogenesis	leukemogeneses
leukoaraiosis	leukoaraioses
leukocytapheresis	leukocytaphereses
leukocytosis	leukocytoses
leukoerythroblastosis	leukoerythroblastoses
leukomelanosis	leukomelanoses
leukopheresis	leukophereses
leukopoiesis	leukopoieses
leukosis	leukoses
lev	leva
levalto	levaltoes
levator	levatores
levelman	levelmen
leverman	levermen
levoscoliosis	levoscolioses
lex	leges
lexiarch	lexiarchs
lexicon	lexica
lexicosemantics	lexicosemantics
lez	lezzes
lezh	lezhes
lf	lvs
li	li
liang	liang
libbra	libbre
libeccio	libecci
liber	libri
librarius	librarii
librigena	librigenae
lichanos	lichanoi
lied	lieder
liegeman	liegemen
liegewoman	liegewomen
lien	lienes
lienculus	lienculi
liensman	liensmen
life	lives
lifeboatman	lifeboatmen
lifeboatsman	lifeboatsmen
lifeguardsman	lifeguardsmen
liftman	liftmen
lighterman	lightermen
lighthouseman	lighthousemen
lightman	lightmen
lightskirts	lightskirts
lightsman	lightsmen
likuta	makuta
limbidium	limbidia
limeman	limemen
limeraiku	limeraiku
limes	limites
limeworks	limeworks
lincolnensis	lincolnenses
lindy	lindys
lineman	linemen
linesman	linesmen
linesperson	linespeople
lineswoman	lineswomen
linewoman	linewomen
lingua	linguae
lingualis	linguales
linkman	linkmen
links	links
linksman	linksmen
linkswoman	linkswomen
lionfish	lionfish
lipa	lipa
lipidosis	lipidoses
lipochondrium	lipochondria
lipofibrohyalinosis	lipofibrohyalinoses
lipofuscinosis	lipofuscinoses
lipogenesis	lipogeneses
lipohemarthrosis	lipohemarthroses
lipolysis	lipolyses
liponecrosis	liponecroses
lipoproteinosis	lipoproteinoses
liquidus	liquidi
lira	lire
lirella	lirellae
liripipium	liripipia
lis	lisses
lishenets	lishenets
listeria	listeria
listeriosis	listerioses
listhesis	listheses
litas	litai
literata	literatae
literato	literati
literatus	literati
lithiasis	lithiases
lithofacies	lithofacies
lithokelyphopedion	lithokelyphopedia
lithopaedion	lithopaedia
lithophysa	lithophysae
lithophyton	lithophyta
lithops	lithops
lithopædion	lithopædia
lithp	lithpth
lithsman	lithsmen
litotes	litotes
litura	liturae
lituus	litui
liveryman	liverymen
liverywoman	liverywomen
lizardfolk	lizardfolk
lizardman	lizardmen
loadsman	loadsmen
loaf	loaves
lobbyman	lobbymen
lobopodium	lobopodia
lobsterman	lobstermen
lobsterwoman	lobsterwomen
lobula	lobulae
lobulus	lobuli
lobus	lobi
locellus	locelli
loch	lochs
lochage	lochagoi
lochus	lochi
lockerman	lockermen
lockman	lockmen
locksman	locksmen
locoman	locomen
locomotiveman	locomotivemen
loculus	loculi
locum	loca
locus	loci
locusta	locustae
lodesman	lodesmen
lodgeman	lodgemen
lodicula	lodiculae
loftsman	loftsmen
logion	logia
logman	logmen
logomach	logomachs
logos	logoi
logseries	logseries
lohoch	lohochs
longa	longae
longboatman	longboatmen
longbowman	longbowmen
longbowsman	longbowsmen
longissimus	longissimi
longlegs	longlegs
longshanks	longshanks
longshoreman	longshoremen
longshorewoman	longshorewomen
longshucks	longshucks
longus	longi
longways	longways
longyi	longyi
loomworks	loomworks
loong	loong
loosey	loosies
lophobranch	lophobranchs
lophosteon	lophostea
lorarius	lorarii
lordoscoliosis	lordoscolioses
lordosis	lordoses
loresman	loresmen
lorryman	lorrymen
losse	lossem
loteby	lotebyes
loti	loti
louis	louis
loukoumas	loukoumades
louse	lice
loutrophoros	loutrophoroi
lovechild	lovechildren
lovekins	lovekins
loverman	lovermen
lowerclassman	lowerclassmen
lubfish	lubfish
ludibrium	ludibria
ludus	ludi
luftgeschaeft	luftgeschaeft
luftmensch	luftmenschen
luigino	luigini
lujvo	lujvo
lumberman	lumbermen
lumberwoman	lumberwomen
lumbricalis	lumbricales
lumbus	lumbi
lumpenbourgeois	lumpenbourgeois
lumpia	lumpia
lumpman	lumpmen
luna	luna
lungfish	lungfish
lunula	lunulae
lurgi	lurgies
lurkman	lurkmen
lurryman	lurrymen
lustrum	lustra
lutefish	lutefish
luteum	lutea
lux	lux
ly	lys
lyfe	lyves
lykoi	lykoi
lymphadenectasis	lymphadenectases
lymphadenitis	lymphadenitides
lymphadenosis	lymphadenoses
lymphangioleiomyomatosis	lymphangioleiomyomatoses
lymphangiomyomatosis	lymphangiomyomatoses
lymphangitis	lymphangitides
lymphocytapheresis	lymphocytaphereses
lymphocytosis	lymphocytoses
lymphoepithelium	lymphoepithelia
lymphoglandula	lymphoglandulae
lymphohistiocytosis	lymphohistiocytoses
lymphoma	lymphomata
lymphomagenesis	lymphomageneses
lymphomatosis	lymphomatoses
lymphonodus	lymphonodi
lymphopoiesis	lymphopoieses
lymphœdema	lymphœdemata
lynchman	lynchmen
lynx	lynx
lyreman	lyremen
lytta	lyttae
lóng	lóng
maamar	maamarim
mabinogi	mabinogi
maceman	macemen
macheteman	machetemen
machimos	machimoi
machinatrix	machinatrices
machineman	machinemen
machloket	machlokot
machoman	machomen
mackerel	mackerel
macroalga	macroalgae
macroanalysis	macroanalyses
macrobacterium	macrobacteria
macrochaeta	macrochaetae
macrocilium	macrocilia
macroclitoris	macroclitorides
macrococcus	macrococci
macroconch	macroconchs
macroconidium	macroconidia
macrocytosis	macrocytoses
macroembolus	macroemboli
macrofauna	macrofaunae
macrofilaria	macrofilariae
macroflora	macroflorae
macrofungus	macrofungi
macrogliosis	macroglioses
macroglomerulus	macroglomeruli
macrogonidium	macrogonidia
macrometastasis	macrometastases
macronucleus	macronuclei
macrophenomenon	macrophenomena
macrophylum	macrophyla
macropinocytosis	macropinocytoses
macroplasmodium	macroplasmodia
macroseta	macrosetae
macrospecies	macrospecies
macrosporangium	macrosporangia
macrothrombosis	macrothromboses
macrothrombus	macrothrombi
macrotrichium	macrotrichia
macrovibrissa	macrovibrissae
macrovillus	macrovilli
macrozoogonidium	macrozoogonidia
madchild	madchildren
madda	madda
madman	madmen
madrich	madrichim
madrigaletto	madrigaletti
madrih	madrihim
madumbi	madumbies
madwoman	madwomen
maegashira	maegashira
maezumo	maezumo
maftir	maftirim
mage	magi
magenstrasse	magenstrassen
magewoman	magewomen
magnafacies	magnafacies
magnetarch	magnetarchs
magnetophoresis	magnetophoreses
magsman	magsmen
magus	magi
mahboob	mahboob
mahobohobo	mahobohobo
mahpach	mahpachs
maidan	Maidans
maidchild	maidchildren
mailman	mailmen
mailwoman	mailwomen
mainmastman	mainmastmen
mains	mains
maintopman	maintopmen
majokko	majokko
maki	maki
makiotoshi	makiotoshi
makisu	makisu
makowiec	makowce
makunouchi	makunouchi
makurakotoba	makurakotoba
mala	malae
malacocoenosis	malacocoenoses
malewife	malewives
malleolus	malleoli
malletman	malletmen
malleus	mallei
maltman	maltmen
mamarazzi	mamarazzi
mamilla	mamillae
mamma	mammae
mammatocumulus	mammatocumuli
mammatus	mammati
mammilla	mammillae
mammitis	mammitides
mampoer	mampoer
mamushi	mamushi
man	men
manca	mancae
manchild	manchildren
mancosus	mancosi
mandarinfish	mandarinfish
mandibula	mandibulae
mandoo	mandoo
mandriarch	mandriarchs
mandu	mandu
manga	manga
mangan	mangan
mangas	manges
mangleman	manglemen
mango	mangoes
mangwa	mangwa
manime	manime
manini	manini
maniplies	maniplies
manipulandum	manipulanda
manju	manju
manjū	manjū
mannosidosis	mannosidoses
mantelshelf	mantelshelves
manti	manti
mantinada	mantinades
mantou	mantou
manubrium	manubria
manus	manus
manutergium	manutergia
manyplies	manyplies
mapach	mapachs
marchman	marchmen
mare	maria
marginale	marginalia
marginalium	marginalia
margo	margines
mariengroschen	mariengroschen
maritonucleus	maritonuclei
maritozzo	maritozzi
mark	mark
marketman	marketmen
markman	markmen
marksman	marksmen
markswoman	markswomen
marlin	marlin
marmorkrebs	marmorkrebs
marshman	marshmen
marsipobranch	marsipobranchs
marteau	marteaux
martech	martechs
martinus	martini
martyrion	martyria
martyrologium	martyrologia
mary	marys
mas	mas
masculonucleus	masculonuclei
mashgiach	mashgiachs
mashuku	mashuku
maskil	maskilim
maskinonge	maskinonge
masman	masmen
massebah	massebot
massula	massulae
mastercraftsman	mastercraftsmen
masterman	mastermen
masters	masters
mastich	mastichs
mastitis	mastitides
mastman	mastmen
mastocyotosis	mastocyotoses
mastocytosis	mastocytoses
mastoiditis	mastoiditides
mastos	mastoi
masturbatrix	masturbatrices
masu	masu
matchlockman	matchlockmen
materialman	materialmen
mathemaku	mathemaku
mathesis	matheses
matman	matmen
matriarch	matriarchs
matrix	matrices
matronaeum	matronaea
matroneum	matronea
matsu	matsu
matza	matzot
matzah	matzot
matzoh	matzos
mawashi	mawashi
maxilla	maxillae
maxillula	maxillulae
maxima	maximae
maximum	maxima
maxiseries	maxiseries
mayfish	mayfish
mazaedium	mazaedia
mazedium	mazedia
mazhanje	mazhanje
mbsf	mbsf
mc	mc
mcm	mcm
mealful	mealsful
mealman	mealmen
meandros	meandroi
means	means
meatloaf	meatloaves
meatman	meatmen
meatus	meatus
meatworks	meatworks
mech	mechs
mechanosensillum	mechanosensilla
mechanostimulus	mechanostimuli
mechanosynthesis	mechanosyntheses
mechutan	mechutanim
meconidium	meconidia
media	media
mediakin	mediakin
mediastinum	mediastina
mediatrix	mediatrices
medicornu	medicornua
medifurca	medifurcae
medimnos	medimnoi
medimnus	medimnes
mediostratum	mediostrata
medium	media
medius	medii
medtech	medtechs
meemies	the meemies
megabacterium	megabacteria
megabaud	megabaud
megacoccus	megacocci
megaflops	megaflops
megafoot	megafeet
megagauss	megagauss
megahenry	megahenrys
megahero	megaheroes
megahertz	megahertz
megakaryocytopoiesis	megakaryocytopoieses
megakaryocytosis	megakaryocytoses
megakaryopoiesis	megakaryopoieses
megaloblastosis	megaloblastoses
megalopsychos	megalopsychoi
megalospermatogonium	megalospermatogonia
megaman	megamen
megamillennium	megamillennia
megamitochondrion	megamitochondria
meganekko	meganekko
meganucleus	meganuclei
megaplankton	megaplankton
megaprosthesis	megaprostheses
megaron	megara
megaseries	megaseries
megasiemens	megasiemens
megasporangium	megasporangia
megasporogenesis	megasporogeneses
megastrobilus	megastrobili
megawoman	megawomen
meibutsu	meibutsu
meid	meide
meido	meido
meijin	meijin
meiosis	meioses
meiosporangium	meiosporangia
melakhah	melakhot
melamed	melamdim
melanocytosis	melanocytoses
melanogenesis	melanogeneses
melanosis	melanoses
mele	mele
melidectes	melidectes
meliorbiosis	meliorbioses
melopoeia	melopoeiae
membrana	membranae
membranella	membranellae
memorabile	memorabilia
menahel	menahelim
menaion	menaia
menaulion	menaulia
menhadden	menhadden
menhaden	menhaden
meningioencephalitis	meningioencephalites
meningiomatosis	meningiomatoses
meningiosis	meningioses
meningitis	meningitides
meningococcus	meningococci
meningoencephalitis	meningoencephalitides
meningoventriculitis	meningoventriculitides
meninx	meninges
menobranch	menobranchs
menobranchus	menobranchi
menorah	menoroth
menpo	menpo
menqach	menqachs
mensa	mensae
mentalis	mentales
mentrix	mentrices
mentsch	mentschen
mentsh	mentshen
mentum	menta
mephato	mephato
meraspis	meraspides
merchantman	merchantmen
merchantwoman	merchantwomen
merchild	merchildren
meresman	meresmen
meretrix	meretrices
mericarpium	mericarpia
merisis	merises
merithallus	merithalli
merluce	merluce
merman	mermen
mermouse	mermice
meroplasmodium	meroplasmodia
meros	meroi
merosporangium	merosporangia
merryman	merrymen
merswine	merswine
merus	meri
merveilleux	merveilleux
merwife	merwives
merwolf	merwolves
merwoman	merwomen
mesanepisternum	mesanepisterna
mesangium	mesangia
mesenterium	mesenteria
mesenteron	mesentera
mesepisternum	mesepisterna
meshorer	meshorerim
meshulach	meshulachim
mesoadenohypophysis	mesoadenohypophyses
mesoanalysis	mesoanalyses
mesoarium	mesoaria
mesobronchium	mesobronchia
mesobronchus	mesobronchi
mesocarpium	mesocarpia
mesocerebrum	mesocerebra
mesocoxa	mesocoxae
mesoduodenum	mesoduodena
mesoepithelium	mesoepithelia
mesofauna	mesofaunae
mesofemur	mesofemora
mesofurca	mesofurcae
mesogastrium	mesogastria
mesometrium	mesometria
mesonephros	mesonephroi
mesonotum	mesonota
mesopallium	mesopallia
mesoperidium	mesoperidia
mesophalanx	mesophalanges
mesophyllum	mesophylla
mesoplankton	mesoplankton
mesoplastron	mesoplastra
mesopleuron	mesopleura
mesopodium	mesopodia
mesopterygium	mesopterygia
mesorah	mesorot
mesorchium	mesorchia
mesorhizobium	mesorhizobia
mesosalpinx	mesosalpinges
mesoscapula	mesoscapulae
mesoscutellum	mesoscutella
mesoscutum	mesoscuta
mesosternum	mesosterna
mesostich	mesostichs
mesotarsus	mesotarsi
mesotheca	mesothecae
mesothelium	mesothelia
mesotibia	mesotibiae
mesovarium	mesovaria
mesovortex	mesovortices
mesugaki	mesugaki
metaanalysis	metaanalyses
metabacterium	metabacteria
metabasidium	metabasidia
metabasis	metabases
metacarpus	metacarpi
metachondromatosis	metachondromatoses
metacingulum	metacingula
metacorpus	metacorpora
metacoxa	metacoxae
metacrisis	metacrises
metacriterion	metacriteria
metacromion	metacromia
metadatum	metadata
metadiaphysis	metadiaphyses
metaepiphysis	metaepiphyses
metafemur	metafemora
metafurca	metafurcae
metagenesis	metageneses
metalammonium	metalammonia
metalepsis	metalepses
metallogenesis	metallogeneses
metalman	metalmen
metalworks	metalworks
metamorphosis	metamorphoses
metanalysis	metanalyses
metanauplius	metanauplii
metanephridium	metanephridia
metanephros	metanephroi
metanotum	metanota
metaparapteron	metaparaptera
metapeltidium	metapeltidia
metaphasis	metaphases
metaphenomenon	metaphenomena
metaphragma	metaphragmata
metaphysics	metaphysics
metaphysis	metaphyses
metapleuron	metapleura
metapodiale	metapodialia
metapodium	metapodia
metapophysis	metapophyses
metapostnotum	metapostnota
metaprotaspis	metaprotaspides
metapterygium	metapterygia
metascutellum	metascutella
metascutum	metascuta
metaseries	metaseries
metastasis	metastases
metasternum	metasterna
metastomium	metastomia
metasynthesis	metasyntheses
metatarsus	metatarsi
metathalamus	metathalami
metatheca	metathecae
metathesaurus	metathesauri
metathesis	metatheses
metatibia	metatibiae
metazoan	metazoa
metazoon	metazoa
metempsychosis	metempsychoses
metensomatosis	metensomatoses
meterman	metermen
methanobacterium	methanobacteria
methanococcus	methanococci
methoxy	methoxys
methylazoxy	methylazoxys
methyloxy	methyloxys
metinfraepisternum	metinfraepisterna
metis	metis
metochion	metochia
metodichka	metodichki
metosteon	metostea
metra	metrae
metretes	metretai
metriopatheia	metriopatheiai
metritis	metritides
metron	metra
metsubushi	metsubushi
metula	metulae
metœcus	metœci
mews	mews
mezuman	mezumanim
micella	micellae
michiyuki	michiyuki
michman	michmen
mici	mici
microalga	microalgae
microanalysis	microanalyses
microanastomosis	microanastomoses
microatelectasis	microatelectases
microbacillus	microbacilli
microbacterium	microbacteria
microbiocenosis	microbiocenoses
microbium	microbia
microbusinessman	microbusinessmen
microchaeta	microchaetae
micrococcus	micrococci
microcomedo	microcomedones
microconch	microconchs
microconidium	microconidia
microconsortium	microconsortia
microcosmos	microcosmoi
microdialysis	microdialyses
microelectrophoresis	microelectrophoreses
microembolus	microemboli
microfacies	microfacies
microfauna	microfaunae
microfibrosis	microfibroses
microfilaria	microfilariae
microflora	microflorae
microfocus	microfoci
microforceps	microforceps
microfungus	microfungi
microg	microg
microgauss	microgauss
microgenesis	microgeneses
microgliosis	microglioses
microglomerulus	microglomeruli
microgonidium	microgonidia
microgyrus	microgyri
microhelix	microhelices
microhenry	microhenrys
microhertz	microhertz
microiontophoresis	microiontophoreses
microjansky	microjanskys
microknife	microknives
microlife	microlives
microlithiasis	microlithiases
micrometazoan	micrometazoa
micromouse	micromice
micronecrosis	micronecroses
micronekton	micronekton
micronova	micronovae
micronucleus	micronuclei
micropapilla	micropapillae
microphenomenon	microphenomena
microplasmodium	microplasmodia
microplica	microplicae
micropolyhedron	micropolyhedra
micropsychosis	micropsychoses
microrefugium	microrefugia
microsclerotium	microsclerotia
microseta	microsetae
microsheep	microsheep
microsiemens	microsiemens
microsoma	microsomata
microspecies	microspecies
microsporangium	microsporangia
microsporidiosis	microsporidioses
microsporidium	microsporidia
microsporosis	microsporoses
microstimulus	microstimuli
microstrobilus	microstrobili
microswine	microswine
microsyneresis	microsynereses
microthromboembolus	microthromboemboli
microthrombosis	microthromboses
microthrombus	microthrombi
microtrabecula	microtrabeculae
microtrichium	microtrichia
microtrix	microtriches
microvibrissa	microvibrissae
microvillus	microvilli
microvortex	microvortices
microzoogonidium	microzoogonidia
midbowman	midbowmen
midcalf	midcalves
midcingulum	midcinguli
middah	middos
middleman	middlemen
middlewoman	middlewomen
midforceps	midforceps
midlife	midlives
midman	midmen
midmyocardium	midmyocardia
midrash	midrashim
midshipman	midshipmen
midshipwoman	midshipwomen
midstratum	midstrata
midwife	midwives
midwoman	midwomen
miesies	miesies
mil	mil
milieu	milieux
military	military
militiaman	militiamen
militiawoman	militiawomen
milium	milia
milkman	milkmen
milkwoman	milkwomen
mill	mill
millenium	millenia
millennia	millennia
millennium	millennia
millidarcy	millidarcys
millihenry	millihenrys
millihertz	millihertz
millijansky	millijanskys
millilux	millilux
millionennium	millionennia
millionfish	millionfish
millisiemens	millisiemens
millistokes	millistokes
millman	millmen
millreis	millreis
milreis	milreis
mimesis	mimeses
mimiambus	mimiambi
minecraft	minecraft
minga	minga
minicrisis	minicrises
minielectrophoresis	minielectrophoreses
minifundium	minifundia
minigarch	minigarchs
minilocus	miniloci
minimum	minima
minimus	minimi
miniseries	miniseries
ministerialis	ministeriales
mink	mink
mino	mino
mintaqah	manatiq
mintman	mintmen
minuteman	minutemen
minutesworth	minutesworth
minutia	minutiae
minyan	minyanim
minyen	minyonim
minyon	minyonim
miosis	mioses
miqweh	miqwot
mirach	mirachs
miracidium	miracidia
mirepoix	mirepoix
misanalysis	misanalyses
misbegotten	misbegotten
miscellanea	miscellanea
miscellaneum	miscellanea
misdiagnosis	misdiagnoses
misemphasis	misemphases
miseryguts	miseryguts
misgo	misgoes
misnaged	misnagdim
misozuke	misozuke
misr	amsar
missileman	missilemen
mithai	mithai
mithan	mithan
mithun	mithun
mititei	mititei
mitnaged	mitnagdim
mitochondria	mitochondria
mitochondrion	mitochondria
mitogenesis	mitogeneses
mitosis	mitoses
mitpachat	mitpachot
mitpallel	mitpallelim
mitsumata	mitsumata
mitzva	mitzvot
mixoplankton	mixoplankton
mizenkei	mizenkei
mizzentopman	mizzentopmen
mkhare	mkharebi
ml	ml
mnaeion	mnaeia
moa	moa
moai	moai
mobsman	mobsmen
moderatrix	moderatrices
modiolus	modioli
modius	modii
modulus	moduli
modus	modi
moka	moka
mokkan	mokkan
molecula	moleculae
moloch	molochs
molybdolysis	molybdolyses
mommykins	mommykins
moms	moms
monarch	monarchs
money	monies
moneybags	moneybags
moneyman	moneymen
moniliasis	moniliases
monitrix	monitrices
monkfish	monkfish
monme	monme
monocephalus	monocephali
monochasium	monochasia
monocilium	monocilia
monocytopoiesis	monocytopoieses
monocytosis	monocytoses
monogenesis	monogeneses
monohedron	monohedra
monomino	monominoes
mononucleosis	mononucleoses
monoparesis	monopareses
monophrasis	monophrases
monophylum	monophyla
monopteron	monoptera
monopteros	monopteroi
monorchis	monorchides
monosporangium	monosporangia
monostich	monostichs
monotroch	monotrochs
mons	montes
monthsman	monthsmen
monticulus	monticuli
monyplies	monyplies
mookuthi	mookuthi
mooncalf	mooncalves
moonchild	moonchildren
mooncraft	mooncraft
moonfish	moonfish
moonman	moonmen
moorfowl	moorfowl
moorman	moormen
moorsman	moorsmen
moose	moose
mootman	mootmen
mophato	mephato
mora	morae
morgen	morgen
morosis	moroses
morphallaxis	morphallaxes
morphogenesis	morphogeneses
morphogenus	morphogenera
morphosis	morphoses
morphospecies	morphospecies
morphotaxon	morphotaxa
mortarium	mortaria
mortarman	mortarmen
mortichnium	mortichnia
mos	mores
moshava	moshavot
mosquito	mosquitoes
motherkins	motherkins
motlopi	motlopi
motorboatman	motorboatmen
motorcabman	motorcabmen
motorman	motormen
motorsportsman	motorsportsmen
motshelo	metshelo
moundsman	moundsmen
mouse	mice
mousseux	mousseux
moyai	moyai
moʻolelo	moʻolelo
mph	mph
mphps	mphps
mps	mps
mr	mr
ms	mss
msec	msec
mtx	mtxs
mu	mu
mucinosis	mucinoses
mucolipidosis	mucolipidoses
mucoperichondrium	mucoperichondria
mucopolysaccharidosis	mucopolysaccharidoses
mucormycosis	mucormycoses
mucosa	mucosae
mucositis	mucositides
mucus	muci
mudalia	mudalia
mudansha	mudansha
mudiriyah	mudiriyat
mudman	mudmen
muhajir	muhajireen
mujahed	mujahedeen
mujahid	mujahideen
mujina	mujina
muke	muke
mukhwas	mukhwas
mukkutti	mukkutti
mulatto	mulattoes
muleman	mulemen
mullato	mullatoes
multi	multies
multifidus	multifidi
multivibrissa	multivibrissae
mumak	mumakil
mumian	mumian
mummykins	mummykins
municipalidad	municipalidades
municipium	municipia
muoctahedron	muoctahedra
murus	muri
musca	muscae
muscatorium	muscatoria
muscleman	musclemen
musclewoman	musclewomen
musculodystrophy	musculodystrophys
musculus	musculi
musketman	musketmen
muskox	muskoxen
musou	musou
musqueto	musquetoes
musubi	musubi
mutagenesis	mutageneses
mutandum	mutanda
mutasynthesis	mutasyntheses
mutawa	mutaween
mutawwa	mutaween
mutetrahedron	mutetrahedra
muttawa	muttaween
muttonfish	muttonfish
muwashshah	muwashshahat
mv	mv
mxn	mxn
myasis	myases
mycangium	mycangia
mycelium	mycelia
mycobacteriosis	mycobacterioses
mycobacterium	mycobacteria
mycocecidium	mycocecidia
mycoderma	mycodermata
mycoflora	mycoflorae
mycophycobiosis	mycophycobioses
mycoplankton	mycoplankton
mycoplasmosis	mycoplasmoses
mycosis	mycoses
mycotoxicosis	mycotoxicoses
mydriasis	mydriases
myelencephalon	myelencephala
myelitis	myelites
myelocytomatosis	myelocytomatoses
myelofibrosis	myelofibroses
myelomatosis	myelomatoses
myiasis	myiases
mylohyoideus	mylohyoidei
myocarditis	myocardites
myoclonus	myocloni
myodesis	myodeses
myoendothelium	myoendothelia
myofasciitis	myofasciites
myofibromatosis	myofibromatoses
myofibrosis	myofibroses
myogelosis	myogeloses
myolemma	myolemmata
myolysis	myolyses
myometritis	endometritides
myometrium	myometria
myonecrosis	myonecroses
myonucleus	myonuclei
myopodium	myopodia
myopsis	myopses
myosclerosis	myoscleroses
myoseki	myoseki
myoseptum	myosepta
myosis	myoses
myositis	myositides
myostracum	myostraca
myoushu	myoushu
myriarch	myriarchs
myrinx	myringes
myrmecodomatium	myrmecodomatia
myroblytes	myroblytai
myrtetum	myrteta
mystagogus	mystagogi
mysteriarch	mysteriarchs
mysterium	mysteria
mystes	mystae
mythopoesis	mythopoeses
mythopoetics	mythopoetics
mythopoiesis	mythopoieses
mythopœia	mythopœiæ
mythos	mythoi
mythus	mythi
myxoameba	myxoamebae
myxobacterium	myxobacteria
myxozoan	myxozoa
myxœdema	myxœdemata
möngö	möngö
naan	naan
nabman	nabmen
nabs	nabs
naevus	naevi
nafs	nafs
nagaimo	nagaimo
nagewaza	nagewaza
nagid	nagidim
naizuri	naizuri
nakadashi	nakadashi
nalesnik	nalesniki
nalesnyk	nalesnyky
nalewka	nalewki
naleśnik	naleśniki
nalisnik	nalisniki
nalistnik	nalistniki
nalysnyk	nalysnyky
namagashi	namagashi
namahage	namahage
namaycush	namaycush
namus	nawamis
nannandrium	nannandria
nanoanalysis	nanoanalyses
nanobacterium	nanobacteria
nanogauss	nanogauss
nanohertz	nanohertz
nanoleaf	nanoleaves
nanomatrix	nanomatrices
nanophenomenon	nanophenomena
nanopolyhedron	nanopolyhedra
nanori	nanori
nanosiemens	nanosiemens
nanospacecraft	nanospacecraft
nanotorus	nanotori
nanovortex	nanovortices
naqareh	naqarat
narazuke	narazuke
narcoanalysis	narcoanalyses
narcobourgeois	narcobourgeois
narcodolar	narcodolares
narcomedusa	narcomedusae
narcosis	narcoses
narcosynthesis	narcosyntheses
naris	nares
narratrix	narratrices
narrows	narrows
nasalis	nasales
nasnas	nasnas
nasus	nasi
natla	natlot
natriuresis	natriureses
nauclerus	naucleri
nauplius	nauplii
navarch	navarchs
navicula	naviculae
naxar	naxar
nearby	nearbys
nearthrosis	nearthroses
nebari	nebari
nebbich	nebbichs
nebula	nebulae
nebulosus	nebulosi
necktooth	neckteeth
necro	necroes
necrobiosis	necrobioses
necrogranuloma	necrogranulomata
necrolysis	necrolyses
necrophoresis	necrophoreses
necrosis	necroses
nectarium	nectaria
nectocalyx	nectocalyces
neddicky	neddickys
needlefish	needlefish
needleman	needlemen
needlewoman	needlewomen
negatum	negata
negid	negidim
negotiatrix	negotiatrices
negro	negroes
neighborhoodful	neighborhoodsful
neko	neko
nekomimi	nekomimi
nemathecium	nemathecia
nematocalyx	nematocalyces
nemesis	nemeses
neneleau	neneleau
neoangiogenesis	neoangiogeneses
neocerebellum	neocerebella
neocortex	neocortices
neodiagnosis	neodiagnoses
neoehrlichiosis	neoehrlichioses
neoendothelium	neoendothelia
neoepithelium	neoepithelia
neogenesis	neogeneses
neoglucogenesis	neoglucogeneses
neokoros	neokoroi
neopallium	neopallia
neosis	neoses
neospecies	neospecies
neostriatum	neostriata
neosynthesis	neosyntheses
neothalamus	neothalami
neozoan	neozoa
nephesh	nephashoth
nephritis	nephritides
nephroangiosclerosis	nephroangioscleroses
nephrocalcinosis	nephrocalcinoses
nephropyelitis	nephropyelitides
nephropyosis	nephropyoses
nephros	nephros
nephrosclerosis	nephroscleroses
nephrosiderosis	nephrosideroses
nephrosis	nephroses
nephrozoan	nephrozoa
nepman	nepmen
nesidioblastosis	nesidioblastoses
nestohedron	nestohedra
netherhose	netherhose
netherman	nethermen
netman	netmen
netsman	netsmen
nettlefish	nettlefish
neuma	neumae
neurapophysis	neurapophyses
neuraxis	neuraxes
neurepithelium	neurepithelia
neuritis	neuritides
neuroanastomosis	neuroanastomoses
neuroaxis	neuroaxes
neurocentrum	neurocentra
neurochaeta	neurochaetae
neurocranium	neurocrania
neurocysticercosis	neurocysticercoses
neurodermatosis	neurodermatoses
neurodiagnosis	neurodiagnoses
neuroepithelium	neuroepithelia
neurofibromatosis	neurofibromatoses
neuroforamen	neuroforamina
neuroganglion	neuroganglia
neuroglia	neuroglia
neurogliosis	neuroglioses
neurohormesis	neurohormeses
neurohypophysis	neurohypophyses
neuroleptospirosis	neuroleptospiroses
neurolipidosis	neurolipidoses
neuroparalysis	neuroparalyses
neuroparasitosis	neuroparasitoses
neurophakomatosis	neurophakomatoses
neuropodium	neuropodia
neuroprognosis	neuroprognoses
neuroprosthesis	neuroprostheses
neuropsych	neuropsychs
neuropsychosis	neuropsychoses
neuroretinitis	neuroretinitides
neuroschistosomiasis	neuroschistosomiases
neuroseta	neurosetae
neurosis	neuroses
neurosparganosis	neurosparganoses
neurotmesis	neurotmeses
neurotoxocariasis	neurotoxocariases
neurotoxocarosis	neurotoxocaroses
neurotroch	neurotrochs
neurotuberculosis	neurotuberculoses
neurovasculitis	neurovasculitides
neusis	neuses
neutrocytosis	neutrocytoses
nevelah	nevelot
nevus	nevi
newsman	newsmen
newspaperman	newspapermen
newspaperwoman	newspaperwomen
newsreelman	newsreelmen
newswoman	newswomen
nibs	nibs
nichonage	nichonage
nicker	nicker
nidamentum	nidamenta
nidus	nidi
niggerlips	niggerlips
niggerman	niggermen
nightlife	nightlives
nightman	nightmen
nightwatchman	nightwatchmen
nightwatchwoman	nightwatchwomen
nigorobuna	nigorobuna
nigro	nigroes
nigrostriatum	nigrostriata
nikuman	nikuman
nimaigeri	nimaigeri
nimbostratus	nimbostrati
nimbus	nimbi
nimisin	nimisin
ninesies	ninesies
nineties	the nineties
ninja	ninja
ninjato	ninjato
ninjatō	ninjatō
nis	nisses
nishi	nishi
nitrobacterium	nitrobacteria
nitrolysis	nitrolyses
nitrophenoxy	nitrophenoxys
no	noes
nobilissimus	nobilissimi
nobleman	noblemen
noblewoman	noblewomen
nobori	nobori
nocardiosis	nocardioses
noctambulo	noctambuloes
noctiluca	noctilucae
nodachi	nodachi
nodome	nodome
nodulus	noduli
nodus	nodi
noema	noemata
noesis	noeses
nohkan	nohkan
nolt	nolt
nomarch	nomarchs
nomen	nomina
nomikai	nomikai
nominatum	nominata
nomisma	nomismata
nomophylax	nomophylakes
nomos	nomoi
nomothetics	nomothetics
nonahedron	nonahedra
noncactus	noncacti
nonchild	nonchildren
nonclergyman	nonclergymen
noncompos	noncompos
noncrisis	noncrises
noncriterion	noncriteria
nondiagnosis	nondiagnoses
nones	nones
nonfisherman	nonfishermen
nonfreeman	nonfreemen
nonfreshman	nonfreshmen
nongmin	nongmin
nonhero	nonheroes
nonhousewife	nonhousewives
nonictus	nonictus
nonleaf	nonleaves
nonlife	nonlives
nonman	nonmen
nonomino	nonominoes
nonsalesman	nonsalesmen
nonspecies	nonspecies
nonthesis	nontheses
nontribesman	nontribesmen
nonuncium	nonuncia
nonwife	nonwives
nonwoman	nonwomen
nonzero	nonzeroes
noodleman	noodlemen
norito	norito
normovitaminosis	normovitaminoses
nosferatu	nosferatu
noshi	noshi
nosocomium	nosocomia
nostos	nostoi
notaeum	notaea
notandum	notanda
notarium	notaria
notaulix	notaulices
notaulus	notauli
noteum	notea
nothobranch	nothobranchs
nothogenus	nothogenera
nothospecies	nothospecies
nothosubspecies	nothosubspecies
nothotaxon	nothotaxa
notitia	notitiae
notochaeta	notochaetae
notopleuron	notopleura
notopodium	notopodia
notothyrium	notothyria
nototroch	nototrochs
notum	nota
noumenon	noumena
nova	novae
novennium	novennia
nox	noctes
noxa	noxae
nozawana	nozawana
nozzleman	nozzlemen
noêsis	noêses
noësis	noëses
noēsis	noēses
nubecula	nubeculae
nucamentum	nucamenta
nucellus	nucelli
nucha	nuchae
nucleobranch	nucleobranchs
nucleoconch	nucleoconchs
nucleolus	nucleoli
nucleosynthesis	nucleosyntheses
nucleus	nuclei
nuculanium	nuculania
nudibranch	nudibranchs
nudzh	nudzhes
numbfish	numbfish
numbnuts	numbnuts
numen	numina
nummus	nummi
nuncius	nuncii
nuntius	nuntii
nuraghe	nuraghi
nureongi	nureongi
nurseman	nursemen
nurseryman	nurserymen
nurserywoman	nurserywomen
nusach	nusachs
nutloaf	nutloaves
nutrix	nutrices
nutukas	nutukas
nxm	nxm
nychthemeron	nychthemera
nyctalops	nyctalopes
nycthemeron	nycthemera
nygma	nygmata
nympha	nymphae
nymphæum	nymphæa
nzimbu	nzimbu
nævus	nævi
o	oes
oakleaf	oakleaves
oangium	oangia
oarman	oarmen
oarsman	oarsmen
oarswoman	oarswomen
oasis	oases
obake	obake
obeahman	obeahmen
obex	obices
obi	obi
objectrix	objectrices
oblatum	oblata
obligatum	obligata
obliquus	obliqui
oblongum	oblonga
obloquy	obloquies
obolos	oboloi
obolus	oboli
obsequy	obsequies
observandum	observanda
observatorium	observatoria
obturaculum	obturacula
occipitalis	occipitales
occipitofrontalis	occipitofrontales
occiput	occipita
occularium	occularia
ocellus	ocelli
ochlesis	ochleses
ochlospecies	ochlospecies
ochratoxicosis	ochratoxicoses
octadecahedron	octadecahedra
octaeteris	octaeterides
octahedron	octahedra
octahemioctahedron	octahemioctahedra
octakaidecahedron	octakaidecahedra
octastich	octastichs
octateuch	octateuchs
octohedron	octohedra
octomino	octominoes
octonarius	octonarii
octyloxy	octyloxys
ocularium	ocularia
oculus	oculi
odachi	odachi
odalman	odalmen
odango	odango
oddman	oddmen
oddsman	oddsmen
odeion	odeia
odeon	odea
odontobothritis	odontobothrites
odontomach	odontomachs
oecidium	oecidia
oeconomus	oeconomi
oecus	oeci
oenach	oenachs
oesophagogastroanastomosis	oesophagogastroanastomoses
oesophagostomiasis	oesophagostomiases
oesophagus	oesophagi
ofan	ofanim
officina	officinae
offspring	offspring
ogdoastich	ogdoastichs
oichomage	oichomage
oidium	oidia
oikos	oikoi
oiligarch	oiligarchs
oilman	oilmen
oilwoman	oilwomen
oilworks	oilworks
oinokhoe	oinokhoai
oipe	oipe
oiran	oiran
okama	okama
okapi	okapi
okonomiyaki	okonomiyaki
okuriashi	okuriashi
okuridashi	okuridashi
okurigake	okurigake
okurigana	okurigana
okurihikiotoshi	okurihikiotoshi
okurinage	okurinage
okuritaoshi	okuritaoshi
okuritsuridashi	okuritsuridashi
okuritsuriotoshi	okuritsuriotoshi
oldman	oldmen
oldwife	oldwives
oleh	olim
oleocystidium	oleocystidia
oliebol	oliebollen
oligarch	oligarchs
oligoarthritis	oligoarthritides
oligodendroglion	oligodendroglia
oligodendrogliosis	oligodendroglioses
oligometastasis	oligometastases
oligotrich	oligotrichs
olisbos	olisboi
omafiets	omafietsen
omake	omake
omamori	omamori
omata	omata
ombuds	ombuds
ombudsman	ombudsmen
ombudswoman	ombudswomen
omics	omics
omikuji	omikuji
omiyage	omiyage
ommateum	ommatea
ommatidium	ommatidia
omniarch	omniarchs
omnibusman	omnibusmen
omnishambles	omnishambles
omnivoropteryx	omnivoropteryges
omohyoideus	omohyoidei
omosternum	omosterna
omphalitis	omphalites
omphalodium	omphalodia
omphalopagus	omphalopagi
omphalos	omphaloi
omphalus	omphali
omutsu	omutsu
onch	onchs
onchocerciasis	onchocerciases
oncogenesis	oncogeneses
oncolysis	oncolyses
oncomiracidium	oncomiracidia
oncomouse	oncomice
oncostman	oncostmen
ondol	ondol
onesies	onesies
onibi	onibi
onium	onia
onkos	onkoi
only	onlys
ono	ono
onos	onoi
onsen	onsen
ontogenesis	ontogeneses
onychauxis	onychauxes
onychitis	onychitides
onychium	onychia
onychogryphosis	onychogryphoses
onycholysis	onycholyses
onychomycosis	onychomycoses
onychosis	onychoses
oocyesis	oocyeses
oodachi	oodachi
ooecium	ooecia
oogenesis	oogeneses
oogenus	oogenera
oogonium	oogonia
oonucleus	oonuclei
oophoridium	oophoridia
oospecies	oospecies
oosporangium	oosporangia
ootaxon	ootaxa
ootheca	oothecae
opaleye	opaleye
opanak	opanci
opara	opara
operandum	operanda
operculum	opercula
ophan	ophanim
ophidiomycosis	ophidiomycoses
ophiopluteus	ophioplutei
ophthalmomycosis	ophthalmomycoses
ophthalmoparesis	ophthalmopareses
opihi	opihi
opinicus	opinici
opisthion	opisthia
opisthobranch	opisthobranchs
opisthodomos	opisthodomoi
oppai	oppai
oppidum	oppida
opsonophagocytosis	opsonophagocytoses
opsophagos	opsophagoi
opticalman	opticalmen
optimum	optima
opusculum	opuscula
orans	orantes
orarion	oraria
orarium	oraria
orbicularis	orbiculares
orbilla	orbillae
orbita	orbitae
orbitalis	orbitales
orbitostenosis	orbitostenoses
orchardman	orchardmen
orchitis	orchitides
ordalium	ordalia
ordnanceman	ordnancemen
ordo	ordines
ore	ore
oreng	orenges
orexis	orexes
organella	organellae
organogenesis	organogeneses
organoperoxy	organoperoxys
orgion	orgia
orihon	orihon
oriscus	orisci
ornatrix	ornatrices
ornis	ornithes
ornithosis	ornithoses
orogenesis	orogeneses
orphanotrophium	orphanotrophia
orrach	orrachs
orring	orringes
orthesis	ortheses
orthoceras	orthocerata
orthogenesis	orthogeneses
orthogonium	orthogonia
orthopraxis	orthopraxes
orthoprosthesis	orthoprostheses
orthoquarkonium	orthoquarkonia
orthosis	orthoses
orthotaxon	orthotaxa
orthotetrahedron	orthotetrahedra
os	ossa
osakate	osakate
osculatrix	osculatrices
osculum	oscula
oshaku	oshaku
oshi	oshi
oshibori	oshibori
oshidashi	oshidashi
oshitaoshi	oshitaoshi
osmaterium	osmateria
osmeterium	osmeteria
osmosis	osmoses
osmoticum	osmotica
osotogari	osotogari
osphradium	osphradia
ossarium	ossaria
ossiculum	ossicula
osteitis	osteitides
ostensorium	ostensoria
ostentatrix	ostentatrices
osteoarthritis	osteoarthritides
osteoarthrosis	osteoarthroses
osteochondritis	osteochondritides
osteochondromatosis	osteochondromatoses
osteochondrosis	osteochondroses
osteoclasis	osteoclases
osteoclastogenesis	osteoclastogeneses
osteocranium	osteocrania
osteofibrosis	osteofibroses
osteogenesis	osteogeneses
osteoidosis	osteoidoses
osteomyelitis	osteomyelitides
osteonecrosis	osteonecroses
osteopetrosis	osteopetroses
osteophytosis	osteophytoses
osteoporosis	osteoporoses
osteosclerosis	osteoscleroses
osteosis	osteoses
osteosynthesis	osteosyntheses
ostiarius	ostiarii
ostiolum	ostiola
ostium	ostia
ostracon	ostraca
ostracum	ostraca
ostrakon	ostraka
otakukin	otakukin
othematoma	othematomata
otherkin	otherkin
otitis	otitides
otoconium	otoconia
otomycosis	otomycoses
otosclerosis	otoscleroses
ottavarima	ottavarime
ottavino	ottavini
ouroboros	ouroboroi
outdoorsman	outdoorsmen
outdoorsperson	outdoorspeople
outdoorswoman	outdoorswomen
outfieldsman	outfieldsmen
outhalf	outhalves
ovariocyesis	ovariocyeses
ovariosteresis	ovariostereses
ovarium	ovaria
overanalysis	overanalyses
overdiagnosis	overdiagnoses
overemphasis	overemphases
overgo	overgoes
overheadman	overheadmen
overman	overmen
overperson	overpeople
overscarf	overscarves
oversigned	oversigned
oversman	oversmen
overstratum	overstrata
overwoman	overwomen
ovipara	oviparae
oviposition	oviposition
ovococcus	ovococci
ovogonium	ovogonia
ovotestis	ovotestes
ovulum	ovula
ovum	ova
ox	oxen
oxea	oxea
oxeia	oxeiai
oxia	oxiae
oxyphotobacterium	oxyphotobacteria
oxyrhynchus	oxyrhynchi
oyakata	oyakata
oyrur	oyrur
oysterman	oystermen
oysterperson	oysterpeople
oysterwoman	oysterwomen
oz	oz
ozonium	ozonia
ozonolysis	ozonolyses
oögonium	oögonia
oötheca	oöthecae
pabulum	pabula
paceman	pacemen
pachy	pachys
pachymeninx	pachymeninges
pachyostosis	pachyostoses
packetman	packetmen
packman	packmen
paczek	paczki
paczki	paczki
paddlefish	paddlefish
paddlefoot	paddlefeet
padrão	padrões
pagina	paginae
pagus	pagi
pahutukawa	pahutukawa
paintrix	paintrices
paintworks	paintworks
paizuri	paizuri
pakirikiri	pakirikiri
pala	palae
palacsinta	palacsinta
palaeobiocoenosis	palaeobiocoenoses
palaeospecies	palaeospecies
palaeosubspecies	palaeosubspecies
palaistra	palaistrai
palatoglossus	palatoglossi
palatonaris	palatonares
palatopharyngeus	palatopharyngei
palatopharynx	palatopharynges
palatschinke	palatschinken
palea	paleae
paleocerebellum	paleocerebella
paleofish	paleofish
paleola	paleolae
paleoshelf	paleoshelves
paleospecies	paleospecies
paleostriatum	paleostriata
paleosubspecies	paleosubspecies
palfreyman	palfreymen
palimbacchius	palimbacchii
palingenesis	palingeneses
palla	pallae
palladium	palladia
pallidum	pallida
pallium	pallia
palmares	palmares
palmarium	palmaria
palpebra	palpebrae
palpus	palpi
paludamentum	paludamenta
paludarium	paludaria
palulus	paluli
palus	pali
palynotaxon	palynotaxa
palæstra	palæstræ
pampas	pampas
pampers	pampers
pampushok	pampushky
pamudpod	pamudpod
panagiarion	panagiaria
panaritium	panaritia
panarteritis	panarteritides
panarthritis	panarthritides
pancreatocholangitis	pancreatocholangitides
pancreatolithiasis	pancreatolithiases
pandaemonium	pandaemonia
pandæmonium	pandæmonia
panegyris	panegyreis
panencephalitis	panencephalitides
pangasius	pangasia
pangnosis	pangnoses
panino	panini
panman	panmen
panmyelophthisis	panmyelophthises
pannekoek	pannekoeken
pannenkoek	pannenkoeken
panniculitis	panniculitides
panniculus	panniculi
pannierman	panniermen
pannus	panni
pansynostosis	pansynostoses
pantech	pantechs
pantomimus	pantomimi
pantryman	pantrymen
pantrywoman	pantrywomen
panwoman	panwomen
panzarotti	panzarotti
panzarotto	panzarotti
panzerotti	panzerotti
panzerotto	panzerotti
panzoosis	panzooses
paolo	paoli
paparazza	paparazze
paparazzi	paparazzi
paparazzo	paparazzi
paperknife	paperknives
paperman	papermen
paperwoman	paperwomen
paperworks	paperworks
papilla	papillae
papillomatosis	papillomatoses
papissa	papissae
paprikahuhn	paprikahühner
papula	papulae
papulla	papullae
papyros	papyroi
papyrus	papyri
paraamyloidosis	paraamyloidoses
parabasis	parabases
parabema	parabemata
parabiosis	parabioses
parablepsis	parablepses
parabolanus	parabolani
parabole	parabolae
parabronchium	parabronchia
parabronchus	parabronchi
paracentesis	paracenteses
paracephalodium	paracephalodia
paracladium	paracladia
paracoccidioidomycosis	paracoccidioidomycoses
paracoccus	paracocci
paracranium	paracrania
paracusis	paracuses
paracyesis	paracyeses
paracymbium	paracymbia
paradactylum	paradactyla
paradiapophysis	paradiapophyses
paradigma	paradigmata
paradiorthosis	paradiorthoses
parados	parados
paradosis	paradoses
paraenesis	paraeneses
paraflocculus	paraflocculi
paraganglion	paraganglia
paragenesis	parageneses
paragnathus	paragnathi
paragonimiasis	paragonimiases
paragraphos	paragraphoi
parahippocampus	parahippocampi
parakeratocytosis	parakeratocytoses
parakeratosis	parakeratoses
paralarva	paralarvae
paraleipsis	paraleipses
paralepsis	paralepses
paralexicon	paralexica
paralipomenon	paralipomena
paralipsis	paraleipses
paralysis	paralyses
paralyzis	paralyzes
paramaecium	paramaecia
paramecium	paramecia
paramenstruum	paramenstrua
parametritis	parametritides
parametrium	parametria
parametrix	parametrices
paramorphosis	paramorphoses
paramphistomosis	paramphistomoses
paranema	paranemata
paranotum	paranota
paranthelion	paranthelia
paranucleolus	paranucleoli
paranucleus	paranuclei
paraparesis	parapareses
paraperigonium	paraperigonia
paraphimosis	paraphimoses
paraphragma	paraphragmata
paraphyllium	paraphyllia
paraphyllum	paraphylla
paraphylum	paraphyla
paraphysis	paraphyses
paraplectenchyma	paraplectenchymata
parapleuron	parapleura
parapleurum	parapleura
parapodium	parapodia
parapophysis	parapophyses
parapraxis	parapraxes
paraprotaspis	paraprotaspides
parapsis	parapses
parapteron	paraptera
parapterum	paraptera
paraquarkonium	paraquarkonia
pararescueman	pararescuemen
pararthrum	pararthra
parascenium	parascenia
parasitocenosis	parasitocenoses
parasitofauna	parasitofauna
parasitosis	parasitoses
parasperm	parasperm
parasynthesis	parasyntheses
parasyntheton	parasyntheta
parataxis	parataxes
parataxon	parataxa
parathecium	parathecia
parathesis	paratheses
parazonium	parazonia
pardessus	pardessus
paregmenon	paregmena
parelius	parelii
parencephalon	parencephala
parenesis	pareneses
parenthesis	parentheses
paresis	pareses
paresthesis	parestheses
parhelion	parhelia
paridrosis	paridroses
paries	parietes
paristhmion	paristhmia
parma	parmae
parnas	parnassim
parodos	parodoi
paronychium	paronychia
parostosis	parostoses
parotis	parotides
parotitis	parotitides
parovarium	parovaria
parthenogenesis	parthenogeneses
partyman	partymen
partzuf	partzufim
parulis	parulides
parvafacies	parvafacies
parvovirosis	parvoviroses
parænesis	paræneses
paræsthesia	paræsthesiæ
paræsthesis	paræstheses
pas	pas
pascichnion	pascichnia
pashkevil	pashkevilim
passaggio	passaggi
passby	passbys
passerby	passersby
passman	passmen
passwoman	passwomen
pasteli	pastelia
pasteurellosis	pasteurelloses
pasticciotto	pasticciotti
pastizz	pastizzi
pastizzi	pastizzi
pastophorium	pastophoria
pastophorus	pastophori
pastryman	pastrymen
pasuk	p'sukim
patagium	patagia
pataka	pataka
patellula	patellulae
patera	paterae
pathocenosis	pathocenoses
pathogenesis	pathogeneses
pathomorphosis	pathomorphoses
pathosis	pathoses
patois	patois
patriarch	patriarchs
patrix	patrices
patrolman	patrolmen
patrolwoman	patrolwomen
pattello	pattelloes
patutuki	patutuki
pax	pax
paxilla	paxillae
paxillus	paxilli
paximadi	paximadia
payetan	payetanim
paytech	paytechs
payyetan	payyetanim
paʻanga	paʻanga
pce	pcs
pcm	pcm
pct	pct
peaiman	peaimen
pease	peasen
peatman	peatmen
pectineus	pectinei
pectinibranch	pectinibranchs
pectobacterium	pectobacteria
pectunculus	pectunculi
pectus	pectora
peculium	peculia
pedaheh	pedaheh
pedalavium	pedalavia
pedale	pedalia
pedelavium	pedelavia
pedicellaria	pedicellariae
pediculosis	pediculoses
pediculus	pediculi
pedilavium	pedilavia
pediluvium	pediluvia
pedion	pedia
pedipalpus	pedipalpi
pedum	peda
pedunculus	pedunculi
pee	pee
pelioma	peliomata
pellicula	pelliculae
pelma	pelmata
pelmen	pelmeni
peltidium	peltidia
peltops	peltops
pemphigus	pemphigi
pencilfish	pencilfish
penetralium	penetralia
penicillus	penicilli
penknife	penknives
penman	penmen
penna	pennae
pennibrachium	pennibrachia
pentabrach	pentabrachs
pentacron	pentacra
pentadecahedron	pentadecahedra
pentahedron	pentahedra
pentakaidecahedron	pentakaidecahedra
pentaptych	pentaptychs
pentarch	pentarchs
pentas	pentas
pentasternum	pentasterna
pentastich	pentastichs
pentastomidosis	pentastomidoses
pentathlos	pentathloi
pentecontalitron	pentecontalitra
pentecontarch	pentecontarchs
pentekostys	pentekosties
penteteris	penteterides
pentimento	pentimenti
pentito	pentiti
pentomino	pentominoes
penty	penty
penwoman	penwomen
pepernoot	pepernoten
peperoncino	peperoncini
peplos	peploi
pepperoncino	pepperoncini
peptostreptococcus	peptostreptococci
peracephalus	peracephali
peraeon	peraea
peramorphosis	peramorphoses
percent	percent
perceptum	percepta
pereion	pereia
perek	perakim
perennibranch	perennibranchs
pereon	perea
pereq	peraqim
perezhivanie	perezhivaniya
perfectus	perfecti
perforans	perforantes
perforatorium	perforatoria
perforatus	perforati
periaktos	periaktoi
perianthium	perianthia
periaortitis	periaortitides
periapex	periapices
periapsis	periapsides
peribolos	periboloi
peribolus	periboli
peribothron	peribothra
pericambium	pericambia
pericardiocentesis	pericardiocenteses
pericardiodesis	pericardiodeses
pericarditis	pericarditides
pericardium	pericardia
perichaetium	perichaetia
perichondritis	perichondritides
perichondrium	perichondria
pericladium	pericladia
periclinium	periclinia
periculum	pericula
pericytherion	pericytheria
peridermium	peridermia
peridiolum	peridiola
peridium	peridia
periegesis	periegeses
perifocus	perifoci
perigalacticum	perigalactica
perigonium	perigonia
perigynium	perigynia
perihelion	perihelia
perihelium	perihelia
perikyma	perikymata
perimatrix	perimatrices
perinaeum	perinaea
perinephritis	perinephritides
perineuritis	perineuritides
perineurium	perineuria
perinucleus	perinuclei
perinæum	perinæa
periodontitis	periodontitides
perioecus	perioeci
perionychium	perionychia
periosteum	periostea
periostitis	periostitides
periostracum	periostraca
peripancreatitis	peripancreatitides
periphrasis	periphrases
periphysis	periphyses
peripodium	peripodia
periposeidion	periposeidia
peripteros	peripteroi
perisoma	perisomata
perispomenon	perispomena
peristalsis	peristalses
peristasis	peristases
peristoma	peristomata
peristomium	peristomia
perisynovitis	perisynovitides
perithecium	perithecia
perithelium	perithelia
peritonaeum	peritonaea
peritoneocentesis	peritoneocenteses
peritonitis	peritonitides
peritonæum	peritonæa
peritrich	peritrichs
peritrochium	peritrochia
peritus	periti
perityphlitis	perityphlitides
periuranion	periurania
perizonium	perizonia
periœcus	periœci
permacrisis	permacrises
permille	permille
permit	permit
permutohedron	permutohedra
pernach	pernachs
pernio	perniones
perniosis	pernioses
perokito	perokitoes
peronaeus	peronaei
peroneus	peronei
peroshky	peroshky
perradius	perradii
persecutrix	persecutrices
person	people
personnelman	personnelmen
pertussis	pertusses
perula	perulae
pes	pedes
pesak	pesakim
pesher	pesharim
peshkabz	peshkabz
pessulus	pessuli
petahertz	petahertz
petalum	petala
petasius	petasii
petasos	petasoi
petasus	petasi
petechia	petechiae
peteman	petemen
peterman	petermen
petrobolos	petroboloi
petrogarch	petrogarchs
petrogenesis	petrogeneses
petroyuan	petroyuan
pettichaps	pettichaps
pettychaps	pettychaps
petuchah	petuchot
petuhah	petuhot
peucedanum	peucedana
pfeffernuss	pfeffernusse
pfennig	pfennige
phacella	phacellae
phacellus	phacelli
phacomatosis	phacomatoses
phaenomenon	phaenomena
phaeodium	phaeodia
phaeohyphomycosis	phaeohyphomycoses
phagocytosis	phagocytoses
phakomatosis	phakomatoses
phalangitis	phalangitides
phalaris	phalaris
phalera	phalerae
phallace	phalli
phallodeum	phallodea
phallophorus	phallophori
phallos	phalli
phallus	phalli
phantasma	phantasmata
phantasticum	phantastica
pharmakos	pharmakoi
pharyngitis	pharyngitides
pharyngolaryngitis	pharyngolaryngites
pharyngopalatinus	pharyngopalatini
pharynx	pharynges
phaseolus	phaseoli
phasis	phases
phenomenon	phenomena
phenospecies	phenospecies
phenoxy	phenoxys
phenyloxy	phenyloxys
pheresis	phereses
philtrum	philtra
phimosis	phimoses
phisherman	phishermen
phiz	phizzes
phlebitis	phlebitides
phlebobranch	phlebobranchs
phlegmasia	phlegmasiae
phlogosis	phlogoses
phlox	phlox
phlyctaena	phlyctaenae
phlyctena	phlyctenae
phlyctidium	phlyctidia
phlyctis	phlyctides
phlyctæna	phlyctænæ
phlyzacium	phlyzacia
phobotaxis	phobotaxes
phocomelus	phocomeli
phoenix	phoenix
pholas	pholades
phosphobacterium	phosphobacteria
phospholipidosis	phospholipidoses
phosphorescences	phosphorescenses
phosphorolysis	phosphorolyses
phosphospecies	phosphospecies
photobacteriosis	photobacterioses
photobacterium	photobacteria
photochirogenesis	photochirogeneses
photodermatitis	photodermatitides
photodermatosis	photodermatoses
photoelectrosynthesis	photoelectrosyntheses
photoequilibrium	photoequilibria
photohydrolysis	photohydrolyses
photokinesis	photokineses
photostimulus	photostimuli
photosymbiosis	photosymbioses
photosynthesis	photosyntheses
phototaxis	phototaxes
phourion	phouria
phragmites	phragmites
phragmobasidium	phragmobasidia
phraseman	phrasemen
phren	phrenes
phrenesis	phreneses
phrenitis	phrenitides
phrontisterion	phrontisteria
phrontisterium	phrontisteria
phthiriasis	phthiriases
phthisis	phthises
phylarch	phylarchs
phylarchus	phylarchi
phylax	phylakes
phylesis	phyleses
phyllidium	phyllidia
phyllobranchia	phyllobranchiae
phyllocladium	phyllocladia
phyllodium	phyllodia
phyllon	phylla
phyllopodium	phyllopodia
phyllotaxis	phyllotaxes
phylogenesis	phylogeneses
phylon	phyla
phylospecies	phylospecies
phylostratum	phylostrata
phylum	phyla
physioneurosis	physioneuroses
physiopathogenesis	physiopathogeneses
physis	physes
phytobacterium	phytobacteria
phytocenosis	phytocenoses
phytochorion	phytochoria
phytocoenosis	phytocoenoses
phytofungus	phytofungi
phytogenesis	phytogeneses
phytophotodermatitis	phytophotodermatitides
phytoptocecidium	phytoptocecidia
phytosis	phytoses
phytotelma	phytotelmata
phytozoon	phytozoa
phænomenon	phænomena
phœnix	phœnices
phœnomenon	phœnomena
piaculum	piacula
piadina	piadine
pianoman	pianomen
pibroch	pibrochs
pice	pice
pici	pici
pickerel	pickerel
pickleman	picklemen
pickman	pickmen
picksman	picksmen
picnidium	picnidia
picoalga	picoalgae
picocyanobacterium	picocyanobacteria
picosiemens	picosiemens
pictura	picturae
pie	pie
pieman	piemen
pierog	pierogi
pierogi	pierogi
pieróg	pierogi
piewoman	piewomen
piffero	pifferi
pigeonman	pigeonmen
pigman	pigmen
pihoihoi	pihoihoi
pikeman	pikemen
pila	pilae
pilchard	pilchard
pileipellis	pileipelles
pileocystidium	pileocystidia
pileolus	pileoli
pileorhiza	pileorhizae
pileum	pilea
pileus	pilei
pilidium	pilidia
pilos	piloi
pilotman	pilotmen
pils	pils
pilum	pila
pilus	pili
pinaculum	pinacula
pinakion	pinakia
pinax	pinaces
pineapplefish	pineapplefish
pinetum	pineta
pingo	pingoes
pinman	pinmen
pintman	pintmen
pinulus	pinuli
pinworks	pinworks
pipeman	pipemen
piperidinyloxy	piperidinyloxys
pipetongs	pipetongs
piracatinga	piracatinga
pirachkich	pirachkichs
piriformis	piriformes
piroplasmosis	piroplasmoses
piroschki	piroschki
piroshki	piroshki
piroshok	piroshki
pirozhki	pirozhki
pirozhky	pirozhky
pirozhok	pirozhki
pisanka	pisanki
pisiq	pisiit
piso	piso
pisspants	pisspants
pistillidium	pistillidia
pistillum	pistilla
pistolman	pistolmen
pitchman	pitchmen
pitchwoman	pitchwomen
pithos	pithoi
pityriasis	pityriases
pivotman	pivotmen
pixiu	pixiu
pizzaman	pizzamen
pizzella	pizzelle
placeman	placemen
placenta	placentae
placentarium	placentaria
placewoman	placewomen
placitum	placita
placozoon	placozoa
placula	placulae
plagiopatagium	plagiopatagia
plaice	plaice
plaidman	plaidmen
plainclothesman	plainclothesmen
plainclotheswoman	plainclotheswomen
plainsman	plainsmen
plainswoman	plainswomen
planarium	planaria
planctus	plancti
planetman	planetmen
planidium	planidia
planta	plantae
plantaris	plantares
plantkin	plantkin
plantsman	plantsmen
plantswoman	plantswomen
plantula	plantulae
planula	planulae
planum	plana
plasmapheresis	plasmaphereses
plasmodium	plasmodia
plasmolysis	plasmolyses
plasterman	plastermen
plastidium	plastidia
plastoglobulus	plastoglobuli
plateletpheresis	plateletphereses
plateman	platemen
platy	platys
pleaseman	pleasemen
pleasurecraft	pleasurecraft
plecostomus	plecostomi
pledg	pledges
pleiochasium	pleiochasia
pleiopus	pleiopodes
pleopus	pleopodes
plesiobiosis	plesiobioses
plesiohedron	plesiohedra
plethora	plethorae
plethron	plethra
plethrum	plethra
pleuracentesis	pleuracenteses
pleurapophysis	pleurapophyses
pleuritis	pleuritides
pleurobasidium	pleurobasidia
pleurobranch	pleurobranchs
pleurocentesis	pleurocenteses
pleurocentrum	pleurocentra
pleurocystidium	pleurocystidia
pleurodesis	pleurodeses
pleuron	pleura
pleurosteon	pleurostea
pleurostoma	pleurostomata
ploughman	ploughmen
ploughwoman	ploughwomen
ploutonion	ploutonia
plowman	plowmen
plowwoman	plowwomen
pluma	plumae
plumbata	plumbatae
pluries	pluries
plurigenus	plurigenera
ply	ply
pneumasis	pneumases
pneumatolysis	pneumatolyses
pneumatosis	pneumatoses
pneumocentesis	pneumocenteses
pneumococcosis	pneumococcoses
pneumococcus	pneumococci
pneumoconiosis	pneumoconioses
pneumocystosis	pneumocystoses
pneumocytosis	pneumocytoses
pneumoencephalitis	pneumoencephalitides
pneumokoniosis	pneumokonioses
pneumolysis	pneumolyses
pneumomediastinum	pneumomediastina
pneumonitis	pneumonitides
pneumonoconiosis	pneumonoconioses
pneumonokoniosis	pneumonokonioses
pneumopexy	pneumopexys
pneumotach	pneumotachs
pochtecatl	pochteca
pocketful	pocketsful
pocketknife	pocketknives
poculum	pocula
podatus	podati
podecium	podecia
podetium	podetia
podium	podia
podobranch	podobranchs
podobranchia	podobranchiae
podocarpium	podocarpia
podoconiosis	podoconioses
podogynium	podogynia
podospermium	podospermia
podotheca	podothecae
poeticks	poeticks
poetics	poetics
poghaden	poghaden
pogromshchik	pogromshchiki
pohutukawa	pohutukawa
poi	poi
poiesis	poieses
poikilocarynosis	poikilocarynoses
pointman	pointmen
pointsman	pointsmen
pointswoman	pointswomen
poioumenon	poioumena
pokerface	n
poleman	polemen
polemarch	polemarchs
polesman	polesmen
policeman	policemen
policewoman	policewomen
poliomyelitis	poliomyelitides
polis	poleis
polisman	polismen
politarch	politarchs
politics	politics
pollenosis	pollenoses
pollex	pollices
pollinarium	pollinaria
pollinium	pollinia
pollinodium	pollinodia
pollinosis	pollinoses
pollman	pollmen
poltergoose	poltergeese
poltfoot	poltfeet
poly	polys
polyadenosis	polyadenoses
polyandrion	polyandria
polyandrium	polyandria
polyarch	polyarchs
polyarteritis	polyarteritides
polyarthritis	polyarthritides
polyarthrosis	polyarthroses
polycrisis	polycrises
polycyesis	polycyeses
polydermatomyositis	polydermatomyositides
polygenesis	polygeneses
polyhedron	polyhedra
polyhedrosis	polyhedroses
polymetastasis	polymetastases
polyneuritis	polyneuritides
polyparium	polyparia
polyposis	polyposes
polyptoton	polyptota
polyptych	polyptychs
polypus	polypi
polyradiculitis	polyradiculitides
polyradiculoneuritis	polyradiculoneuritides
polyspectrum	polyspectra
polysporangium	polysporangia
polysynthesis	polysyntheses
polytech	polytechs
polytetrahedron	polytetrahedra
polyzoarium	polyzoaria
polyzoon	polyzoa
pomaderris	pomaderris
pomarium	pomaria
pomato	pomatoes
pomerium	pomeria
pomfret	pomfret
pomoerium	pomoeria
pomœrium	pomœria
pondman	pondmen
pons	pontes
ponticello	ponticelli
ponticulus	ponticuli
pontifex	pontifices
poolfish	poolfish
poomsae	poomsae
poomse	poomse
popina	popinae
popliteus	poplitei
porcini	porcini
porcino	porcini
porcupinefish	porcupinefish
poribacterium	poribacteria
porion	poria
poritz	pritzim
porkfish	porkfish
porkman	porkmen
poroconidium	poroconidia
porosis	poroses
porphyrogenitos	porphyrogenitoi
porphyrogenitus	porphyrogeniti
porrectus	porrecti
porta	portae
portemanteau	portemanteaux
portiforium	portiforia
portman	portmen
portsman	portsmen
portugais	portugais
portyanka	portyanki
porus	pori
poseq	posqim
posheaf	posheaves
positura	positurae
posseman	possemen
possessum	possessa
possewoman	possewomen
possibilium	possibilia
postcava	postcavae
postcingulum	postcingula
postcleithrum	postcleithra
postclypeus	postclypei
postcornu	postcornua
postcranium	postcrania
postcubitus	postcubiti
postencephalitis	postencephalitides
posterchild	posterchildren
posteroseptum	posterosepta
postexapophysis	postexapophyses
postfurca	postfurcae
posthypophysis	posthypophyses
postlarva	postlarvae
postliminium	postliminia
postman	postmen
postnaris	postnares
postnotum	postnota
postpronotum	postpronota
postpubis	postpubes
postscriptum	postscripta
postscutellum	postscutella
postsubiculum	postsubicula
postulatum	postulata
postwoman	postwomen
postzygapophysis	postzygapophyses
potato	potatoes
potcherman	potchermen
pothos	pothos
potjiekos	potjiekos
potman	potmen
potocytosis	potocytoses
potomato	potomatoes
potworks	potworks
poultryman	poultrymen
poultrywoman	poultrywomen
poundman	poundmen
pous	podes
powderman	powdermen
ppb	ppb
pph	pph
ppm	ppm
ppq	ppq
ppt	ppt
praecava	praecavae
praecordium	praecordia
praecornu	praecornua
praecoxa	praecoxae
praecuneus	praecunei
praefericulum	praefericula
praeludium	praeludia
praemaxilla	praemaxillae
praemium	praemia
praeoperculum	praeopercula
praepubis	praepubes
praescutum	praescuta
praeses	praesides
praesidium	praesidia
praesternum	praesterna
praetorium	praetoria
praezygapophysis	praezygapophyses
pragmatum	pragmata
praniza	pranizae
prawn	prawn
praxis	praxes
preacherman	preachermen
preachman	preachmen
preanalysis	preanalyses
preatrium	preatria
precancerosis	precanceroses
precarium	precaria
precava	precavae
precibarium	precibaria
precingulum	precingula
precis	precis
precordium	precordia
precornu	precornua
precoxa	precoxae
precuneus	precunei
prediagnosis	prediagnoses
preequilibrium	preequilibria
preexapophysis	preexapophyses
preferendum	preferenda
prefixum	prefixa
prefreshman	prefreshmen
prefrosh	prefrosh
prehaustorium	prehaustoria
preimago	preimagines
preinoculum	preinocula
preleptocephalus	preleptocephali
premeiosis	premeioses
prementum	prementa
premouse	premice
prenaris	prenares
prenucleus	prenuclei
prepollex	prepollices
prepubis	prepubes
prepupa	prepupae
preputium	preputia
presbytera	presbyterae
presbyterium	presbyteria
prescutum	prescuta
presheaf	presheaves
presidentrix	presidentrices
presidium	presidia
prespermatogonium	prespermatogonia
pressman	pressmen
presswoman	presswomen
presternum	presterna
presubiculum	presubicula
pretarsus	pretarsi
pretectum	pretecta
prettikins	prettikins
prevertebra	prevertebrae
prez	prezzes
prezoea	prezoeae
prezygapophysis	prezygapophyses
priapus	priapi
pricklouse	pricklice
priestx	priestxs
prigman	prigmen
primibrach	primibrachs
primordium	primordia
princeps	principes
principe	principi
principium	principia
printworks	printworks
prionosis	prionoses
privateersman	privateersmen
privatissimum	privatissima
priviledg	priviledges
prix	prix
prizeman	prizemen
prizewoman	prizewomen
probacterium	probacteria
probaculum	probacula
probasidium	probasidia
probasitarsus	probasitarsi
problema	problemata
procambium	procambia
procercus	procerci
procerebrum	procerebra
procerus	proceri
processus	processus
prochoos	prochooi
prochorion	prochoria
proclisis	proclises
proconidium	proconidia
procoxa	procoxae
procrastinatrix	procrastinatrices
procrusculum	procruscula
proctitis	proctitides
proctostomy	proctostomys
prodissoconch	prodissoconchs
prodroma	prodromata
prodromos	prodromoi
proemion	proemia
proemium	proemia
proepicardium	proepicardia
proepisternum	proepisterna
proferens	proferentes
profestrix	profestrices
profluvium	profluvia
profunda	profundae
profurca	profurcae
profurcasternum	profurcasterna
progametangium	progametangia
progenitrix	progenitrices
proggins	proggins
proglottis	proglottides
prognosis	prognoses
programma	programmata
prokeimenon	prokeimena
prokimenon	prokimena
prolapsus	prolapsi
prolarva	prolarvae
prolegomenon	prolegomena
prolepsis	prolepses
proloculus	proloculi
prolocutrix	prolocutrices
prologomenon	prologomena
proluvium	proluvia
promachos	promachoi
promesonotum	promesonota
prometamorphosis	prometamorphoses
promitochondrion	promitochondria
promulsis	promulsides
promuscis	promuscides
promycelium	promycelia
promythium	promythia
pronaos	pronaoi
pronephros	pronephroi
pronghorn	pronghorn
pronoia	pronoiae
pronotum	pronota
pronucleus	pronuclei
prooemion	prooemia
prooemium	prooemia
proostracum	proostraca
propagandum	propaganda
propago	propagines
propagulum	propagula
propatagium	propatagia
prophases	prophases
prophragma	prophragmata
prophylactorium	prophylactoria
prophylaxis	prophylaxes
prophyllum	prophylla
prophysis	prophyses
propionibacterium	propionibacteria
propleuron	propleura
propleurum	propleura
propman	propmen
propodeon	propodea
propodeum	propodea
propodium	propodia
propodus	propodi
proposita	propositae
propositus	propositi
proprium	propria
propterygium	propterygia
propwoman	propwomen
propylaeum	propylaea
proschema	proschemata
prosciutto	prosciutti
proscolex	proscolices
proscutellum	proscutella
proscynema	proscynemata
proscænium	proscænia
proseman	prosemen
prosenchyma	prosenchymata
prosimetrum	prosimetra
prosiopesis	prosiopeses
proskynetarion	proskynetaria
proskynitarion	proskynitaria
proslambanomenos	proslambanomenoi
prosobranch	prosobranchs
prosodion	prosodia
prospermatogonium	prospermatogonia
prosphysis	prosphyses
prosporangium	prosporangia
prostatitis	prostatitides
prostatovesiculitis	prostatovesiculitides
prosternum	prosterna
prosthaphæresis	prosthaphæreses
prostheca	prosthecae
prosthesis	prostheses
prostomium	prostomia
prostylos	prostyloi
protarsus	protarsi
protasis	protases
protaspis	protaspides
protectrix	protectrices
proteinosis	proteinoses
protenema	protenemata
proteobacterium	proteobacteria
proteolysis	proteolyses
proteosis	proteoses
proteus	protei
prothallium	prothallia
prothema	prothemata
prothesis	protheses
protiston	protista
protobranch	protobranchs
protocephalon	protocephala
protocerebrum	protocerebra
protoescolex	protoescoleces
protogenos	protogenoi
protoglomerulus	protoglomeruli
protolysis	protolyses
protomitochondrion	protomitochondria
protonema	protonemata
protonephridium	protonephridia
protonolysis	protonolyses
protoperithecium	protoperithecia
protophenomenon	protophenomena
protoplasmodium	protoplasmodia
protopodium	protopodia
protopsaltis	protopsaltai
protoscolex	protoscoleces
protospecies	protospecies
protostoma	protostomata
protosyncellus	protosyncelli
protothecosis	protothecoses
prototroch	prototrochs
protovertebra	protovertebrae
protozoan	protozoa
protozoon	protozoa
protozoonosis	protozoonoses
protozoosis	protozooses
proventriculus	proventriculi
provocatrix	provocatrices
proxenos	proxenoi
proxenus	proxeni
proœmion	proœmia
proœmium	proœmia
prytaneum	prytanea
prytanis	prytaneis
præcordium	præcordia
præfixum	præfixa
præludium	præludia
præmium	præmia
præputium	præputia
prætexta	prætextæ
prætorium	prætoria
précis	précis
psak	piskei
psalterium	psalteria
psaltes	psaltae
psc	psc
psephisma	psephismata
pseudannulus	pseudannuli
pseudanthium	pseudanthia
pseudarthrosis	pseudarthroses
pseudaxis	pseudaxes
pseudepigraphon	pseudepigrapha
pseudoacanthosis	pseudoacanthoses
pseudoacinus	pseudoacini
pseudoaethalium	pseudoaethalia
pseudoarthrosis	pseudoarthroses
pseudoaxis	pseudoaxes
pseudobranch	pseudobranchs
pseudocellulitis	pseudocellulites
pseudocellus	pseudocelli
pseudochylothorax	pseudochylothoraces
pseudocilium	pseudocilia
pseudocirrus	pseudocirri
pseudococcus	pseudococci
pseudoconopeum	pseudoconopea
pseudocyesis	pseudocyeses
pseudocyphella	pseudocyphellae
pseudodiagnosis	pseudodiagnoses
pseudodiverticulum	pseudodiverticula
pseudoepiphysis	pseudoepiphyses
pseudoepipleuron	pseudoepipleura
pseudoequilibrium	pseudoequilibria
pseudofoot	pseudofeet
pseudofungus	pseudofungi
pseudoganglion	pseudoganglia
pseudogentilicium	pseudogentilicia
pseudogenus	pseudogenera
pseudohaiku	pseudohaiku
pseudohypha	pseudohyphae
pseudoisidium	pseudoisidia
pseudolabium	pseudolabia
pseudolife	pseudolives
pseudoloculus	pseudoloculi
pseudomamma	pseudomammae
pseudomatrix	pseudomatrices
pseudomitosis	pseudomitoses
pseudomonas	pseudomonades
pseudomorphosis	pseudomorphoses
pseudomycelium	pseudomycelia
pseudomycetoma	pseudomycetomata
pseudonavicella	pseudonavicellae
pseudoparaphyllium	pseudoparaphyllia
pseudopenis	pseudopenes
pseudoperculum	pseudopercula
pseudoperidium	pseudoperidia
pseudoperipteros	pseudoperipteroi
pseudoperithecium	pseudoperithecia
pseudophacodonesis	pseudophacodoneses
pseudophakodonesis	pseudophakodoneses
pseudopilus	pseudopili
pseudoplankton	pseudoplankton
pseudoplasmodium	pseudoplasmodia
pseudopodium	pseudopodia
pseudopupa	pseudopupae
pseudoreticulum	pseudoreticula
pseudorhombicuboctahedron	pseudorhombicuboctahedra
pseudosclerotium	pseudosclerotia
pseudoseptum	pseudosepta
pseudospecies	pseudospecies
pseudospectrum	pseudospectra
pseudostigma	pseudostigmata
pseudostoma	pseudostomata
pseudostroma	pseudostromata
pseudosulcus	pseudosulci
pseudotabes	pseudotabes
pseudothallus	pseudothalli
pseudothecium	pseudothecia
pseudothrombus	pseudothrombi
pseudotooth	pseudoteeth
pseudotrachea	pseudotracheae
pseudovacuum	pseudovacua
pseudovarium	pseudovaria
pseudovelum	pseudovela
pseudovum	pseudova
psf	psf
psilos	psiloi
psittacosis	psittacoses
psoas	psoae
psogos	psogoi
psoriasis	psoriases
psych	psychs
psychanalysis	psychanalyses
psychoanalysis	psychoanalyses
psychodiagnosis	psychodiagnoses
psychogenesis	psychogeneses
psychokinesis	psychokineses
psychoneurosis	psychoneuroses
psychopompos	psychopompoi
psychosis	psychoses
psychosynthesis	psychosyntheses
psydracium	psydracia
ptarmigan	ptarmigan
pterapophysis	pterapophyses
pterippus	pterippi
pterobranch	pterobranchs
pterolysis	pterolyses
pteroma	pterome
pteropleuron	pteropleura
pterostigma	pterostigmata
pterygoideus	pterygoidei
pterygopodium	pterygopodia
pterylosis	pteryloses
ptilinum	ptilina
ptilosis	ptiloses
ptosis	ptoses
ptyxis	ptyxes
puaokama	puaokama
pubis	pubes
pubococcygeus	pubococcygei
pudendum	pudenda
puerperium	puerperia
pufferfish	pufferfish
pugillaris	pugillares
puits	puits
puli	pulik
pullus	pulli
pulmonarium	pulmonaria
pulpamentum	pulpamenta
pulsellum	pulsella
pulvillus	pulvilli
pulvinulus	pulvinuli
pulvinus	pulvinae
pumpman	pumpmen
pumpsman	pumpsmen
pumsae	pumsae
pumse	pumse
pundonor	pundonores
puntarella	puntarelle
puntello	puntelli
puntman	puntmen
puntsman	puntsmen
pupa	pupae
puparium	puparia
puppetman	puppetmen
puppyfoot	puppyfeet
purlieuman	purlieumen
pus	pura
pusherman	pushermen
pussums	pussums
pussyification	pussyfications
pussyman	pussymen
putois	putois
putto	putti
puttony	puttonys
py	pys
pycnidium	pycnidia
pycnium	pycnia
pycnoconidium	pycnoconidia
pycnodysostosis	pycnodysostoses
pycnon	pycna
pycnosis	pycnoses
pyelitis	pyelitides
pyelonephritis	pyelonephritides
pyeong	pyeong
pygidium	pygidia
pygopagus	pygopagi
pyknosis	pyknoses
pyla	pylae
pylangium	pylangia
pylorus	pylori
pyodermitis	pyodermites
pyonephrosis	pyonephroses
pyramidion	pyramidia
pyramis	pyramides
pyrena	pyrenae
pyrenium	pyrenia
pyriformis	pyriformes
pyrocumulonimbus	pyrocumulonimbi
pyrocumulus	pyrocumuli
pyrolysis	pyrolyses
pyrophosphorylysis	pyrophosphorylyses
pyrosis	pyroses
pyrosynthesis	pyrosyntheses
pyrrolidinyloxy	pyrrolidinyloxys
pyshka	pyshki
pyxidium	pyxidia
pyxis	pyxides
pyæmia	pyæmiæ
pączek	pączki
pączki	pączki
pūkeko	pūkeko
q	q's
qepik	qepik
qinah	qinot
qindarkë	qindarka
qingtuan	qingtuan
qintar	qindarka
qite	qite
qobyz	qobyz
quadra	quadrae
quadragesimalia	quadragesimalia
quadrans	quadrantes
quadrarch	quadrarchs
quadratrix	quadratrices
quadratus	quadrati
quadricinium	quadricinia
quadriga	quadrigae
quadrigatus	quadrigati
quadriparesis	quadripareses
quadriporticus	quadriporticus
quadriptych	quadriptychs
quaesitum	quaesita
quaich	quaichs
quale	qualia
quarryman	quarrymen
quarterman	quartermen
quartibrach	quartibrachs
quasicontinuum	quasicontinua
quasiequilibrium	quasiequilibria
quasispecies	quasispecies
quasivacuum	quasivacua
quaternarius	quaternarii
quayman	quaymen
quenk	quenk
questman	questmen
quid	quid
quilisma	quilismata
quillman	quillmen
quinarius	quinarii
quincentennium	quincentennia
quindecennalia	quindecennalia
quinnat	quinnat
quinquennalia	quinquennalia
quintibrach	quintibrachs
quirly	quirlys
quiz	quizzes
qungua	qungua
quotum	quota
raad	raden
rabbitfish	rabbitfish
rachicentesis	rachicenteses
rachipagus	rachipagi
rackabones	rackabones
radarman	radarmen
raddleman	raddlemen
radiale	radialia
radialis	radiales
radicula	radiculae
radiculitis	radiculitides
radiculoneuritis	radiculoneuritides
radioanalysis	radioanalyses
radiodiagnosis	radiodiagnoses
radiolus	radioli
radiolysis	radiolyses
radioman	radiomen
radionecrosis	radionecroses
radiosynthesis	radiosyntheses
radioulna	radioulnae
radius	radii
radman	radmen
radula	radulae
rafsi	rafsi
raftman	raftmen
raftsman	raftsmen
raftswoman	raftswomen
ragman	ragmen
rai	rai
railman	railmen
railwayman	railwaymen
railwaywoman	railwaywomen
railwoman	railwomen
railworks	railworks
rakugan	rakugan
ramentum	ramenta
ramidus	ramidi
rammerman	rammermen
ramoconidium	ramoconidia
rampman	rampmen
rampsman	rampsmen
ramulus	ramuli
ramune	ramune
ramus	rami
ranavirosis	ranaviroses
rancelman	rancelmen
ranchman	ranchmen
ranchu	ranchu
ranchwoman	ranchwomen
ranchū	ranchū
randezvous	randezvous
randistirion	randistiria
randoseru	randoseru
rangeman	rangemen
ranksman	ranksmen
ranselman	ranselmen
ranula	ranulae
rape	rape
raphe	raphae
raphis	raphides
rapillo	rapilli
rappen	rappen
raqi	ruqat
raspatorium	raspatoria
rastaman	rastamen
rastellum	rastella
rattlebones	rattlebones
rattlemouse	rattlemice
rattlewings	rattlewings
ravensfoot	ravensfeet
raviolo	ravioli
rawbones	rawbones
rax	rax
razorman	razormen
reaal	realen
real	reis
reanalysis	reanalyses
reanastomosis	reanastomoses
rearmouse	rearmice
reasearch	reasearch
rebetiko	rebetika
rebetis	rebetes
recathexis	recathexes
receptaculum	receptacula
rectrix	rectrices
rectum	recta
rectus	recti
redbait	redbait
reddleman	reddlemen
redfash	redfash
redfish	redfish
redman	redmen
reedman	reedmen
reelman	reelmen
reemphasis	reemphases
reermouse	reermice
referendum	referenda
reformandum	reformanda
refugium	refugia
refutandum	refutanda
regenesis	regeneses
regio	regiones
regionarius	regionarii
regma	regmata
regula	regulae
regulus	reguli
reimiro	reimiro
reindeer	reindeer
reinsman	reinsmen
reinswoman	reinswomen
rejon	rejones
rekyphosis	rekyphoses
relais	relais
relatrix	relatrices
relatum	relata
relazione	relazioni
religieux	religieux
religious	religious
remainderman	remaindermen
remex	remiges
remora	remora
ren	renes
rendevous	rendevous
rendezvous	rendezvous
reniculus	reniculi
repagulum	repagula
repairman	repairmen
repairwoman	repairwomen
reparandum	reparanda
repetitorium	repetitoria
repichnion	repichnia
reptilium	reptilia
reputability	reputabilitys
requestman	requestmen
reremouse	reremice
rescueman	rescuemen
resilium	resilia
resinosis	resinoses
respiratorium	respiratoria
responsorium	responsoria
restenosis	restenoses
resynch	resynchs
resynthesis	resyntheses
retiarius	retiari
reticello	reticelli
reticula	reticulae
reticulocytosis	reticulocytoses
reticuloendotheliosis	reticuloendothelioses
reticuloendothelium	reticuloendothelia
reticulohistiocytosis	reticulohistiocytoses
reticulopodium	reticulopodia
reticulosis	reticuloses
reticulum	reticula
retinaculum	retinacula
retineum	retinea
retinitis	retinitides
retinochoroiditis	retinochoroidites
retinophora	retinophorae
retinoschisis	retinoschises
retinosis	retinoses
retroanalysis	retroanalyses
retrobiosynthesis	retrobiosyntheses
retrognosis	retrognoses
retrolisthesis	retrolistheses
retrosynthesis	retrosyntheses
revers	revers
revolverman	revolvermen
rewriteman	rewritemen
rhabdomyolysis	rhabdomyolyses
rhabdus	rhabdi
rhacheola	rhacheolae
rhachicentesis	rhachicenteses
rhamphotheca	rhamphothecae
rhaphis	rhaphides
rheotaxis	rheotaxes
rhesis	rheses
rhexis	rhexes
rhinarium	rhinaria
rhinencephalon	rhinencephala
rhinitis	rhinitides
rhinoceros	rhinoceros
rhinocleisis	rhinocleises
rhinopneumonitis	rhinopneumonitides
rhinostenosis	rhinostenoses
rhipidium	rhipidia
rhipsalis	rhipsalis
rhizarthrosis	rhizarthroses
rhizina	rhizinae
rhizobacterium	rhizobacteria
rhizobium	rhizobia
rhizohypha	rhizohyphae
rhizopodium	rhizopodia
rhodococcus	rhodococci
rhombicdodecahedron	rhombicdodecahedra
rhombicosidodecahedron	rhombicosidodecahedra
rhombicuboctahedron	rhombicuboctahedra
rhombohedron	rhombohedra
rhomboides	rhomboides
rhomboideus	rhomboidei
rhombos	rhomboi
rhombus	rhombi
rhonchus	rhonchi
rhoncus	rhonci
rhopalium	rhopalia
rhubarb	rhubarb
rhynchosporium	rhynchosporia
ribospecies	ribospecies
ricinium	ricinia
rickettsiosis	rickettsioses
rickshawman	rickshawmen
rictus	rictus
rideman	ridemen
rifleman	riflemen
riflewoman	riflewomen
rigatone	rigatoni
rigatoni	rigatoni
rima	rimae
rimoportula	rimoportulae
rimula	rimulae
rin	rin
rincón	rincons
ringgit	ringgit
ringman	ringmen
ringtail	ringtail
rinkman	rinkmen
risorius	risorii
riverboatman	riverboatmen
rivercraft	rivercraft
riverman	rivermen
riverwoman	riverwomen
rly	rlys
rnwy	rnwys
roadman	roadmen
roadsman	roadsmen
robofish	robofish
rockaby	rockabys
rocketman	rocketmen
rockfish	rockfish
rockfowl	rockfowl
rockman	rockmen
rockshelf	rockshelves
rodman	rodmen
rodsman	rodsmen
roe	roe
roedeer	roedeer
rogalik	rogaliki
rogelach	rogelach
roji	roji
rokurokubi	rokurokubi
rollerman	rollermen
rollmops	rollmops
romusha	romusha
rondeau	rondeaux
roorbach	roorbachs
ropeman	ropemen
ropesman	ropesmen
rosc	roscada
roscón	roscones
roseobacterium	roseobacteria
rosetum	roseta
rostellum	rostella
rostroconch	rostroconchs
rostrolatus	rostrolatera
rostrulum	rostrula
rostrum	rostra
rosula	rosulae
rothe	rothe
rotini	rotini
rotulus	rotuli
roundheels	roundheels
roundhouseman	roundhousemen
roundman	roundmen
roundsman	roundsmen
roundswoman	roundswomen
routeman	routemen
roux	roux
rowi	rowi
rpm	rpm
rubai	rubaiyat
rubel	rublei
rublis	rubli
ruckman	ruckmen
ruckwoman	ruckwomen
ruddleman	ruddlemen
rudesby	rudesbys
rufiyaa	rufiyaa
ruga	rugae
rugalach	rugalachs
rugby	rugbys
rugelach	rugelachs
ruggalach	ruggalach
ruggelach	ruggelach
rugulach	rugulach
rulleyman	rulleymen
rumen	rumina
ruminococcus	ruminococci
ruminoreticulum	ruminoreticula
runman	runmen
rupchanda	rupchanda
rupiah	rupiah
russiano	russianoes
rusticatio	rusticationes
rustyguts	rustyguts
ryllet	ryllettys
ryu	ryu
ryuha	ryuha
ryuteki	ryuteki
ryō	ryō
ryū	ryū
ryūha	ryūha
ryūteki	ryūteki
rōmusha	rōmusha
rōnin	rōnin
saamlaw	saamlaw
sabamiki	sabamiki
saccharibacterium	saccharibacteria
saccharidosis	saccharidoses
saccharomyces	saccharomyces
saccharomycosis	saccharomycoses
saccos	saccoi
sacculus	sacculi
saccus	sacci
sacellum	sacella
sacra	sacrae
sacramentum	sacramenta
sacrococcyx	sacrococcyges
sacrosanctum	sacrosancta
sacrum	sacra
sads	the sads
saenghwang	saenghwang
saeptum	saepta
safek	sfekot
safetyman	safetymen
sagaman	sagamen
sagemono	sagemono
sahabi	sahaba
sai	sai
saidan	saidan
sailby	sailbys
sailcraft	sailcraft
sailorman	sailormen
sailorwoman	sailorwomen
sails	sails
sailsman	sailsmen
sakaki	sakaki
sakatottari	sakatottari
sakazuki	sakazuki
sakuska	sakuski
salaryman	salarymen
saleschild	saleschildren
salesman	salesmen
saleswoman	saleswomen
salicus	salici
saliuresis	saliureses
salivarium	salivaria
salmon	salmon
salmonellosis	salmonelloses
salpiglossis	salpiglosses
salpingopharyngeus	salpingopharyngei
salpinx	salpinges
saltus	saltus
saltworks	saltworks
salume	salumi
salumi	salumi
salutatorium	salutatoria
salvatella	salvatellae
sambuca	sambucae
samech	samechs
samizdatchik	samizdatchiki
samlor	samlor
sampietrino	sampietrini
sampleman	samplemen
samsonfish	samsonfish
samurai	samurai
sandarach	sandarachs
sandgrouse	sandgrouse
sandman	sandmen
sandwichman	sandwichmen
sangaku	sangaku
sangiovese	sangiovese
sangza	sangza
sanies	sanies
sanmai	sanmai
sanman	sanmen
sanpietrino	sanpietrini
sansho	sansho
sansuke	sansuke
santim	santimat
sanyaku	sanyaku
saofai	saofai
sapiens	sapiens
sapiutan	sapiutan
sapronosis	sapronoses
saraph	seraphim
sarashi	sarashi
sarcocarpium	sarcocarpia
sarcoidosis	sarcoidoses
sarcomatosis	sarcomatoses
sarcophagus	sarcophagi
sarcoseptum	sarcosepta
sarcosis	sarcoses
sarcosporidium	sarcosporidia
sarissophoros	sarissophoroi
sarmentum	sarmenta
sarothrum	sarothra
sartorius	sartorii
sarubobo	sarubobo
sasanach	sasanachs
sassenach	sassenachs
sastruga	sastrugi
sastrugus	sastrugi
satellitium	satellitia
satellitosis	satellitoses
satinleaf	satinleaves
satrapy	satrapys
satyriasis	satyriases
sauceman	saucemen
saucercraft	saucercraft
saucerman	saucermen
savoiardo	savoiardi
savoyard	savoyardi
sawbones	sawbones
sawman	sawmen
sawtooth	sawteeth
saxman	saxmen
saxum	saxa
sayori	sayori
scabellum	scabella
scabinus	scabini
scaleman	scalemen
scalenon	scalena
scalenus	scaleni
scalesman	scalesmen
scalpellum	scalpella
scalprum	scalpra
scamillus	scamilli
scampo	scampi
scampsman	scampsmen
scandicus	scandicus
scansorius	scansorii
scapha	scaphae
scaphium	scaphia
scapula	scapulae
scapus	scapi
scarabaeus	scarabaei
scarf	scarves
scarus	scari
scatterbrains	scatterbrains
sceneman	scenemen
scfs	scfs
schema	schemata
schemey	schemies
schindylesis	schindyleses
schisis	schises
schistomulum	schistomula
schistosomiasis	schistosomiases
schistosomulum	schistosomula
schizidium	schizidia
schizoanalysis	schizoanalyses
schizopolitics	schizopolitics
schlich	schlichs
schliere	schlieren
schnecke	schnecken
schnoz	schnozzes
schoenus	schoeni
schoinion	schoinia
scholarch	scholarchs
scholion	scholia
scholium	scholia
schoolchild	schoolchildren
schooleman	schoolemen
schoolman	schoolmen
schoolwoman	schoolwomen
schrod	schrod
schwannomatosis	schwannomatoses
schwartza	schwartza
scienceman	sciencemen
scintilla	scintillae
scleroseptum	sclerosepta
sclerosis	scleroses
sclerotium	sclerotia
scobina	scobinae
scolex	scolices
scolion	scolia
scoliosis	scolioses
scolithus	scolithi
scolium	scolia
scolopale	scolopalae
scolopidium	scolopidia
scopa	scopae
scops	scops
scores	scores
scoria	scoriae
scorpionfish	scorpionfish
scototaxis	scototaxes
scowman	scowmen
scraffito	scraffiti
scrapman	scrapmen
screenman	screenmen
screensman	screensmen
screwman	screwmen
scriptorium	scriptoria
scrobic	scrobic
scrobicula	scrobiculae
scrobiculus	scrobiculi
scrofulosis	scrofuloses
scrubfowl	scrubfowl
scrubman	scrubmen
scrubwoman	scrubwomen
scrumhalf	scrumhalves
scudetto	scudetti
sculleryman	scullerymen
sculptrix	sculptrices
scup	scup
scuta	scutae
scutella	scutellae
scutellum	scutella
scutibranch	scutibranchs
scutulum	scutula
scutum	scuta
scybalum	scybala
scyphos	scyphoi
scyphozoan	scyphozoa
scyphus	scyphi
scytheman	scythemen
seacalf	seacalves
seacatch	seacatchie
seafish	seafish
seagoose	seageese
sealouse	sealice
seaman	seamen
seamouse	seamice
seawife	seawives
seawolf	seawolves
seawoman	seawomen
sebopsoriasis	sebopsoriases
sec	sec
sechach	sechachs
secondigravida	secondigravidae
secondman	secondmen
secretum	secreta
sectio	sectiones
sectionman	sectionmen
secundibrach	secundibrachs
securicula	securiculae
sedes	sedes
sedilium	sedilia
sedoka	sedoka
seecatch	seecatchie
seedman	seedmen
seedsman	seedsmen
sefer	sefarim
sefira	sefirot
sefirah	sefiroth
seifuku	seifuku
seinen	seinen
seirfish	seirfish
seismogenesis	seismogeneses
seiyu	seiyu
seiyuu	seiyuu
seiyū	seiyū
sekitori	sekitori
sekiwake	sekiwake
sekos	sekoi
selbri	selbri
selectman	selectmen
selectwoman	selectwomen
selenosis	selenoses
self	selves
selfawarewolf	selfawarewolves
selfe	selves
selfmetathesis	selfmetatheses
sella	sellae
sellisternium	sellisternia
semantics	semantics
semeion	semeia
semese	semese
semiautomaton	semiautomata
semiaxis	semiaxes
semicha	semichot
semichild	semichildren
semikhah	semikhot
semimadman	semimadmen
semimatrix	semimatrices
semimembranosus	semimembranosi
semimetamorphosis	semimetamorphoses
semipupa	semipupae
semispecies	semispecies
semispinalis	semispinales
semisynthesis	semisyntheses
semita	semitae
semitendinosus	semitendinosi
semiworks	semiworks
semuncia	semunciae
senarius	senarii
senatrix	senatrices
senbei	senbei
senolysis	senolyses
senryu	senryu
senryū	senryū
sensei	sensei
senshuraku	senshuraku
sensilla	sensillae
sensillum	sensilla
sent	senti
sentai	sentai
sente	lisente
senti	senti
sentiendum	sentienda
sentō	sentō
separatum	separata
sephira	sephiroth
sephirah	sephiroth
sepsis	sepses
septarium	septaria
septenarius	septenarii
septibranch	septibranchs
septocosta	septocostae
septulum	septula
septum	septa
seq	seqq
sequela	sequelae
serapeion	serapeia
serapeium	serapeia
serapeum	serapea
seraphim	seraphim
sericterium	sericteria
series	series
seroanaphylaxis	seroanaphylaxes
serodiagnosis	serodiagnoses
serosa	serosae
serositis	serosites
serra	serrae
serratus	serrati
serviceman	servicemen
services	services
servicewoman	servicewomen
servingman	servingmen
servingwoman	servingwomen
sestertium	sestertia
sestertius	sestertii
setula	setulae
setworks	setworks
seudah	seudot
sevensies	sevensies
sewanin	sewanin
sewerman	sewermen
sextans	sextantes
sextych	sextychs
sexyman	sexymen
señor	señores
sfogliatella	sfogliatelle
sgraffiato	sgraffiati
sgraffito	sgraffiti
shabbos	shabbosim
shabiya	shabiyat
shabiyah	shabiyat
shad	shad
shaftman	shaftmen
shaftsman	shaftsmen
shagai	shagai
shahtush	shahtush
shaken	shaken
shakes	the shakes
shaku	shaku
shaliach	shaliachs
shamash	shamashim
shambles	shambles
shames	shamesim
shammas	shammasim
shammash	shammashim
shammes	shammosim
shamoji	shamoji
shampers	shampers
shang	shang
shantyman	shantymen
shaobing	shaobing
shaomai	shaomai
shareman	sharemen
sharesman	sharesmen
shatei	shatei
shawoman	shawomen
sheaf	sheaves
shearman	shearmen
shearsman	shearsmen
sheep	sheep
sheepe	sheepe
sheepman	sheepmen
sheetsman	sheetsmen
sheftalia	sheftalia
shegetz	shkotzim
sheldgoose	sheldgeese
shelf	shelves
shelflife	shelflives
shelgoose	shelgeese
shellfish	shellfish
shellfisherman	shellfishermen
shengnu	shengnu
shengnü	shengnü
shengyuan	shengyuan
shentleman	shentlemen
shero	sheroes
shetadlan	shetadlanim
shetani	shetani
shh	shhes
shibazuke	shibazuke
shidduch	shidduchs
shiddukh	shiddukhim
shieldman	shieldmen
shieldsman	shieldsmen
shifu	shifu
shigella	shigella
shigellosis	shigelloses
shiitake	shiitake
shikigami	shikigami
shikishi	shikishi
shiko	shiko
shikoku	shikoku
shikona	shikona
shild	shildren
shilingi	shilingi
shimekomi	shimekomi
shimewaza	shimewaza
shindeshi	shindeshi
shinigami	shinigami
shinjitai	shinjitai
shinkansen	shinkansen
shinobi	shinobi
shinobu	shinobu
shinrimei	shinrimei
shinrinyoku	shinrinyoku
shintai	shintai
shipman	shipmen
shipworks	shipworks
shirataki	shirataki
shireman	shiremen
shiritori	shiritori
shishamo	shishamo
shisho	shisho
shitatedashinage	shitatedashinage
shitatehineri	shitatehineri
shitatenage	shitatenage
shitnuts	shitnuts
shits	the shits
shittah	shittim
shizoku	shizoku
shkotz	shkotzim
shnoz	shnozzes
shochikubai	shochikubai
shojo	shojo
shokkiri	shokkiri
shokunin	shokunin
shomer	shomrim
shoop	sheep
shopman	shopmen
shopwoman	shopwomen
shorefish	shorefish
shoreman	shoremen
shoresh	shorashim
shoresman	shoresmen
shotai	shotai
shoter	shoterim
shovelfish	shovelfish
shovelman	shovelmen
showbusinessman	showbusinessmen
showman	showmen
showwoman	showwomen
shozoku	shozoku
shrewmouse	shrewmice
shrubful	shrubsful
shtiebel	shtieblach
shugenja	shugenja
shumai	shumai
shumokuzori	shumokuzori
shuttleman	shuttlemen
shvartze	shvartze
shōchikubai	shōchikubai
shūmai	shūmai
sialidosis	sialidoses
sich	sichs
sichah	sichot
sicilicus	sicilici
sickleman	sicklemen
sickman	sickmen
sicula	siculae
sideman	sidemen
siderosis	sideroses
sideshowman	sideshowmen
sidesman	sidesmen
sidewoman	sidewomen
sidh	sidh
sidhe	sidhe
siemens	siemens
sifu	sifu
sightsman	sightsmen
sigillum	sigilla
siglos	sigloi
siglum	sigla
signalman	signalmen
signalwoman	signalwomen
signman	signmen
signum	signa
silf	silves
silfe	silves
silicosis	silicoses
silkman	silkmen
silkwoman	silkwomen
silkworks	silkworks
sillykins	sillykins
silovarch	silovarchs
siloxy	siloxys
silrada	silrady
silurus	siluri
silverfish	silverfish
silverman	silvermen
silversides	silversides
silʹrada	silʹrady
simillimum	simillima
simily	similys
simulacrum	simulacra
simultaneum	simultanea
sinciput	sincipita
sinik	sinik
sinorhizobium	sinorhizobia
siomai	siomai
siphonium	siphonia
siphunculus	siphunculi
sisterkins	sisterkins
sithcundman	sithcundmen
sitheman	sithemen
sitologos	sitologoi
situla	situlae
sixhyndman	sixhyndmen
sixies	sixies
siyum	siyumim
skatefish	skatefish
skazka	skazki
skeesicks	skeesicks
skeezicks	skeezicks
skelloch	skellochs
skhoinion	skhoinia
skillman	skillmen
skins	the skins
skipman	skipmen
skolion	skolia
skunkworks	skunkworks
skycraft	skycraft
skyfish	skyfish
skyman	skymen
skyphos	skyphoi
slain	the slain
slateworks	slateworks
slaughterman	slaughtermen
slaughterwoman	slaughterwomen
slaveman	slavemen
slavewoman	slavewomen
sleepies	the sleepies
slivovic	slivovices
sloopman	sloopmen
slph	slph
slsmn	slsmn
slyboots	slyboots
smacksman	smacksmen
smallcraft	smallcraft
smalto	smalti
smartman	smartmen
smartypants	smartypants
smegma	smegmata
smelt	smelt
smokey	smokies
smorrebrod	smorrebrod
smörrebröd	smörrebröd
smørrebrød	smørrebrød
snaggletooth	snaggleteeth
snakefish	snakefish
snakeman	snakemen
sneaksman	sneaksmen
sneakthief	sneakthieves
sniffles	the sniffles
snookums	snookums
snowchild	snowchildren
snowcraft	snowcraft
snowgo	snowgoes
snowman	snowmen
snowoman	snowomen
snowwoman	snowwomen
snuffers	snuffers
soapman	soapmen
soapworks	soapworks
sobersides	sobersides
sociogenesis	sociogeneses
sociomatrix	sociomatrices
socius	socii
soffione	soffioni
software	software
softworks	softworks
soi	soi
sokubiotoshi	sokubiotoshi
sokushinbutsu	sokushinbutsu
solatium	solatia
soldo	soldi
soleus	solei
solidus	solidi
soliloquium	soliloquia
soliloquy	soliloquies
solvolysis	solvolyses
solvus	solvi
somatophylax	somatophylakes
somniloquy	somniloquies
sonarman	sonarmen
songman	songmen
songthaeo	songthaeo
sonkyo	sonkyo
sonnikins	sonnikins
sonnykins	sonnykins
soralium	soralia
soredium	soredia
soridium	soridia
sorites	sorites
sorosis	soroses
sortilegus	sortilegi
sorus	sori
sosiska	sosiski
sossos	sossoi
sotogake	sotogake
sotokomata	sotokomata
sotomuso	sotomuso
sotong	sotong
sototasukizori	sototasukizori
soundman	soundmen
soundwoman	soundwomen
sous	sous
spacecraft	spacecraft
spacekin	spacekin
spaceman	spacemen
spacewoman	spacewomen
spadefish	spadefish
spademan	spademen
spadesman	spadesmen
spaeman	spaemen
spaewife	spaewives
spaewoman	spaewomen
spaghetto	spaghetti
sparganosis	sparganoses
sparganum	spargana
sparks	sparks
spathilla	spathillae
spawn	spawn
spaz	spazzes
spearfisherman	spearfishermen
spearfisherwoman	spearfisherwomen
spearing	spearing
spearman	spearmen
spearsman	spearsmen
spearwoman	spearwomen
specchia	specchie
species	species
specillum	specilla
spectrahedron	spectrahedra
spectroanalysis	spectroanalyses
spectrum	spectra
speculaas	speculaas
speculoos	speculoos
speculum	specula
speedboatman	speedboatmen
spekulatius	spekulatius
spellthief	spellthieves
spelterman	speltermen
speos	speoi
sperm	sperm
sperma	spermata
spermagonium	spermagonia
spermarium	spermaria
spermatagonium	spermatagonia
spermatangium	spermatangia
spermatium	spermatia
spermatogenesis	spermatogeneses
spermatogonangium	spermatogonangia
spermatogonium	spermatogonia
spermatoon	spermatoa
spermatovum	spermatova
spermatozoon	spermatozoa
spermatozoön	spermatozoa
spermidium	spermidia
spermiogenesis	spermiogeneses
spermococcus	spermococci
spermogonium	spermogonia
spesmilo	spesmiloj
speso	spesoj
sphacelus	sphaceli
sphaeraphis	sphaeraphides
sphaeridium	sphaeridia
sphaeristerium	sphaeristeria
spherium	spheria
spherocytosis	spherocytoses
spheropolyhedron	spheropolyhedra
spherula	spherulae
sphex	spheges
sphingobacterium	sphingobacteria
sphingolipidosis	sphingolipidoses
sphragis	sphragides
spiall	spiall
spiculum	spicula
spiderman	spidermen
spina	spinae
spindlelegs	spindlelegs
spindleshanks	spindleshanks
spinella	spinellae
spinitrix	spinitriches
spinocerebellum	spinocerebella
spins	the spins
spinula	spinulae
spiraculum	spiracula
spiritman	spiritmen
spirobacterium	spirobacteria
spirocercosis	spirocercoses
spirochetosis	spirochetoses
spirofibrilla	spirofibrillae
spironucleosis	spironucleoses
spirotrich	spirotrichs
spissatus	spissati
spithame	spithamai
splayfoot	splayfeet
splenculus	splenculi
splenitis	splenites
splenius	splenii
splenosis	splenoses
splits	the splits
spoilsman	spoilsmen
spokesman	spokesmen
spokeswoman	spokeswomen
spoliarium	spoliaria
spondarthritis	spondarthrites
spondeus	spondei
spondylarthritis	spondylarthritides
spondylarthrosis	spondylarthroses
spondylitis	spondylitides
spondyloarthritis	spondyloarthritides
spondylolisthesis	spondylolistheses
spondylosis	spondyloses
spongiofibrosis	spongiofibroses
spongionecrosis	spongionecroses
spongiosclerosis	spongioscleroses
spongiostratum	spongiostrata
sporangiolum	sporangiola
sporangium	sporangia
sporidiolum	sporidiola
sporidium	sporidia
sporocarpium	sporocarpia
sporodochium	sporodochia
sporogenesis	sporogeneses
sporogonium	sporogonia
sporopollen	sporopollen
sporostegium	sporostegia
sporotheca	sporothecae
sporotrichosis	sporotrichoses
sporozoon	sporozoa
sportfisherman	sportfishermen
sportsfisherman	sportsfishermen
sportsman	sportsmen
sportswoman	sportswomen
sportula	sportulae
sporula	sporulae
spotfin	spotfin
spotsman	spotsmen
sprat	sprat
springbok	springbok
springfish	springfish
spumone	spumoni
spunky	spunkys
spätzli	spätzli
sqft	sqft
squadrista	squadristi
squama	squamae
squareman	squaremen
squaretoes	squaretoes
squash	squash
squawman	squawmen
squeegeeman	squeegeemen
squirarch	squirarchs
squirearch	squirearchs
squirefish	squirefish
squiz	squizzes
srimp	srimp
stabilimentum	stabilimenta
stableman	stablemen
stablewoman	stablewomen
stacy	stacys
stadia	stadia
stadion	stadia
staffman	staffmen
staffperson	staffpeople
stagecoachman	stagecoachmen
stagecraftsman	stagecraftsmen
stageman	stagemen
stagnum	stagna
staithman	staithmen
stalkarazzo	stalkarazzi
stalkerazzo	stalkerazzi
stallman	stallmen
stallsman	stallsmen
staminodium	staminodia
stammtisch	stammtischs
stamnos	stamnoi
stampman	stampmen
standby	standbys
stapedius	stapedii
stapes	stapes
staphyla	staphylae
staphylococcosis	staphylococcoses
staphylococcus	staphylococci
starchman	starchmen
starchworks	starchworks
starman	starmen
stasiarch	stasiarchs
stasidion	stasidia
stasimon	stasima
stasis	stases
stateman	statemen
statesman	statesmen
stateswoman	stateswomen
stathmos	stathmoi
stations	the stations
stationwoman	stationwomen
statisticks	statisticks
statoconium	statoconia
stauromedusa	stauromedusae
stauropegion	stauropegia
stavesman	stavesmen
stavropegion	stavropegia
stavrotheotokion	stavrotheotokia
steakfish	steakfish
steamboatman	steamboatmen
stearsman	stearsmen
steatosis	steatoses
steccherino	steccherini
steelman	steelmen
steelworks	steelworks
steenbras	steenbras
steerman	steermen
steersman	steersmen
steerswoman	steerswomen
steinstrasse	steinstrasse
stelidium	stelidia
stella	stellae
stelo	steloj
stemma	stemmata
stenosis	stenoses
stepchild	stepchildren
stepgrandchild	stepgrandchildren
stepwife	stepwives
stereocilium	stereocilia
stereovillum	stereovilli
sterigma	sterigmata
sterigmatum	sterigmata
sternebra	sternebrae
sternman	sternmen
sternochondroscapularis	sternochondroscapulares
sternocleidomastoideus	sternocleidomastoidei
sternocostapophysis	sternocostapophyses
sternohyoideus	sternohyoidei
sternomastoideus	sternomastoidei
sternopleuron	sternopleura
sternothyroideus	sternothyroidei
sternsman	sternsmen
sternum	sterna
steroidogenesis	steroidogeneses
stewardsman	stewardsmen
stich	stichs
sticherarion	sticheraria
stichidium	stichidia
stichos	stichoi
stichotrich	stichotrichs
stickman	stickmen
sticksman	sticksmen
stickwoman	stickwomen
stigma	stigmata
stiliaga	stiliagi
stillman	stillmen
stilus	stili
stipella	stipellae
stipellus	stipelli
stipes	stipites
stipitipellis	stipitipelles
stiria	stiriae
stirps	stirpes
stoa	stoae
stockingfoot	stockingfeet
stockman	stockmen
stockwoman	stockwomen
stokes	stokes
stolidobranch	stolidobranchs
stoma	stomata
stomach	stomachs
stomatocytosis	stomatocytoses
stomatodaeum	stomatodaea
stomatodeum	stomatodea
stomium	stomia
stomodaeum	stomodaea
stomodeum	stomodea
stonedelf	stonedelves
stoneman	stonemen
stoneworks	stoneworks
stopperman	stoppermen
storehouseman	storehousemen
storeman	storemen
storesman	storesmen
storewoman	storewomen
storyknife	storyknives
storyman	storymen
straat	straate
stragulum	stragula
strandwolf	strandwolves
strategos	strategoi
strategus	strategi
stratigotus	stratigoti
stratocirrus	stratocirri
stratocumulus	stratocumuli
stratovolcano	stratovolcanoes
stratum	strata
stratus	strati
strawman	strawmen
strawpedo	strawpedoes
strawwoman	strawwomen
streamworks	streamworks
strelets	streltsy
streptobacillosis	streptobacilloses
streptobacillus	streptobacilli
streptobacterium	streptobacteria
streptococcosis	streptococcoses
streptococcus	streptococci
streptothricosis	streptothricoses
stretcherman	stretchermen
stria	striae
striga	strigae
stringfish	stringfish
strobila	strobilae
strobilus	strobili
strokeman	strokemen
strokesman	strokesmen
stroma	stromata
strongman	strongmen
strongwoman	strongwomen
strongyloidiasis	strongyloidiases
strongyloidosis	strongyloidoses
strongylosis	strongyloses
strophalos	strophaloi
strophicus	strophici
strophulus	strophuli
stroupach	stroupachs
stubborns	the stubborns
stucco	stuccoes
studiolo	studioli
stufa	stufae
stuntman	stuntmen
stuntwoman	stuntwomen
stuprum	stupra
sturgeon	sturgeon
stwy	stwys
stygofauna	stygofauna
stylion	stylia
stylodium	stylodia
styloglossus	styloglossi
stylohyoideus	stylohyoidei
stylopharyngeus	stylopharyngei
stylopodium	stylopodia
stylops	stylops
stylulus	styluli
stylus	styli
su	su
subanalysis	subanalyses
subapex	subapices
subarctometatarsus	subarctometatarsi
subbasis	subbases
subcallosum	subcallosa
subcallus	subcalli
subchairman	subchairmen
subchild	subchildren
subchorionitis	subchorionites
subcinctorium	subcinctoria
subclavius	subclavii
subcommitteeman	subcommitteemen
subcontinuum	subcontinua
subcorpus	subcorpora
subcosta	subcostae
subcostalis	subcostales
subcoxa	subcoxae
subcriterion	subcriteria
subcurriculum	subcurricula
subdiagnosis	subdiagnoses
subecho	subechoes
subendocardium	subendocardia
subendothelium	subendothelia
subepicardium	subepicardia
subepithelium	subepithelia
subepoch	subepochs
subfonds	subfonds
subforeman	subforemen
subfreshman	subfreshmen
subgens	subgentes
subgenus	subgenera
subheadquarters	subheadquarters
subhero	subheroes
subhymenium	subhymenia
subhypothesis	subhypotheses
subiculum	subicula
subilium	subilia
subleaf	subleaves
subligaculum	subligacula
sublingua	sublinguae
sublocus	subloci
subman	submen
submarium	submaria
submaxilla	submaxillae
submentum	submenta
subnivium	subnivia
subnucleus	subnuclei
suboperculum	subopercula
subordo	subordines
subpallium	subpallia
subphenomenon	subphenomena
subphylum	subphyla
subpseudopodium	subpseudopodia
subrefugium	subrefugia
subself	subselves
subsellium	subsellia
subseries	subseries
subsheaf	subsheaves
subspecies	subspecies
subspectrum	subspectra
substituendum	substituenda
substratum	substrata
subsubseries	subsubseries
subsubspecies	subsubspecies
subsultus	subsulti
subsynovium	subsynovia
subtaxon	subtaxa
subtegula	subtegulae
subthalamus	subthalami
subthesis	subtheses
subtorus	subtori
subtribus	subtribus
subucula	subuculae
subula	subulae
suburothelium	suburothelia
subworkman	subworkmen
succinctorium	succinctoria
succubus	succubi
succula	succulae
succus	succi
suchomimus	suchomimus
sudachi	sudachi
sudamen	sudamina
sudarium	sudaria
sudatorium	sudatoria
suffrago	suffragines
suffrutex	suffrutices
sufganiya	sufganiyot
sufganiyah	sufganiyot
sugarloaf	sugarloaves
sugarman	sugarmen
sugartits	sugartits
sugarworks	sugarworks
suka	suki
sukuinage	sukuinage
sukuk	sukuk
sulcogyrogenesis	sulcogyrogeneses
sulcus	sulci
sumach	sumachs
sumi	sumi
summula	summulae
sumo	sumo
sumpman	sumpmen
sumti	sumti
sumu	sumu
sumxu	sumxu
sumōtori	sumōtori
sundriesman	sundriesmen
sundryman	sundrymen
sunfish	sunfish
superchild	superchildren
supercilium	supercilia
supercolossus	supercolossi
supercontinuum	supercontinua
superequilibrium	superequilibria
superficies	superficies
superfoot	superfeet
supergenus	supergenera
superhelix	superhelices
superhero	superheroes
supericosahedron	supericosahedra
superkilonova	superkilonovae
superlingua	superlinguae
superlocus	superloci
superman	supermen
supermaxilla	supermaxillae
supermouse	supermice
supernebula	supernebulae
supernova	supernovae
superoctahedron	superoctahedra
superphenomenon	superphenomena
superphylum	superphyla
superqueero	superqueeroes
supersalesman	supersalesmen
superself	superselves
superseries	superseries
supershero	supersheroes
superspecies	superspecies
superstatesman	superstatesmen
superstimulus	superstimuli
superstratum	superstrata
supertaxon	supertaxa
supertetrahedron	supertetrahedra
supertornado	supertornadoes
supertorus	supertori
supervertex	supervertices
supervolcano	supervolcanoes
superwife	superwives
superwoman	superwomen
suppedaneum	suppedanea
suppli	suppli
supplì	supplì
supracleithrum	supracleithra
suprailium	suprailia
supramaxilla	supramaxillae
supraspinatus	supraspinati
surculus	surculi
surfaceman	surfacemen
surfboatman	surfboatmen
surffish	surffish
surfman	surfmen
surrogatum	surrogata
surstylus	surstyli
susoharai	susoharai
susotori	susotori
suspensorium	suspensoria
sustentaculum	sustentacula
swagful	swagsful
swagman	swagmen
swagsman	swagsmen
swagwoman	swagwomen
swai	swai
swallowfish	swallowfish
swaraj	swarajes
swarth	swarthes
swchmn	swchmn
sweepstakes	sweepstakes
sweetcheeks	sweetcheeks
sweeterman	sweetermen
sweetlips	sweetlips
sweetman	sweetmen
sweetpotato	sweetpotatoes
sweets	sweets
sweetums	sweetums
swellmobsman	swellmobsmen
swine	swine
swineman	swinemen
swingby	swingbys
swingman	swingmen
switchknife	switchknives
switchman	switchmen
swiz	swizzes
swordfish	swordfish
swordfisherman	swordfishermen
swordman	swordmen
swordsman	swordsmen
swordswoman	swordswomen
syconium	syconia
sycosis	sycoses
syllabus	syllabi
syllepsis	syllepses
syllogismus	syllogismi
symbiogenesis	symbiogeneses
symbiosis	symbioses
sympathicolysis	sympathicolyses
symphenomenon	symphenomena
symphysiolysis	symphysiolyses
symphysis	symphyses
sympodium	sympodia
symposiarch	symposiarchs
synaeresis	synaereses
synaesthesia	synaesthesiae
synairesis	synaireses
synandrium	synandria
synangium	synangia
synapophysis	synapophyses
synapsis	synapses
synapticula	synapticulae
synapticulum	synapticula
synarthrosis	synarthroses
synaxarion	synaxaria
synaxarium	synaxaria
synaxis	synaxes
syncarpium	syncarpia
syncellus	syncelli
syncerebrum	syncerebra
synch	synchs
synchesis	syncheses
synchisis	synchises
synchondrosis	synchondroses
synchresis	synchreses
synchysis	synchyses
syncitium	syncitia
syncrisis	syncrises
syncytium	syncytia
syndesis	syndeses
syndesmosis	syndesmoses
synechiolysis	synechiolyses
synecphonesis	synecphoneses
synedrion	synedria
synedrium	synedria
syneresis	synereses
synesis	syneses
synezesis	synezeses
synfibrosis	synfibroses
synganglion	synganglia
synhedrion	synhedria
synizesis	synizeses
synkinesis	synkineses
synnema	synnemata
synneurosis	synneuroses
synodsman	synodsmen
synonymia	synonymiae
synopsis	synopses
synosteosis	synosteoses
synostosis	synostoses
synovitis	synovitides
synovium	synovia
syntagma	syntagmata
syntaxis	syntaxes
syntaxon	syntaxa
synthesis	syntheses
syntheton	syntheta
synthronos	synthronoi
synthronus	synthroni
synusia	synusiae
synæresis	synæreses
synæsthesia	synæsthesiæ
syrnik	syrniki
syrnyk	syrnyky
syrtis	syrtes
systasis	systases
systylius	systylia
syzygium	syzygia
sæptum	sæpta
tabella	tabellae
tabes	tabes
tableau	tableaux
tableman	tablemen
tablinum	tablina
tabula	tabulae
tabularium	tabularia
tach	tachs
tachi	tachi
tachimochi	tachimochi
tachrich	tachrichim
tachyphylaxis	tachyphylaxes
tackleman	tacklemen
tacksman	tacksmen
taeniasis	taeniases
taenidium	taenidia
taeniola	taeniolae
taepyeongso	taepyeongso
tafone	tafoni
tag	tagin
tagelied	tagelieder
tagetes	tagetes
tagliatella	tagliatelle
tagliatelle	tagliatelle
tagma	tagmata
tailorman	tailormen
tais	tais
taiyaki	taiyaki
tajín	tajines
takanah	takanot
takannah	takannot
takkanah	takkanot
takkannah	takkannot
taklu	taklu
takoyaki	takoyaki
talaromycosis	talaromycoses
talcosis	talcoses
talea	taleae
tales	tales
talesman	talesmen
taliswoman	taliswomen
tallowman	tallowmen
tallyman	tallymen
tallywoman	tallywomen
talmid	talmidim
talonas	talonas
talpa	talpae
talus	tali
talweg	talwege
tama	tamata
tamal	tamales
tamizdatchik	tamizdatchiki
tangare	tangare
tangyuan	tangyuan
taniwha	taniwha
tankerman	tankermen
tankman	tankmen
tanooki	tanooki
tanru	tanru
tanto	tanto
tanuki	tanuki
tanworks	tanworks
tanzaku	tanzaku
taoiseach	taoiseachs
taonga	taonga
taotai	taotai
tapeman	tapemen
taphocoenosis	taphocoenoses
taphofacies	taphofacies
tapinosis	tapinoses
tapman	tapmen
tapsman	tapsmen
taqqanah	taqqanot
taraiu	taraiu
targeman	targemen
targetman	targetmen
tarsale	tarsalia
tarsometatarsus	tarsometatarsi
tarsus	tarsi
tartemorion	tartemoria
tartwoman	tartwomen
tarworks	tarworks
tas	tasses
tasto	tasti
tasukizori	tasukizori
tategyoji	tategyoji
taurobolium	taurobolia
tavernman	tavernmen
tawara	tawara
tawaroa	tawaroa
taxiarch	taxiarchs
taximan	taximen
taxis	taxes
taxman	taxmen
taxon	taxa
taxwoman	taxwomen
tbs	tbs
tbsp	tbsp
tcf	tcf
tchaviche	tchaviche
tchervonets	tchervontsy
tcm	tcm
tealeaf	tealeaves
teaman	teamen
teamman	teammen
teamsman	teamsmen
tech	techs
technoself	technoselves
tectibranch	tectibranchs
tectogenesis	tectogeneses
tectorium	tectoria
tectrix	tectrices
tectum	tecta
tefach	tefachim
tefah	tefahim
tefila	tefilos
tefilla	tefillin
tegula	tegulae
teishoku	teishoku
tej	tej
tekufah	tekufot
telangiectasis	telangiectases
telautomaton	telautomata
teleautomaton	teleautomata
telediagnosis	telediagnoses
telekinesis	telekineses
teleman	telemen
teleoanalysis	teleoanalyses
teleoconch	teleoconchs
telesalesman	telesalesmen
teleseries	teleseries
telestich	telestichs
telium	telia
telnyashka	telnyashki
telotarsus	telotarsi
telotaxis	telotaxes
telotroch	telotrochs
telpherman	telphermen
temari	temari
temenos	temenoi
temperates	the temperates
tempestarius	tempestarii
temporalis	temporales
tenacibaculosis	tenacibaculoses
tenaculum	tenacula
tench	tench
tenderfoot	tenderfeet
tenderman	tendermen
tendinosus	tendinosi
tendovaginitis	tendovaginitides
tengwa	tengwar
teniasis	teniases
tennesi	tennesi
tennisman	tennismen
tenniswoman	tenniswomen
tenodesis	tenodeses
tenolysis	tenolyses
tenorman	tenormen
tenosynovitis	tenosynovitides
tensies	tensies
tentaculum	tentacula
tentillum	tentilla
tentorium	tentoria
tenuis	tenues
tenuki	tenuki
tephila	tephilot
tephillah	tephillin
teppan	teppan
teppo	teppo
terabaud	terabaud
terahertz	terahertz
teras	terata
teratogenesis	teratogeneses
teratosis	teratoses
teres	teretes
terfez	terfez
tergum	terga
termes	termites
terminus	termini
terrierman	terriermen
tertibrach	tertibrachs
terumah	terumot
teruncius	teruncii
tessella	tessellae
tessera	tesserae
testarolo	testaroli
testatrix	testatrices
testis	testes
tesuji	tesuji
tetanus	tetani
tetrabrach	tetrabrachs
tetrabranch	tetrabranchs
tetraconch	tetraconchs
tetradecahedron	tetradecahedra
tetradrachmon	tetradrachma
tetraedrum	tetraedra
tetraeteris	tetraeterides
tetragrammaton	tetragrammata
tetrahedron	tetrahedra
tetrahemihexahedron	tetrahemihexahedra
tetrakionion	tetrakionia
tetrapolis	tetrapoleis
tetraptych	tetraptychs
tetrapylon	tetrapyla
tetrarch	tetrarchs
tetrasporangium	tetrasporangia
tetrasternum	tetrasterna
tetrastich	tetrastichs
tetrastoon	tetrastoa
tetrastylon	tetrastyla
tetrevangelium	tetrevangelia
tetri	tetri
tetrobolos	tetroboloi
tetromino	tetrominoes
textman	textmen
tečka	tečky
thalamegos	thalamegoi
thalamencephalon	thalamencephala
thalamium	thalamia
thalamus	thalami
thalloconidium	thalloconidia
thalweg	thalwege
thanatocoenosis	thanatocoenoses
thanatopsis	thanatopses
thanatosis	thanatoses
thangka	thangka
thaumarchaea	thaumarchaea
theanthropos	theanthropoi
thearch	thearchs
theatron	theatra
thebe	thebe
thecium	thecia
theef	theeves
theif	theives
theileriasis	theileriases
theileriosis	theilerioses
thelium	thelia
thelycum	thelyca
theogenesis	theogeneses
theologoumenon	theologoumena
theologus	theologi
theotokion	theotokia
theowman	theowmen
therapeusis	therapeuses
thermoanalysis	thermoanalyses
thermokinesis	thermokineses
thermolysis	thermolyses
thermopolium	thermopolia
thermos	thermoi
thermosensillum	thermosensilla
thermotaxis	thermotaxes
thesaurus	thesauri
thesis	theses
thetanullwert	thetanullwerte
thiasos	thiasoi
thiasus	thiasi
thicklips	thicklips
thief	thieves
thigle	thigle
thigmotaxis	thigmotaxes
thimbleman	thimblemen
thingman	thingmen
thioacidolysis	thioacidolyses
thiobacillus	thiobacilli
thirdsman	thirdsmen
thokcha	thokcha
tholos	tholoi
tholus	tholi
thoracentesis	thoracenteses
thoracetron	thoracetra
thoracocentesis	thoracocenteses
thoracopagus	thoracopagi
thoracopygidium	thoracopygidia
thoracoscoliosis	thoracoscolioses
thorax	thoraces
thousandweight	thousandweight
threesies	threesies
threnos	threnoi
thresherman	threshermen
thriambus	thriambi
thrillcraft	thrillcraft
thrips	thrips
thromboangiitis	thromboangiitides
thrombocytapheresis	thrombocytaphereses
thrombocytopheresis	thrombocytophereses
thrombocytosis	thrombocytoses
thromboembolus	thromboemboli
thrombogenesis	thrombogeneses
thrombophlebitis	thrombophlebitides
thrombopoiesis	thrombopoieses
thromboprophylaxis	thromboprophylaxes
thrombosis	thromboses
thrombus	thrombi
throttleman	throttlemen
thulr	thulir
thumbikins	thumbikins
thumos	thumoi
thunderfish	thunderfish
thymos	thymoi
thyridium	thyridia
thyroarytenoideus	thyroarytenoidei
thyrohyoideus	thyrohyoidei
thyroiditis	thyroiditides
thyropharyngeus	thyropharyngei
thyrosis	thyroses
thyrotoxicosis	thyrotoxicoses
thyrsus	thyrsi
tiang	tiang
tibiale	tibialia
tibialis	tibiales
tibicen	tibicines
tibiotarsus	tibiotarsi
tidesman	tidesmen
tidytips	tidytips
tifaifai	tifaifai
tifosi	tifosi
tifoso	tifosi
tigella	tigellae
tikkun	tikkunim
tiklal	tikalil
tilefish	tilefish
tileworks	tileworks
tillerman	tillermen
tillman	tillmen
timberman	timbermen
timberwolf	timberwolves
timeseries	timeseries
timpano	timpani
tinctura	tincturae
tineman	tinemen
tinfish	tinfish
tinkerman	tinkermen
tinman	tinmen
tinniolum	tinniola
tinsnips	tinsnips
tintenstriche	tintenstriche
tintinnabulum	tintinnabula
tinworks	tinworks
tirewoman	tirewomen
titheman	tithemen
tithingman	tithingmen
titman	titmen
titmouse	titmice
titulus	tituli
tivaevae	tivaevae
tivaivai	tivaivai
tlaquimilolli	tlaquimilolli
tmema	tmemata
tmesis	tmeses
toadfish	toadfish
tobaccoman	tobaccomen
tobyman	tobymen
toddlekins	toddlekins
toddyman	toddymen
toftman	toftmen
tofus	tofi
togemans	togemans
tohutō	tohutō
toiseach	toiseachs
toisech	toisechs
tokkuri	tokkuri
tokkurinage	tokkurinage
tokoyama	tokoyama
tolkach	tolkachs
tollman	tollmen
tollwoman	tollwomen
tomacula	tomaculae
tomato	tomatoes
tomentum	tomenta
tomium	tomia
tomoe	tomoe
tomos	tomoi
tomosynthesis	tomosyntheses
tomtato	tomtatoes
tongman	tongmen
tongsman	tongsmen
tonkotsu	tonkotsu
tonos	tonoi
tonsillitis	tonsillitides
tonya	tonya
toof	teef
toolach	toolachs
toolman	toolmen
toolshelf	toolshelves
tooth	teeth
toothach	toothachs
toots	toots
toparch	toparchs
topas	topas
topato	topatoes
topepo	topepoes
tophus	tophi
topman	topmen
topoanalysis	topoanalyses
topos	topoi
topsman	topsmen
torafugu	torafugu
torchman	torchmen
torculus	torculi
torgoch	torgochs
torii	torii
torikumi	torikumi
torinaoshi	torinaoshi
tormentum	tormenta
tornado	tornadoes
tornadogenesis	tornadogeneses
tornus	torni
torpedo	torpedoes
torpedoman	torpedomen
torrentfish	torrentfish
tortellini	tortellini
tortellino	tortellini
tortoni	tortoni
torulus	toruli
torus	tori
toshach	toshachs
toshirak	toshirak
toshiyori	toshiyori
tosirak	tosirak
tottari	tottari
touloulou	touloulou
tournedos	tournedos
towerman	towermen
townman	townmen
townsman	townsmen
townswoman	townswomen
toxarch	toxarchs
toxascarosis	toxascaroses
toxicosis	toxicoses
toxinosis	toxinoses
toxonosis	toxonoses
toxoplasma	toxoplasmata
toxoplasmosis	toxoplasmoses
toxotes	toxotai
toyman	toymen
toywoman	toywomen
tra	tra
trabacula	trabaculae
trabea	trabeae
trabeata	trabeatae
trabecula	trabeculae
trabeculitis	trabeculites
trabeculodysgenesis	trabeculodysgeneses
trabeculus	trabeculi
trach	trachs
trachea	tracheae
tracheitis	tracheitides
trachelion	trachelia
trachelium	trachelia
tracheostoma	tracheostomata
trackman	trackmen
trackwoman	trackwomen
tractatrix	fautrices
tractellum	tractella
tractrix	tractrices
tradesman	tradesmen
tradeswoman	tradeswomen
tradwife	tradwives
tragelaphus	tragelaphi
tragula	tragulae
tragus	tragi
trailman	trailmen
trailsman	trailsmen
trainman	trainmen
trainwoman	trainwomen
tramezzino	tramezzini
tramwayman	tramwaymen
transcytosis	transcytoses
transendocytosis	transendocytoses
transgenesis	transgeneses
transgentleman	transgentlemen
translamella	translamellae
translatrix	translatrices
transman	transmen
transmedium	transmedia
transseries	transseries
transtilla	transtillae
transversarium	transversaria
transversospinalis	transversospinales
transwoman	transwomen
transwomyn	transwomyn
trapezius	trapezii
trapezohedron	trapezohedra
trashman	trashmen
traumascum	traumascum
travis	traves
trawlerman	trawlermen
trawlman	trawlmen
trematodiasis	trematodiases
trencherman	trenchermen
trencherwoman	trencherwomen
treponematosis	treponematoses
trewsman	trewsmen
triacontahedron	triacontahedra
triakistetrahedron	triakistetrahedra
triarch	triarchs
triarius	triarii
tribesman	tribesmen
tribeswoman	tribeswomen
tribikos	tribikoi
tribrach	tribrachs
tribrachus	tribrachi
tribus	tribus
trica	tricae
tricennalia	tricennalia
tricennium	tricennia
triceps	triceps
triceratops	triceratops
tricerion	triceria
trich	trichs
trichiasis	trichiases
trichinellosis	trichinelloses
trichiniasis	trichiniases
trichinosis	trichinoses
trichobothrium	trichobothria
trichobranchia	trichobranchiae
trichocephalosis	trichocephaloses
trichomoniasis	trichomoniases
trichomonosis	trichomonoses
trichomycosis	trichomycoses
trichophytosis	trichophytoses
trichosensillum	trichosensilla
trichosis	trichoses
trichuriasis	trichuriases
triclops	triclops
tricriterion	tricriteria
tridecahedron	tridecahedra
triens	trientes
trierarch	trierarchs
trifluoroacetoxy	trifluoroacetoxys
triforium	triforia
trigeminus	trigemini
triggerfish	triggerfish
triggerman	triggermen
triggerwoman	triggerwomen
trigonon	trigona
trihedron	trihedra
trihelix	trihelices
trikerion	trikeria
trilby	trilbys
trimatrix	trimatrices
trinkerman	trinkermen
trinomen	trinomina
triobolon	triobola
triomino	triominoes
tripeman	tripemen
tripewife	tripewives
tripewoman	tripewomen
tripman	tripmen
triptich	triptichs
triptotes	nouns
triptych	triptychs
tripudium	tripudia
tripus	tripodes
triquetrum	triquetra
triradius	triradii
trisagion	trisagia
trisectrix	trisectrices
triskaidecahedron	triskaidecahedra
triskeles	triskeles
trispectrum	trispectra
tristich	tristichs
tristimulus	tristimuli
tristropha	tristrophae
tritocerebrum	tritocerebra
tritorium	tritoria
tritosternum	tritosterna
tritovum	tritova
trittys	trittyes
triumvir	triumviri
triungulin	triungula
trivia	trivia
triviata	triviata
trivirga	trivirgae
trocheus	trochei
trochiscus	trochisci
trochlea	trochleae
trolleyman	trolleymen
trollman	trollmen
trombidiasis	trombidiases
tromino	trominoes
tropaion	tropaia
trophallaxis	trophallaxes
trophobiosis	trophobioses
trophonema	trophonemata
trophoneurosis	trophoneuroses
trophospecies	trophospecies
trophus	trophi
tropics	the tropics
tropotaxis	tropotaxes
tropæum	tropæa
trouchman	trouchmen
trout	trout
troutlet	troutlet
troutperch	troutperch
trowelman	trowelmen
truceman	trucemen
truchman	truchmen
truckman	truckmen
trumpetfish	trumpetfish
truncus	trunci
truscum	truscum
trustman	trustmen
truthsman	truthsmen
tryma	trymata
trypanorhynch	trypanorhynchs
trypanosomiasis	trypanosomiases
trypanosomosis	trypanosomoses
tryworks	tryworks
tsampoy	tsampoy
tsetse	tsetse
tsien	tsien
tsifteteli	tsiftetelia
tsitsith	tsitsiyoth
tsp	tsp
tsuchigumo	tsuchigumo
tsuchinoko	tsuchinoko
tsukaminage	tsukaminage
tsukebito	tsukebito
tsukidashi	tsukidashi
tsukiotoshi	tsukiotoshi
tsukitaoshi	tsukitaoshi
tsukite	tsukite
tsukubai	tsukubai
tsumatori	tsumatori
tsuna	tsuna
tsunami	tsunami
tsundere	tsundere
tsuridashi	tsuridashi
tsuridono	tsuridono
tsuriotoshi	tsuriotoshi
tsutaezori	tsutaezori
tsuyuharai	tsuyuharai
tubefoot	tubefeet
tuberculosis	tuberculoses
tuberculum	tubercula
tubestock	tubestock
tubfish	tubfish
tubful	tubsful
tubman	tubmen
tubotympanum	tubotympana
tubulointerstitium	tubulointerstitia
tubulonephritis	tubulonephrites
tubulus	tubuli
tubus	tubi
tubwoman	tubwomen
tugboatman	tugboatmen
tugman	tugmen
tui	tui
tuladi	tuladi
tulpa	tulpa
tumorgenesis	tumorgeneses
tumorigenesis	tumorigeneses
tumorogenesis	tumorogeneses
tumourigenesis	tumourigeneses
tumulus	tumuli
tuna	tuna
tunica	tunicae
tunny	tunny
tupman	tupmen
turbot	turbot
turfman	turfmen
turkeyfish	turkeyfish
turkeyman	turkeymen
turron	turrones
turrón	turrones
tutman	tutmen
tutulus	tutuli
tutworkman	tutworkmen
twelfhyndeman	twelfhyndemen
twelfhyndman	twelfhyndmen
twelvehyndeman	twelvehyndemen
twelvesies	twelvesies
twinkletoes	twinkletoes
twosies	twosies
twyhyndman	twyhyndmen
tychoplankton	tychoplankton
tylarus	tylari
tylosis	tyloses
tympano	tympani
tympanocentesis	tympanocenteses
tympanosclerosis	tympanoscleroses
tympf	tympfe
typhlocolitis	typhlocolitides
typhlon	typhla
typicon	typica
typikon	typika
tyrannosaurus	tyrannosauri
tyroma	tyromata
tyyn	tyyn
tzedaka	tzedakot
tzedakah	tzedakot
tzimmes	tzimmes
tzimtzum	tzimtzumim
tzitzit	tzitziot
tzolkinex	tzolkinex
tæniasis	tæniases
u	ues
uaru	uaru
uberman	ubermen
ubermensch	ubermenschen
ubume	ubume
uchiage	uchiage
uchigake	uchigake
uchigatana	uchigatana
uchikake	uchikake
uchimuso	uchimuso
udalman	udalmen
udon	udon
ugari	ugari
uguisubari	uguisubari
ukiyoe	ukiyoe
ukiyoye	ukiyoye
ukiyoé	ukiyoé
ulcus	ulcera
ulitis	ulitides
ulna	ulnae
ultramicroanalysis	ultramicroanalyses
ultramicrobacterium	ultramicrobacteria
umbella	umbellae
umbellula	umbellulae
umbilicus	umbilici
umbles	the umbles
umbo	umbones
umbraculum	umbracula
ume	ume
umkhwetha	abakwetha
umuzungu	abazungu
unarch	unarchs
uncinus	uncini
uncs	uncs
unctorium	unctoria
uncus	unci
undead	undead
undecahedron	undecahedra
underclassman	underclassmen
underclasswoman	underclasswomen
undercoachman	undercoachmen
underdiagnosis	underdiagnoses
underemphasis	underemphases
underfootman	underfootmen
underhanded	the underhanded
underhangman	underhangmen
underhorseman	underhorsemen
underleaf	underleaves
underlife	underlives
underman	undermen
underperson	underpeople
underprivileged	underprivileged
underseaman	underseamen
underself	underselves
undershelf	undershelves
underspecies	underspecies
underworkman	underworkmen
undulipodium	undulipodia
unfreeman	unfreemen
ungentleman	ungentlemen
unguentarium	unguentaria
unguiculus	unguiculi
unguis	ungues
ungula	ungulae
unhero	unheroes
unicum	unica
unigravida	unigravidae
uninitiated	the uninitiated
unisus	unisi
unnova	unnovae
unseelie	unseelie
unself	unselves
untermensch	untermenschen
unwoman	unwomen
unzoki	unzoki
upcountry	further
upman	upmen
upokororo	upokororo
upperclassman	upperclassmen
upperclasswoman	upperclasswomen
upsetterman	upsettermen
upshorts	upshorts
upstairs	upstairs
urachus	urachi
uraeus	uraei
uramaki	uramaki
uraniscus	uranisci
urbarium	urbaria
urbs	urbes
urceolus	urceoli
urceus	urcei
urdoxa	urdoxae
uredinium	uredinia
uredium	uredia
ureteritis	ureteritides
ureterostenosis	ureterostenoses
urethritis	urethritides
urinalysis	urinalyses
urinothorax	urinothoraces
uro	uro
urobacterium	urobacteria
uroboros	uroboroi
urocystitis	urocystitides
urodeum	urodea
uroepithelium	uroepithelia
urogomphus	urogomphi
urolithiasis	urolithiases
uropatagium	uropatagia
urophysis	urophyses
uropygium	uropygia
urosteon	urostea
urothelium	urothelia
urring	urringes
urstromtal	urstromtäler
urus	uri
urushiye	urushiye
uræus	uræi
ushabti	ushabtiu
ushioni	ushioni
ushiromotare	ushiromotare
ustrinum	ustrina
utchari	utchari
uterus	uteri
utilityman	utilitymen
utopia	utopia
utriculus	utriculi
utum	atam
uveitis	uveitides
uvula	uvulae
uwatedashinage	uwatedashinage
uwatehineri	uwatehineri
uwatenage	uwatenage
uzh	uzhes
vacuüm	vacua
vadimonium	vadimonia
vaginitis	vaginitides
vaginosis	vaginoses
vagus	vagi
vaj	vajes
valenok	valenki
valetudinarium	valetudinaria
vallecula	valleculae
valleyman	valleymen
vallicula	valliculae
valuta	valute
valva	valvae
valveman	valvemen
valvocopula	valvocopulae
valvula	valvulae
valvulitis	valvulitides
vaniloquy	vaniloquies
vanman	vanmen
vannerman	vannermen
vaporarium	vaporaria
varenik	vareniki
varenyk	varenyky
varicosis	varicoses
varix	varices
varus	vari
vas	vasa
vastus	vasti
vates	vates
vatman	vatmen
vaultman	vaultmen
vectis	vectes
veepstakes	veepstakes
veillonella	veillonellae
velamentum	velamenta
velarium	velaria
veldman	veldmen
vellus	vellera
velopharynx	velopharynges
velum	vela
vena	venae
venatio	venationes
venireman	veniremen
venirewoman	venirewomen
ventman	ventmen
ventriculitis	ventriculitides
ventriculoencephalitis	ventriculoencephalites
ventriculus	ventriculi
ventriloquy	ventriloquies
ventrobronchus	ventrobronchi
ventrum	ventra
venula	venulae
verbenarius	verbenarii
verdello	verdelli
veredictum	veredicta
verfremdungseffekt	verfremdungseffekte
veritas	veritates
vermetus	vermeti
vermis	vermes
vermix	vermices
verrucomicrobium	verrucomicrobia
versammling	versammlinge
verseman	versemen
versiculus	versiculi
verspecies	verspecies
vertebra	vertebrae
vertex	vertices
verticillus	verticilli
vesicula	vesiculae
vesiculitis	vesiculitides
vespillo	vespilloes
vestiarium	vestiaria
vestibulum	vestibula
vestigium	vestigia
vestryman	vestrymen
vestrywoman	vestrywomen
veto	vetoes
vexillum	vexilla
vibex	vibices
vibracularium	vibracularia
vibraculum	vibracula
vibraknife	vibraknives
vibratiuncula	vibratiunculæ
vibriosis	vibrioses
vibrissa	vibrissae
vibroknife	vibroknives
vicechairman	vicechairmen
vicecomes	vicecomites
viceman	vicemen
vicennalia	vicennalia
vicennium	vicennia
victoriatus	victoriati
vicus	vici
videndum	videnda
villa	villae
villageman	villagemen
villus	villi
vimen	vimina
vimpa	vimpae
vinculum	vincula
vindex	vindices
vinta	vinta
virginal	virginal
virginalls	virginalls
virginals	virginals
virginopara	virginoparae
virioplankton	virioplankton
virogenesis	virogeneses
virosis	viroses
vis	vires
viscerocranium	viscerocrania
viscidium	viscidia
viscus	viscera
viseman	visemen
visitatrix	visitatrices
vita	vitae
vitaminosis	vitaminoses
vitellus	vitelli
viticetum	viticeta
vitrella	vitrellae
vitrum	vitra
vitta	vittae
vivaxis	vivaxes
vivisectorium	vivisectoria
vocabularium	vocabularia
vocalis	vocales
voceru	voceri
vola	volae
volcano	volcanoes
volsella	volsellae
volvulus	volvuli
vomitorium	vomitoria
vomitus	vomita
vortex	vortices
vraka	vrakes
vulnus	vulnera
vulsella	vulsellae
vulvitis	vulvitides
wa	wa
waa	waa
wagashi	wagashi
wageman	wagemen
wagesman	wagesmen
wago	wago
wagonman	wagonmen
wagonwayman	wagonwaymen
wagonworks	wagonworks
wahmen	wahmen
waifu	waifu
wainman	wainmen
waishengren	waishengren
waitoreke	waitoreke
waitrix	waitrices
wakagashira	wakagashira
wakan	wakan
wakasagi	wakasagi
wakashu	wakashu
wakeman	wakemen
wakipai	wakipai
wakizashi	wakizashi
walksman	walksmen
wallfish	wallfish
wamen	wamen
wandsman	wandsmen
wangtooth	wangteeth
wanton	wanton
wapanese	wapanese
waqf	awqaf
wardman	wardmen
wardsman	wardsmen
wardswoman	wardswomen
wardwoman	wardwomen
warehouseman	warehousemen
warehousewoman	warehousewomen
warez	warez
wargus	wargi
warhero	warheroes
waridashi	waridashi
warman	warmen
waruga	waruga
warwolf	warwolves
warwoman	warwomen
washerman	washermen
washerwife	washerwives
washerwoman	washerwomen
washeryman	washerymen
washman	washmen
washwoman	washwomen
waspfish	waspfish
wasserman	wassermen
wasteman	wastemen
watashikomi	watashikomi
watches	watches
watchgoose	watchgeese
watchman	watchmen
watchwoman	watchwomen
waterboatman	waterboatmen
waterfowl	waterfowl
waterman	watermen
watersheep	watersheep
waterthief	waterthieves
waterwoman	waterwomen
waterworks	waterworks
wattman	wattmen
waxworks	waxworks
waz	wazzes
waṣla	waṣla
wealsman	wealsmen
wealthtech	wealthtechs
weaponsman	weaponsmen
weatherman	weathermen
weatherwoman	weatherwomen
webseries	webseries
wedgefish	wedgefish
weedman	weedmen
weedwoman	weedwomen
wehrwolf	wehrwolves
weighbridgeman	weighbridgemen
weighman	weighmen
weightman	weightmen
weirdo	weirdoes
weirds	the weirds
wels	wels
wemistikoshiw	wemistikoshiw
wenchman	wenchmen
wendigo	wendigo
weoman	weomen
werefish	werefish
wereman	weremen
weresquid	weresquid
werewolf	werewolves
werewoman	werewomen
wero	wero
werwolf	werwolves
weta	weta
whaanau	whaanau
whaleman	whalemen
whalerman	whalermen
whalesman	whalesmen
whanau	whanau
whapuka	whapuka
whapuku	whapuku
whare	whare
wharepuni	wharepuni
wharf	wharves
wharfman	wharfmen
wheatsheaf	wheatsheaves
wheelman	wheelmen
wheelperson	wheelpeople
wheelsman	wheelsmen
wheelstanding	i
wheelwoman	wheelwomen
whereabouts	whereabouts
wherryman	wherrymen
whf	whvs
whipman	whipmen
whipsman	whipsmen
whitebass	whitebass
whiz	whizzes
whoman	whomen
whoreman	whoremen
whsmn	whsmn
why	whys
whānau	whānau
wicked	the wicked
widowman	widowmen
wife	wives
wigman	wigmen
wilamowitzianus	wilamowitziani
wildebeest	wildebeest
wildman	wildmen
willies	the willies
winchman	winchmen
windigo	windigo
windowman	windowmen
wingman	wingmen
wingwoman	wingwomen
winnebago	winnebagoes
winzeman	winzemen
wireman	wiremen
wiseman	wisemen
wisewoman	wisewomen
witchcraftsman	witchcraftsmen
witchman	witchmen
witchwoman	witchwomen
wiz	wizzes
woadman	woadmen
wokefish	wokefish
wolf	wolves
wolfkin	wolfkin
wolfman	wolfmen
wolfwoman	wolfwomen
woman	women
womanchild	womanchildren
womban	womben
wombchild	wombchildren
wombman	wombmen
wombyn	wombyn
womin	wimin
wommin	wimmin
wommon	womyn
womxn	womxn
womyn	womyn
won	won
wonderchild	wonderchildren
wonsam	wonsam
wonton	wonton
woodcock	woodcock
woodcraftman	woodcraftmen
woodcraftsman	woodcraftsmen
woodelf	woodelves
woodlouse	woodlice
woodman	woodmen
woodmouse	woodmice
woodsman	woodsmen
woodswoman	woodswomen
woodwoman	woodwomen
woodworks	woodworks
woolman	woolmen
woolsedge	woolsedgees
woolworks	woolworks
woperchild	woperchildren
wordman	wordmen
wordsman	wordsmen
workingman	workingmen
workingwoman	workingwomen
workman	workmen
works	works
workwoman	workwomen
worryguts	worryguts
worthyman	worthymen
wpm	wpm
wrenchman	wrenchmen
wumao	wumao
wumman	wummen
wunderkind	wunderkinder
wunderwaffe	wunderwaffen
wunkus	wunki
wus	wusses
wyfe	wyves
wānanga	wānanga
xanthomatosis	xanthomatoses
xanthosis	xanthoses
xenan	xenen
xenismos	xenismoi
xenium	xenia
xenodiagnosis	xenodiagnoses
xenodocheion	xenodocheia
xenodocheum	xenodochea
xenodochium	xenodochia
xenogenesis	xenogeneses
xenopericardium	xenopericardia
xenozoonosis	xenozoonoses
xeransis	xeranses
xerosis	xeroses
xianbing	xianbing
xiaolongbao	xiaolongbao
xiehouyu	xiehouyu
xiphias	xiphias
xiphisternum	xiphisterna
xiphopagus	xiphopagi
xiucai	xiucai
xoanon	xoana
xu	xu
xylarium	xylaria
xylon	xyla
xylopodium	xylopodia
xylospongium	xylospongia
xylostroma	xylostromata
xystarch	xystarchs
xystos	xystoi
xystum	xysta
xystus	xysti
yachtman	yachtmen
yachtsman	yachtsmen
yachtswoman	yachtswomen
yagura	yagura
yaguranage	yaguranage
yak	yak
yakata	yakata
yakin	yakin
yakitori	yakitori
yakman	yakmen
yaku	yaku
yakuza	yakuza
yamabushi	yamabushi
yamamai	yamamai
yamamomo	yamamomo
yanyuedao	yanyuedao
yaoi	yaoi
yardfowl	yardfowl
yardman	yardmen
yardsman	yardsmen
yari	yari
yashiro	yashiro
yawlsman	yawlsmen
yearman	yearmen
yearsman	yearsmen
yecch	yecchs
yech	yechs
yeggman	yeggmen
yellowfin	yellowfin
yellowlegs	yellowlegs
yellowman	yellowmen
yellowshanks	yellowshanks
yellowshins	yellowshins
yeman	yemen
yen	yen
yeoman	yeomen
yeoryeong	yeoryeong
yeowoman	yeowomen
yersiniosis	yersinioses
yesman	yesmen
yeswoman	yeswomen
yeti	yeti
yewzh	yewzhes
yid	yidden
yimby	yimbys
yiros	yiros
yo	yo
yobidashi	yobidashi
yobimodoshi	yobimodoshi
yokai	yokai
yokan	yokan
yonsei	yonsei
yooj	yoojes
yoozh	yoozhes
yored	yordim
yoriki	yoriki
yorikiri	yorikiri
yoritaoshi	yoritaoshi
yosuzume	yosuzume
yottahertz	yottahertz
youkai	youkai
young	young
youngman	youngmen
youthman	youthmen
youtiao	youtiao
youzh	youzhes
ypogegrammeni	ypogegrammeni
yu	yu
yuan	yuan
yuanbao	yuanbao
yue	yue
yueqin	yueqin
yugarie	yugarie
yukar	yukar
yukata	yukata
yumoji	yumoji
yunnanozoan	yunnanozoa
yurei	yurei
yuzh	yuzhes
yōkai	yōkai
yōkan	yōkan
zaibatsu	zaibatsu
zaisu	zaisu
zalat	zalat
zampone	zamponi
zanfirico	zanfirici
zapiekanka	zapiekanki
zapiekanki	zapiekanki
zavah	zavot
zduhać	zduhaći
zebra	zebra
zelatrix	zelatrices
zellij	zellijes
zeppola	zeppole
zerohedron	zerohedra
zetaproteobacterium	zetaproteobacteria
zeugita	zeugitae
zeugma	zeugmata
zeugopodium	zeugopodia
zhen	zhen
zhenniao	zhenniao
zhiqing	zhiqing
zhonghu	zhonghu
zhoozh	zhoozhes
zhu	zhu
zhuangyuan	zhuangyuan
zhuihu	zhuihu
zhuiqin	zhuiqin
zhuzh	zhuzhes
ziege	ziege
zig	zig
zij	zijes
zillij	zillijes
zimbi	zimbi
zimrah	zemirot
zincworks	zincworks
zloty	zloty
zmijovka	zmijovky
zoarium	zoaria
zoea	zoeae
zoecium	zoecia
zongdu	zongdu
zongzi	zongzi
zonohedron	zonohedra
zonula	zonulae
zooanthroponosis	zooanthroponoses
zooarium	zooaria
zoocecidium	zoocecidia
zoocenosis	zoocenoses
zoochlorella	zoochlorellae
zoocytium	zoocytia
zoodendrium	zoodendria
zoodetritus	zoodetritus
zooecium	zooecia
zoogonidangium	zoogonidangia
zoogonidium	zoogonidia
zoomorphosis	zoomorphoses
zoon	zoa
zoonosis	zoonoses
zoophorus	zoophori
zoosporangium	zoosporangia
zoothecium	zoothecia
zooxanthella	zooxanthellae
zori	zori
zotheca	zothecae
zoöcytium	zoöcytia
zoödendrium	zoödendria
zoöglœa	zoöglœæ
zoön	zoa
zoönosis	zoönoses
zoösporangium	zoösporangia
zoœcium	zoœcia
zubuneri	zubuneri
zucchina	zucchine
zucchino	zucchini
zulm	-
zuz	zuzim
zveno	zvenya
zwischenschach	zwischenschachs
zygantrum	zygantra
zygapophysis	zygapophyses
zygobranch	zygobranchs
zygocactus	zygocacti
zygomaticoauricularis	zygomaticoauriculares
zygomaticomandibularis	zygomaticomandibulares
zygomaticotemporalis	zygomaticotemporales
zygomaticus	zygomatici
zygomaxillare	zygomaxillaria
zygomycosis	zygomycoses
zygon	zyga
zygopodium	zygopodia
zygopophysis	zygopophyses
zygopteron	zygoptera
zygosis	zygoses
zygosporangium	zygosporangia
zymosis	zymoses
złoty	złoty
zōri	zōri
æcidium	æcidia
æcium	æcia
ægagrus	ægagri
ægis	ægides
æquilibrium	æquilibria
æsc	æscas
æsthesia	æsthesiæ
æsthesis	æstheses
æsthetics	æsthetics
æthalium	æthalia
øre	øre
überman	übermen
übermensch	übermenschen
üntermensch	üntermenschen
čvarak	čvarci
đồng	đồng
ġbejna	ġbejniet
ōdachi	ōdachi
ōzeki	ōzeki
œnophorum	œnophora
œsophagus	œsophagi
ʻokina	ʻokina
ʻukulele	ʻukulele
ḳinah	ḳinot
ḻarrakitj	ḻarrakitj
